{"location_id": "11929798", "name": "Olympia Family Theater", "web_url": "https://www.tripadvisor.com/Attraction_Review-g58653-d11929798-Reviews-Olympia_Family_Theater-Olympia_Washington.html?m=66827", "address_obj": {"street1": "612 4th Ave E", "city": "Olympia", "state": "Washington", "country": "United States", "postalcode": "98501-1113", "address_string": "612 4th Ave E, Olympia, WA 98501-1113"}, "ancestors": [{"level": "City", "name": "Olympia", "location_id": "58653"}, {"abbrv": "WA", "level": "State", "name": "Washington", "location_id": "28968"}, {"level": "Country", "name": "United States", "location_id": "191"}], "latitude": "47.04538", "longitude": "-122.89527", "timezone": "America/Los_Angeles", "phone": "+1 360-570-1638", "website": "http://olyft.org", "write_review": "https://www.tripadvisor.com/UserReview-g58653-d11929798-Olympia_Family_Theater-Olympia_Washington.html?m=66827", "ranking_data": {"geo_location_id": "58653", "ranking_string": "#44 of 94 things to do in Olympia", "geo_location_name": "Olympia", "ranking_out_of": "94", "ranking": "44"}, "rating": "5.0", "rating_image_url": "https://www.tripadvisor.com/img/cdsi/img2/ratings/traveler/5.0-66827-5.svg", "num_reviews": "1", "review_rating_count": {"1": "0", "2": "0", "3": "0", "4": "0", "5": "1"}, "photo_count": "0", "see_all_photos": "https://www.tripadvisor.com/Attraction_Review-g58653-d11929798-m66827-Reviews-Olympia_Family_Theater-Olympia_Washington.html#photos", "category": {"name": "attraction", "localized_name": "Attraction"}, "subcategory": [{"name": "theater_concerts", "localized_name": "Concerts & Shows"}, {"name": "activities", "localized_name": "Activities"}], "groups": [{"name": "Concerts & Shows", "localized_name": "Concerts & Shows", "categories": [{"name": "Theaters", "localized_name": "Theaters"}]}], "neighborhood_info": [], "trip_types": [{"name": "business", "localized_name": "Business", "value": "0"}, {"name": "couples", "localized_name": "Couples", "value": "0"}, {"name": "solo", "localized_name": "Solo travel", "value": "0"}, {"name": "family", "localized_name": "Family", "value": "0"}, {"name": "friends", "localized_name": "Friends getaway", "value": "1"}], "awards": []}