{"location_id": "25495383", "name": "Pho Than Brothers", "web_url": "https://www.tripadvisor.com/Restaurant_Review-g58775-d25495383-Reviews-Pho_Than_Brothers-Tacoma_Washington.html?m=66827", "address_obj": {"street1": "1712 Pacific Avenue", "city": "Tacoma", "state": "Washington", "country": "United States", "postalcode": "98402", "address_string": "1712 Pacific Avenue, Tacoma, WA 98402"}, "ancestors": [{"level": "City", "name": "Tacoma", "location_id": "58775"}, {"abbrv": "WA", "level": "State", "name": "Washington", "location_id": "28968"}, {"level": "Country", "name": "United States", "location_id": "191"}], "latitude": "47.246426", "longitude": "-122.43736", "timezone": "America/Los_Angeles", "phone": "+1 253-272-2249", "website": "http://www.thanbrothers.com", "write_review": "https://www.tripadvisor.com/UserReview-g58775-d25495383-Pho_Than_Brothers-Tacoma_Washington.html?m=66827", "ranking_data": {"geo_location_id": "58775", "ranking_string": "#453 of 837 Places to Eat in Tacoma", "geo_location_name": "Tacoma", "ranking_out_of": "837", "ranking": "453"}, "rating": "2.0", "rating_image_url": "https://www.tripadvisor.com/img/cdsi/img2/ratings/traveler/2.0-66827-5.svg", "num_reviews": "1", "review_rating_count": {"1": "0", "2": "1", "3": "0", "4": "0", "5": "0"}, "subratings": {"0": {"name": "rate_atmosphere", "localized_name": "Atmosphere", "rating_image_url": "https://static.tacdn.com/img2/ratings/traveler/ss3.0.svg", "value": "3.0"}, "1": {"name": "rate_food", "localized_name": "Food", "rating_image_url": "https://static.tacdn.com/img2/ratings/traveler/ss2.0.svg", "value": "2.0"}, "2": {"name": "rate_service", "localized_name": "Service", "rating_image_url": "https://static.tacdn.com/img2/ratings/traveler/ss5.0.svg", "value": "5.0"}, "3": {"name": "rate_value", "localized_name": "Value", "rating_image_url": "https://static.tacdn.com/img2/ratings/traveler/ss2.0.svg", "value": "2.0"}}, "photo_count": "1", "see_all_photos": "https://www.tripadvisor.com/Restaurant_Review-g58775-d25495383-m66827-Reviews-Pho_Than_Brothers-Tacoma_Washington.html#photos", "features": [], "cuisine": [], "category": {"name": "restaurant", "localized_name": "Restaurant"}, "subcategory": [], "neighborhood_info": [], "trip_types": [{"name": "business", "localized_name": "Business", "value": "0"}, {"name": "couples", "localized_name": "Couples", "value": "0"}, {"name": "solo", "localized_name": "Solo travel", "value": "1"}, {"name": "family", "localized_name": "Family", "value": "0"}, {"name": "friends", "localized_name": "Friends getaway", "value": "0"}], "awards": []}