{"location_id": "10065713", "name": "Satori", "description": "Satori is located in downtown Tacoma and offers: contemporary apparel, accessories, gifts. A planting station is also set up in store for customers to create their own terrariums and pot plants or cut flowers. Men's apparel is coming this summer!", "web_url": "https://www.tripadvisor.com/Attraction_Review-g58775-d10065713-Reviews-Satori-Tacoma_Washington.html?m=66827", "address_obj": {"street1": "1734 Pacific Ave", "city": "Tacoma", "state": "Washington", "country": "United States", "postalcode": "98402-3215", "address_string": "1734 Pacific Ave, Tacoma, WA 98402-3215"}, "ancestors": [{"level": "City", "name": "Tacoma", "location_id": "58775"}, {"abbrv": "WA", "level": "State", "name": "Washington", "location_id": "28968"}, {"level": "Country", "name": "United States", "location_id": "191"}], "latitude": "47.2464", "longitude": "-122.43714", "timezone": "America/Los_Angeles", "email": "satoriboutique@outlook.com", "phone": "+1 253-272-0910", "website": "http://www.satori-boutique.com", "write_review": "https://www.tripadvisor.com/UserReview-g58775-d10065713-Satori-Tacoma_Washington.html?m=66827", "num_reviews": "0", "photo_count": "1", "see_all_photos": "https://www.tripadvisor.com/Attraction_Review-g58775-d10065713-m66827-Reviews-Satori-Tacoma_Washington.html#photos", "category": {"name": "attraction", "localized_name": "Attraction"}, "subcategory": [{"name": "shopping", "localized_name": "Shopping"}], "groups": [{"name": "Shopping", "localized_name": "Shopping", "categories": [{"name": "Gift & Specialty Shops", "localized_name": "Gift & Specialty Shops"}]}], "neighborhood_info": [], "trip_types": [{"name": "business", "localized_name": "Business", "value": "0"}, {"name": "couples", "localized_name": "Couples", "value": "0"}, {"name": "solo", "localized_name": "Solo travel", "value": "0"}, {"name": "family", "localized_name": "Family", "value": "0"}, {"name": "friends", "localized_name": "Friends getaway", "value": "0"}], "awards": []}