{"location_id": "4820395", "name": "Bubbles", "description": "We are a small family owned and ran business in Tacoma, WA. We have been operating going on 10+ years! Our goal is to provide excellent friendly service along with a great cup of tea!", "web_url": "https://www.tripadvisor.com/Restaurant_Review-g58775-d4820395-Reviews-Bubbles-Tacoma_Washington.html?m=66827", "address_obj": {"street1": "1724 Pacific Ave", "street2": "University of Washington Tacoma", "city": "Tacoma", "state": "Washington", "country": "United States", "postalcode": "98402-3215", "address_string": "1724 Pacific Ave University of Washington Tacoma, Tacoma, WA 98402-3215"}, "ancestors": [{"level": "City", "name": "Tacoma", "location_id": "58775"}, {"abbrv": "WA", "level": "State", "name": "Washington", "location_id": "28968"}, {"level": "Country", "name": "United States", "location_id": "191"}], "latitude": "47.24614", "longitude": "-122.43723", "timezone": "America/Los_Angeles", "email": "hf.bubbles@gmail.com", "phone": "+1 253-627-2111", "website": "https://www.facebook.com/BubblesUWT/", "write_review": "https://www.tripadvisor.com/UserReview-g58775-d4820395-Bubbles-Tacoma_Washington.html?m=66827", "ranking_data": {"geo_location_id": "58775", "ranking_string": "#252 of 837 Places to Eat in Tacoma", "geo_location_name": "Tacoma", "ranking_out_of": "837", "ranking": "252"}, "rating": "3.8", "rating_image_url": "https://www.tripadvisor.com/img/cdsi/img2/ratings/traveler/4.0-66827-5.svg", "num_reviews": "12", "review_rating_count": {"1": "2", "2": "0", "3": "1", "4": "4", "5": "5"}, "subratings": {"0": {"name": "rate_food", "localized_name": "Food", "rating_image_url": "https://static.tacdn.com/img2/ratings/traveler/ss4.0.svg", "value": "4.0"}, "1": {"name": "rate_service", "localized_name": "Service", "rating_image_url": "https://static.tacdn.com/img2/ratings/traveler/ss5.0.svg", "value": "5.0"}, "2": {"name": "rate_value", "localized_name": "Value", "rating_image_url": "https://static.tacdn.com/img2/ratings/traveler/ss4.0.svg", "value": "4.0"}}, "photo_count": "5", "see_all_photos": "https://www.tripadvisor.com/Restaurant_Review-g58775-d4820395-m66827-Reviews-Bubbles-Tacoma_Washington.html#photos", "price_level": "$", "hours": {"periods": [{"open": {"day": 2, "time": "1000"}, "close": {"day": 2, "time": "1800"}}, {"open": {"day": 3, "time": "1000"}, "close": {"day": 3, "time": "1800"}}, {"open": {"day": 4, "time": "1000"}, "close": {"day": 4, "time": "1800"}}, {"open": {"day": 5, "time": "1000"}, "close": {"day": 5, "time": "1800"}}, {"open": {"day": 6, "time": "1000"}, "close": {"day": 6, "time": "1800"}}], "weekday_text": ["Monday: Closed", "Tuesday: 10:00 - 18:00", "Wednesday: 10:00 - 18:00", "Thursday: 10:00 - 18:00", "Friday: 10:00 - 18:00", "Saturday: 10:00 - 18:00", "Sunday: Closed"]}, "features": ["American Express", "Accepts Credit Cards", "Discover", "Mastercard", "Visa", "Delivery", "Digital Payments", "Outdoor Seating", "Street Parking", "Takeout", "Wheelchair Accessible"], "cuisine": [{"name": "asian", "localized_name": "Asian"}, {"name": "taiwanese", "localized_name": "Taiwanese"}], "category": {"name": "restaurant", "localized_name": "Restaurant"}, "subcategory": [{"name": "sit_down", "localized_name": "Sit down"}], "neighborhood_info": [], "trip_types": [{"name": "business", "localized_name": "Business", "value": "1"}, {"name": "couples", "localized_name": "Couples", "value": "1"}, {"name": "solo", "localized_name": "Solo travel", "value": "1"}, {"name": "family", "localized_name": "Family", "value": "5"}, {"name": "friends", "localized_name": "Friends getaway", "value": "3"}], "awards": []}