{"data": [{"id": 177692949, "is_blessed": false, "caption": "getlstd_property_photo", "published_date": "2016-03-14T20:58:36.367Z", "images": {"thumbnail": {"height": 50, "width": 50, "url": "https://media-cdn.tripadvisor.com/media/photo-t/0a/97/61/15/getlstd-property-photo.jpg"}, "small": {"height": 150, "width": 150, "url": "https://media-cdn.tripadvisor.com/media/photo-l/0a/97/61/15/getlstd-property-photo.jpg"}, "medium": {"height": 188, "width": 250, "url": "https://media-cdn.tripadvisor.com/media/photo-f/0a/97/61/15/getlstd-property-photo.jpg"}, "large": {"height": 412, "width": 550, "url": "https://media-cdn.tripadvisor.com/media/photo-s/0a/97/61/15/getlstd-property-photo.jpg"}, "original": {"height": 1125, "width": 1500, "url": "https://media-cdn.tripadvisor.com/media/photo-o/0a/97/61/15/getlstd-property-photo.jpg"}}, "album": "Other", "source": {"name": "Management", "localized_name": "Management"}}]}