{"location_id": "5101291", "name": "Charlie's Bar & Grill", "description": "Welcome To Charlie's Bar & Grill! We are a sports bar and grill located in Olympia, WA serving lunch, and dinner, including appetizers, gourmet burgers and sandwiches, steak and seafood, pasta, and a wide array of salads and nightly specials. Annually, we host a series of concerts for Lakefair weekend and select events and music throughout the year.", "web_url": "https://www.tripadvisor.com/Restaurant_Review-g58653-d5101291-Reviews-Charlie_s_Bar_Grill-Olympia_Washington.html?m=66827", "address_obj": {"street1": "620 4th Ave E", "city": "Olympia", "state": "Washington", "country": "United States", "postalcode": "98501-1113", "address_string": "620 4th Ave E, Olympia, WA 98501-1113"}, "ancestors": [{"level": "City", "name": "Olympia", "location_id": "58653"}, {"abbrv": "WA", "level": "State", "name": "Washington", "location_id": "28968"}, {"level": "Country", "name": "United States", "location_id": "191"}], "latitude": "47.04555", "longitude": "-122.89462", "timezone": "America/Los_Angeles", "email": "info@charlieson4th.com", "phone": "+1 360-786-8181", "website": "http://charlieson4th.com/", "write_review": "https://www.tripadvisor.com/UserReview-g58653-d5101291-Charlie_s_Bar_Grill-Olympia_Washington.html?m=66827", "ranking_data": {"geo_location_id": "58653", "ranking_string": "#122 of 356 Places to Eat in Olympia", "geo_location_name": "Olympia", "ranking_out_of": "356", "ranking": "122"}, "rating": "3.7", "rating_image_url": "https://www.tripadvisor.com/img/cdsi/img2/ratings/traveler/3.5-66827-5.svg", "num_reviews": "11", "review_rating_count": {"1": "0", "2": "2", "3": "2", "4": "4", "5": "3"}, "subratings": {"0": {"name": "rate_food", "localized_name": "Food", "rating_image_url": "https://static.tacdn.com/img2/ratings/traveler/ss3.5.svg", "value": "3.6"}, "1": {"name": "rate_atmosphere", "localized_name": "Atmosphere", "rating_image_url": "https://static.tacdn.com/img2/ratings/traveler/ss3.5.svg", "value": "3.5"}, "2": {"name": "rate_service", "localized_name": "Service", "rating_image_url": "https://static.tacdn.com/img2/ratings/traveler/ss3.5.svg", "value": "3.5"}, "3": {"name": "rate_value", "localized_name": "Value", "rating_image_url": "https://static.tacdn.com/img2/ratings/traveler/ss4.0.svg", "value": "3.9"}}, "photo_count": "0", "see_all_photos": "https://www.tripadvisor.com/Restaurant_Review-g58653-d5101291-m66827-Reviews-Charlie_s_Bar_Grill-Olympia_Washington.html#photos", "price_level": "$$ - $$$", "hours": {"periods": [{"open": {"day": 1, "time": "1100"}, "close": {"day": 1, "time": "2300"}}, {"open": {"day": 2, "time": "1100"}, "close": {"day": 2, "time": "2300"}}, {"open": {"day": 3, "time": "1100"}, "close": {"day": 3, "time": "2300"}}, {"open": {"day": 4, "time": "1100"}, "close": {"day": 4, "time": "2300"}}, {"open": {"day": 5, "time": "1100"}, "close": {"day": 5, "time": "0000"}}, {"open": {"day": 6, "time": "1100"}, "close": {"day": 6, "time": "0000"}}, {"open": {"day": 7, "time": "1100"}, "close": {"day": 7, "time": "2300"}}], "weekday_text": ["Monday: 11:00 - 23:00", "Tuesday: 11:00 - 23:00", "Wednesday: 11:00 - 23:00", "Thursday: 11:00 - 23:00", "Friday: 11:00 - 00:00", "Saturday: 11:00 - 00:00", "Sunday: 11:00 - 23:00"]}, "features": ["Seating", "Wheelchair Accessible"], "cuisine": [{"name": "bar", "localized_name": "Bar"}, {"name": "pub", "localized_name": "Pub"}], "category": {"name": "restaurant", "localized_name": "Restaurant"}, "subcategory": [], "neighborhood_info": [], "trip_types": [{"name": "business", "localized_name": "Business", "value": "0"}, {"name": "couples", "localized_name": "Couples", "value": "2"}, {"name": "solo", "localized_name": "Solo travel", "value": "1"}, {"name": "family", "localized_name": "Family", "value": "3"}, {"name": "friends", "localized_name": "Friends getaway", "value": "4"}], "awards": []}