{"location_id": "27037052", "name": "Women Painters of Washington Gallery", "web_url": "https://www.tripadvisor.com/Attraction_Review-g60878-d27037052-Reviews-Women_Painters_of_Washington_Gallery-Seattle_Washington.html?m=66827", "address_obj": {"street1": "701 5th Ave", "city": "Seattle", "state": "Washington", "country": "United States", "postalcode": "98104-1952", "address_string": "701 5th Ave, Seattle, WA 98104-1952"}, "ancestors": [{"level": "City", "name": "Seattle", "location_id": "60878"}, {"abbrv": "WA", "level": "State", "name": "Washington", "location_id": "28968"}, {"level": "Country", "name": "United States", "location_id": "191"}], "latitude": "47.604435", "longitude": "-122.33075", "timezone": "America/Los_Angeles", "phone": "+1 206-624-0543", "website": "https://www.facebook.com/448698231913420", "write_review": "https://www.tripadvisor.com/UserReview-g60878-d27037052-Women_Painters_of_Washington_Gallery-Seattle_Washington.html?m=66827", "num_reviews": "0", "photo_count": "0", "see_all_photos": "https://www.tripadvisor.com/Attraction_Review-g60878-d27037052-m66827-Reviews-Women_Painters_of_Washington_Gallery-Seattle_Washington.html#photos", "category": {"name": "attraction", "localized_name": "Attraction"}, "subcategory": [{"name": "shopping", "localized_name": "Shopping"}, {"name": "museums", "localized_name": "Museums"}, {"name": "attractions", "localized_name": "Attractions"}], "groups": [{"name": "Shopping", "localized_name": "Shopping", "categories": [{"name": "Art Galleries", "localized_name": "Art Galleries"}]}, {"name": "Museums", "localized_name": "Museums", "categories": [{"name": "Art Galleries", "localized_name": "Art Galleries"}]}], "neighborhood_info": [], "trip_types": [{"name": "business", "localized_name": "Business", "value": "0"}, {"name": "couples", "localized_name": "Couples", "value": "0"}, {"name": "solo", "localized_name": "Solo travel", "value": "0"}, {"name": "family", "localized_name": "Family", "value": "0"}, {"name": "friends", "localized_name": "Friends getaway", "value": "0"}], "awards": []}