{"location_id": "26370187", "name": "Ballaura Wellness Spa", "description": "From the beginning, Ballaura has focused on one thing: simply offering the best, most experienced massage therapy around. Starting with a team of genuinely caring massage therapists, we\u2019re industry leaders in providing space for peace and happiness that sustains and supports you long after you return to wherever your life takes you. Each one of us is unique, and massage should span the spectrum of healing for all of us. Because the best massage means something different for everyone. We help you create the massage experience that meets you where you\u2019re at, where you get all the extras for no extra cost. We specialize in many styles and methods of massage, and we have a full team of LMTs with a variety of skills and personalities to match you. Because we are a spa specializing in massage, we have the experience and scientific knowledge to find what\u2019s best for you. Ballaura\u2019s community of both clients and massage therapists thrives today because of a shared value in nourishing the body and following your own path to recovery. Ballaura is female-owned and locally-owned, which means we understand the power of connection to our community. We truly believe that massage creates genuine healing and greater health. Massage is a powerful thing, and through it, we empower you to find your own path towards wellness.", "web_url": "https://www.tripadvisor.com/Attraction_Review-g58653-d26370187-Reviews-Ballaura_Wellness_Spa-Olympia_Washington.html?m=66827", "address_obj": {"street1": "1017 4th ave E", "city": "Olympia", "state": "Washington", "country": "United States", "postalcode": "98506", "address_string": "1017 4th ave E, Olympia, WA 98506"}, "ancestors": [{"level": "City", "name": "Olympia", "location_id": "58653"}, {"abbrv": "WA", "level": "State", "name": "Washington", "location_id": "28968"}, {"level": "Country", "name": "United States", "location_id": "191"}], "latitude": "47.04557", "longitude": "-122.88903", "timezone": "America/Los_Angeles", "email": "relax@ballaura.com", "phone": "+1 360-539-7726", "website": "https://ballaura.com/", "write_review": "https://www.tripadvisor.com/UserReview-g58653-d26370187-Ballaura_Wellness_Spa-Olympia_Washington.html?m=66827", "ranking_data": {"geo_location_id": "58653", "ranking_string": "#2 of 27 Spas &amp; Wellness in Olympia", "geo_location_name": "Olympia", "ranking_out_of": "27", "ranking": "2"}, "rating": "5.0", "rating_image_url": "https://www.tripadvisor.com/img/cdsi/img2/ratings/traveler/5.0-66827-5.svg", "num_reviews": "5", "review_rating_count": {"1": "0", "2": "0", "3": "0", "4": "0", "5": "5"}, "photo_count": "26", "see_all_photos": "https://www.tripadvisor.com/Attraction_Review-g58653-d26370187-m66827-Reviews-Ballaura_Wellness_Spa-Olympia_Washington.html#photos", "hours": {"periods": [{"open": {"day": 1, "time": "0830"}, "close": {"day": 1, "time": "2100"}}, {"open": {"day": 2, "time": "0830"}, "close": {"day": 2, "time": "2100"}}, {"open": {"day": 3, "time": "0830"}, "close": {"day": 3, "time": "2100"}}, {"open": {"day": 4, "time": "0830"}, "close": {"day": 4, "time": "2100"}}, {"open": {"day": 5, "time": "0830"}, "close": {"day": 5, "time": "2100"}}, {"open": {"day": 6, "time": "0930"}, "close": {"day": 6, "time": "2130"}}, {"open": {"day": 7, "time": "0930"}, "close": {"day": 7, "time": "2130"}}], "weekday_text": ["Monday: 08:30 - 21:00", "Tuesday: 08:30 - 21:00", "Wednesday: 08:30 - 21:00", "Thursday: 08:30 - 21:00", "Friday: 08:30 - 21:00", "Saturday: 09:30 - 21:30", "Sunday: 09:30 - 21:30"]}, "category": {"name": "attraction", "localized_name": "Attraction"}, "subcategory": [{"name": "wellness_spas", "localized_name": "Spas & Wellness"}, {"name": "activities", "localized_name": "Activities"}], "groups": [{"name": "Spas & Wellness", "localized_name": "Spas & Wellness", "categories": [{"name": "Spas", "localized_name": "Spas"}]}], "neighborhood_info": [], "trip_types": [{"name": "business", "localized_name": "Business", "value": "0"}, {"name": "couples", "localized_name": "Couples", "value": "0"}, {"name": "solo", "localized_name": "Solo travel", "value": "5"}, {"name": "family", "localized_name": "Family", "value": "0"}, {"name": "friends", "localized_name": "Friends getaway", "value": "0"}], "awards": []}