{"location_id": "677260", "name": "The Arctic Club Seattle - A Doubletree By Hilton Hotel", "description": "Enjoy a stay at the AAA 4-Diamond Award-winning Arctic Club Seattle - a DoubleTree y Hilton Hotel conveniently situated downtown Seattle hotel - located within walking distance of local attractions like Pioneer Square  and Pike Place Market. Travel on the light rail system from nearby Pioneer Square station to many areas in and around Seattle. \n\nThis tastefully decorated Seattle hotel offers a unique experience echoing the post-Klondike gold rush days of the early 1900s. It also offers modern facilities to business and leisure travelers alike, including wireless high-speed internet access and 5,700 sq. ft. of meeting and event space. Wine and dine in style and at your convenience at the Arctic Club Seattle - a DoubleTree by Hilton Hotel. \n\nJoin us at JUNO restaurant, serving freshly prepared seasonal menu items with a Northwest influence and casual urban fare daily.", "web_url": "https://www.tripadvisor.com/Hotel_Review-g60878-d677260-Reviews-The_Arctic_Club_Seattle_A_Doubletree_By_Hilton_Hotel-Seattle_Washington.html?m=66827", "address_obj": {"street1": "700 3rd Ave.", "street2": "", "city": "Seattle", "state": "Washington", "country": "United States", "postalcode": "98104", "address_string": "700 3rd Ave., Seattle, WA 98104"}, "ancestors": [{"level": "City", "name": "Seattle", "location_id": "60878"}, {"abbrv": "WA", "level": "State", "name": "Washington", "location_id": "28968"}, {"level": "Country", "name": "United States", "location_id": "191"}], "latitude": "47.60381", "longitude": "-122.33199", "timezone": "America/Los_Angeles", "phone": "2067769090", "write_review": "https://www.tripadvisor.com/UserReview-g60878-d677260-The_Arctic_Club_Seattle_A_Doubletree_By_Hilton_Hotel-Seattle_Washington.html?m=66827", "ranking_data": {"geo_location_id": "60878", "ranking_string": "#12 of 118 hotels in Seattle", "geo_location_name": "Seattle", "ranking_out_of": "118", "ranking": "12"}, "rating": "4.4", "rating_image_url": "https://www.tripadvisor.com/img/cdsi/img2/ratings/traveler/4.5-66827-5.svg", "num_reviews": "2661", "review_rating_count": {"1": "57", "2": "76", "3": "204", "4": "612", "5": "1712"}, "subratings": {"0": {"name": "rate_sleep", "localized_name": "Sleep Quality", "rating_image_url": "https://static.tacdn.com/img2/ratings/traveler/ss4.5.svg", "value": "4.5"}, "1": {"name": "rate_location", "localized_name": "Location", "rating_image_url": "https://static.tacdn.com/img2/ratings/traveler/ss4.5.svg", "value": "4.4"}, "2": {"name": "rate_room", "localized_name": "Rooms", "rating_image_url": "https://static.tacdn.com/img2/ratings/traveler/ss4.5.svg", "value": "4.5"}, "3": {"name": "rate_service", "localized_name": "Service", "rating_image_url": "https://static.tacdn.com/img2/ratings/traveler/ss4.5.svg", "value": "4.6"}, "4": {"name": "rate_value", "localized_name": "Value", "rating_image_url": "https://static.tacdn.com/img2/ratings/traveler/ss4.0.svg", "value": "4.2"}, "5": {"name": "rate_cleanliness", "localized_name": "Cleanliness", "rating_image_url": "https://static.tacdn.com/img2/ratings/traveler/ss4.5.svg", "value": "4.7"}}, "photo_count": "933", "see_all_photos": "https://www.tripadvisor.com/Hotel_Review-g60878-d677260-m66827-Reviews-The_Arctic_Club_Seattle_A_Doubletree_By_Hilton_Hotel-Seattle_Washington.html#photos", "price_level": "$$$$", "hours": {"periods": [{"open": {"day": 1, "time": "0000"}, "close": {"day": 1, "time": "0000"}}, {"open": {"day": 2, "time": "0000"}, "close": {"day": 2, "time": "0000"}}, {"open": {"day": 3, "time": "0000"}, "close": {"day": 3, "time": "0000"}}, {"open": {"day": 4, "time": "0000"}, "close": {"day": 4, "time": "0000"}}, {"open": {"day": 5, "time": "0000"}, "close": {"day": 5, "time": "0000"}}, {"open": {"day": 6, "time": "0000"}, "close": {"day": 6, "time": "0000"}}, {"open": {"day": 7, "time": "0000"}, "close": {"day": 7, "time": "0000"}}], "weekday_text": ["Monday: 00:00 - 00:00", "Tuesday: 00:00 - 00:00", "Wednesday: 00:00 - 00:00", "Thursday: 00:00 - 00:00", "Friday: 00:00 - 00:00", "Saturday: 00:00 - 00:00", "Sunday: 00:00 - 00:00"]}, "amenities": ["Internet", "Kids Activities", "Suites", "Room service", "Free Internet", "Wheelchair access", "Restaurant", "Bar/Lounge", "Wifi", "Public Wifi", "Free Wifi", "Paid Wifi", "Paid Internet", "Dry Cleaning", "Meeting rooms", "Non-smoking rooms", "Business center", "Fitness center", "Laundry Service", "Concierge", "Banquet Room", "Air conditioning", "Multilingual Staff", "Accessible rooms", "Refrigerator in room", "Minibar", "Conference Facilities", "Non-smoking hotel", "Safe", "Flatscreen TV", "Breakfast Available", "Facilities for Disabled Guests", "Housekeeping", "Kids Stay Free", "Baggage Storage", "Bath / Shower", "Bathrobes", "Billiards", "Blackout Curtains", "Bowling Off-site", "Bridal Suite", "Cable / Satellite TV", "24-Hour Check-in", "Express Check-in / Check-out", "Clothes Rack", "Coffee / Tea Maker", "Complimentary Tea", "Desk", "Doorperson", "Electric Kettle", "English", "First Aid Kit", "Complimentary Instant Coffee", "Complimentary Toiletries", "Free Wifi in the Business Center", "24-Hour Front Desk", "Gift Shop", "Hair Dryer", "Happy Hour", "Highchairs Available", "Interconnected room(s) available", "iPod Docking Station", "Iron", "Kid-Friendly Buffet", "Landmark View", "Laptop Safe", "Mountain View", "Newspaper", "Private Bathrooms", "Paid Private Parking On-site", "Paid Private Parking Nearby", "Radio", "Seating Area", "24-Hour Security", "Shops", "Snack Bar", "Sofa", "Spanish", "Taxi Service", "Telephone", "Tile / Marble Floor", "Umbrella", "Valet Parking", "Wake Up Service / Alarm Clock", "Walk-in Shower", "Walking Tours", "Wardrobe / Closet", "Whirlpool Bathtub", "Wine / Champagne"], "category": {"name": "hotel", "localized_name": "Hotel"}, "subcategory": [{"name": "hotel", "localized_name": "Hotel"}], "styles": ["Classic", "Historic Hotel"], "neighborhood_info": [], "trip_types": [{"name": "business", "localized_name": "Business", "value": "638"}, {"name": "couples", "localized_name": "Couples", "value": "943"}, {"name": "solo", "localized_name": "Solo travel", "value": "132"}, {"name": "family", "localized_name": "Family", "value": "344"}, {"name": "friends", "localized_name": "Friends getaway", "value": "114"}], "awards": [{"award_type": "Travelers Choice", "year": "2024", "images": {"tiny": "https://static.tacdn.com/img2/travelers_choice/widgets/tchotel_2024_L.png", "small": "https://static.tacdn.com/img2/travelers_choice/widgets/tchotel_2024_L.png", "large": "https://static.tacdn.com/img2/travelers_choice/widgets/tchotel_2024_L.png"}, "categories": [], "display_name": "Travelers Choice"}]}