{"data": [{"id": 338206758, "is_blessed": false, "caption": "The 515", "published_date": "2018-08-15T21:23:38.46Z", "images": {"thumbnail": {"height": 50, "width": 50, "url": "https://media-cdn.tripadvisor.com/media/photo-t/14/28/a0/26/the-515.jpg"}, "small": {"height": 150, "width": 150, "url": "https://media-cdn.tripadvisor.com/media/photo-l/14/28/a0/26/the-515.jpg"}, "medium": {"height": 167, "width": 250, "url": "https://media-cdn.tripadvisor.com/media/photo-f/14/28/a0/26/the-515.jpg"}, "large": {"height": 367, "width": 550, "url": "https://media-cdn.tripadvisor.com/media/photo-s/14/28/a0/26/the-515.jpg"}, "original": {"height": 853, "width": 1280, "url": "https://media-cdn.tripadvisor.com/media/photo-m/1280/14/28/a0/26/the-515.jpg"}}, "album": "Dining    ", "source": {"name": "Management", "localized_name": "Management"}, "user": {"username": "Management"}}, {"id": 124561057, "is_blessed": false, "caption": "View of Pioneer Square", "published_date": "2015-03-01T15:51:08.579Z", "images": {"thumbnail": {"height": 50, "width": 50, "url": "https://media-cdn.tripadvisor.com/media/photo-t/07/6c/a6/a1/renaissance-seattle-hotel.jpg"}, "small": {"height": 150, "width": 150, "url": "https://media-cdn.tripadvisor.com/media/photo-l/07/6c/a6/a1/renaissance-seattle-hotel.jpg"}, "medium": {"height": 166, "width": 250, "url": "https://media-cdn.tripadvisor.com/media/photo-f/07/6c/a6/a1/renaissance-seattle-hotel.jpg"}, "large": {"height": 366, "width": 550, "url": "https://media-cdn.tripadvisor.com/media/photo-s/07/6c/a6/a1/renaissance-seattle-hotel.jpg"}, "original": {"height": 400, "width": 600, "url": "https://media-cdn.tripadvisor.com/media/photo-o/07/6c/a6/a1/renaissance-seattle-hotel.jpg"}}, "album": "Hotel & Grounds", "source": {"name": "Management", "localized_name": "Management"}, "user": {"username": "Management"}}, {"id": 124561055, "is_blessed": false, "caption": "View of Smith Tower", "published_date": "2015-03-01T15:51:07.623Z", "images": {"thumbnail": {"height": 50, "width": 50, "url": "https://media-cdn.tripadvisor.com/media/photo-t/07/6c/a6/9f/renaissance-seattle-hotel.jpg"}, "medium": {"height": 205, "width": 136, "url": "https://media-cdn.tripadvisor.com/media/photo-f/07/6c/a6/9f/renaissance-seattle-hotel.jpg"}, "small": {"height": 150, "width": 150, "url": "https://media-cdn.tripadvisor.com/media/photo-l/07/6c/a6/9f/renaissance-seattle-hotel.jpg"}, "large": {"height": 450, "width": 300, "url": "https://media-cdn.tripadvisor.com/media/photo-s/07/6c/a6/9f/renaissance-seattle-hotel.jpg"}, "original": {"height": 600, "width": 400, "url": "https://media-cdn.tripadvisor.com/media/photo-o/07/6c/a6/9f/renaissance-seattle-hotel.jpg"}}, "album": "Other", "source": {"name": "Management", "localized_name": "Management"}, "user": {"username": "Management"}}, {"id": 124561053, "is_blessed": false, "caption": "Social Event Space", "published_date": "2015-03-01T15:51:06.965Z", "images": {"thumbnail": {"height": 50, "width": 50, "url": "https://media-cdn.tripadvisor.com/media/photo-t/07/6c/a6/9d/renaissance-seattle-hotel.jpg"}, "medium": {"height": 205, "width": 136, "url": "https://media-cdn.tripadvisor.com/media/photo-f/07/6c/a6/9d/renaissance-seattle-hotel.jpg"}, "small": {"height": 150, "width": 150, "url": "https://media-cdn.tripadvisor.com/media/photo-l/07/6c/a6/9d/renaissance-seattle-hotel.jpg"}, "large": {"height": 450, "width": 300, "url": "https://media-cdn.tripadvisor.com/media/photo-s/07/6c/a6/9d/renaissance-seattle-hotel.jpg"}, "original": {"height": 600, "width": 400, "url": "https://media-cdn.tripadvisor.com/media/photo-o/07/6c/a6/9d/renaissance-seattle-hotel.jpg"}}, "album": "Business Center/Function Rooms", "source": {"name": "Management", "localized_name": "Management"}, "user": {"username": "Management"}}]}