{"location_id": "2302556", "name": "Bandito Charters", "web_url": "https://www.tripadvisor.com/Attraction_Review-g58775-d2302556-Reviews-Bandito_Charters-Tacoma_Washington.html?m=66827", "address_obj": {"street1": "Delin Docks", "street2": "", "city": "Tacoma", "state": "Washington", "country": "United States", "postalcode": "98409", "address_string": "Delin Docks, Tacoma, WA 98409"}, "ancestors": [{"level": "City", "name": "Tacoma", "location_id": "58775"}, {"abbrv": "WA", "level": "State", "name": "Washington", "location_id": "28968"}, {"level": "Country", "name": "United States", "location_id": "191"}], "latitude": "47.23581", "longitude": "-122.43763", "timezone": "America/Los_Angeles", "email": "Banditocharters@yahoo.com", "phone": "+1 253-973-0370", "website": "http://www.banditocharters.com", "write_review": "https://www.tripadvisor.com/UserReview-g58775-d2302556-Bandito_Charters-Tacoma_Washington.html?m=66827", "ranking_data": {"geo_location_id": "58775", "ranking_string": "#3 of 7 Boat Tours &amp; Water Sports in Tacoma", "geo_location_name": "Tacoma", "ranking_out_of": "7", "ranking": "3"}, "rating": "3.8", "rating_image_url": "https://www.tripadvisor.com/img/cdsi/img2/ratings/traveler/4.0-66827-5.svg", "num_reviews": "4", "review_rating_count": {"1": "1", "2": "0", "3": "0", "4": "1", "5": "2"}, "photo_count": "1", "see_all_photos": "https://www.tripadvisor.com/Attraction_Review-g58775-d2302556-m66827-Reviews-Bandito_Charters-Tacoma_Washington.html#photos", "category": {"name": "attraction", "localized_name": "Attraction"}, "subcategory": [{"name": "boat_tours_water_sports", "localized_name": "Boat Tours & Water Sports"}, {"name": "outdoor_activities", "localized_name": "Outdoor Activities"}, {"name": "sightseeing_tours", "localized_name": "Tours"}, {"name": "activities", "localized_name": "Activities"}], "groups": [{"name": "Tours", "localized_name": "Tours", "categories": [{"name": "Boat Tours", "localized_name": "Boat Tours"}]}, {"name": "Boat Tours & Water Sports", "localized_name": "Boat Tours & Water Sports", "categories": [{"name": "Boat Tours", "localized_name": "Boat Tours"}]}, {"name": "Outdoor Activities", "localized_name": "Outdoor Activities", "categories": [{"name": "Boat Tours", "localized_name": "Boat Tours"}]}], "neighborhood_info": [], "trip_types": [{"name": "business", "localized_name": "Business", "value": "0"}, {"name": "couples", "localized_name": "Couples", "value": "0"}, {"name": "solo", "localized_name": "Solo travel", "value": "1"}, {"name": "family", "localized_name": "Family", "value": "0"}, {"name": "friends", "localized_name": "Friends getaway", "value": "2"}], "awards": []}