{"data": [{"id": 381205344, "is_blessed": false, "caption": "The interior of the beautiful State Theater.", "published_date": "2019-03-08T20:48:07.282Z", "images": {"thumbnail": {"height": 50, "width": 50, "url": "https://media-cdn.tripadvisor.com/media/photo-t/16/b8/bb/60/the-interior-of-the-beautiful.jpg"}, "small": {"height": 150, "width": 150, "url": "https://media-cdn.tripadvisor.com/media/photo-l/16/b8/bb/60/the-interior-of-the-beautiful.jpg"}, "medium": {"height": 104, "width": 250, "url": "https://media-cdn.tripadvisor.com/media/photo-f/16/b8/bb/60/the-interior-of-the-beautiful.jpg"}, "large": {"height": 228, "width": 550, "url": "https://media-cdn.tripadvisor.com/media/photo-s/16/b8/bb/60/the-interior-of-the-beautiful.jpg"}, "original": {"height": 530, "width": 1280, "url": "https://media-cdn.tripadvisor.com/media/photo-m/1280/16/b8/bb/60/the-interior-of-the-beautiful.jpg"}}, "album": "Other", "source": {"name": "Management", "localized_name": "Management"}, "user": {"username": "Management"}}, {"id": 384629721, "is_blessed": false, "caption": "A scene from the July 2015 production of \"Sixties Chicks Too.\"", "published_date": "2019-03-24T16:32:28.627Z", "images": {"thumbnail": {"height": 50, "width": 50, "url": "https://media-cdn.tripadvisor.com/media/photo-t/16/ec/fb/d9/a-scene-from-the-july.jpg"}, "small": {"height": 150, "width": 150, "url": "https://media-cdn.tripadvisor.com/media/photo-l/16/ec/fb/d9/a-scene-from-the-july.jpg"}, "medium": {"height": 167, "width": 250, "url": "https://media-cdn.tripadvisor.com/media/photo-f/16/ec/fb/d9/a-scene-from-the-july.jpg"}, "large": {"height": 367, "width": 550, "url": "https://media-cdn.tripadvisor.com/media/photo-s/16/ec/fb/d9/a-scene-from-the-july.jpg"}, "original": {"height": 854, "width": 1280, "url": "https://media-cdn.tripadvisor.com/media/photo-m/1280/16/ec/fb/d9/a-scene-from-the-july.jpg"}}, "album": "Other", "source": {"name": "Management", "localized_name": "Management"}, "user": {"username": "Management"}}, {"id": 384629679, "is_blessed": false, "caption": "A scene from the March 2016 production of \"Hedda Gabler.\"", "published_date": "2019-03-24T16:32:18.232Z", "images": {"thumbnail": {"height": 50, "width": 50, "url": "https://media-cdn.tripadvisor.com/media/photo-t/16/ec/fb/af/a-scene-from-the-march.jpg"}, "small": {"height": 150, "width": 150, "url": "https://media-cdn.tripadvisor.com/media/photo-l/16/ec/fb/af/a-scene-from-the-march.jpg"}, "medium": {"height": 167, "width": 250, "url": "https://media-cdn.tripadvisor.com/media/photo-f/16/ec/fb/af/a-scene-from-the-march.jpg"}, "large": {"height": 367, "width": 550, "url": "https://media-cdn.tripadvisor.com/media/photo-s/16/ec/fb/af/a-scene-from-the-march.jpg"}, "original": {"height": 853, "width": 1280, "url": "https://media-cdn.tripadvisor.com/media/photo-m/1280/16/ec/fb/af/a-scene-from-the-march.jpg"}}, "album": "Other", "source": {"name": "Management", "localized_name": "Management"}, "user": {"username": "Management"}}, {"id": 384629660, "is_blessed": false, "caption": "A scene from the August 2017 production of \"August:Osage County.\"", "published_date": "2019-03-24T16:32:11.759Z", "images": {"thumbnail": {"height": 50, "width": 50, "url": "https://media-cdn.tripadvisor.com/media/photo-t/16/ec/fb/9c/a-scene-from-the-august.jpg"}, "small": {"height": 150, "width": 150, "url": "https://media-cdn.tripadvisor.com/media/photo-l/16/ec/fb/9c/a-scene-from-the-august.jpg"}, "medium": {"height": 167, "width": 250, "url": "https://media-cdn.tripadvisor.com/media/photo-f/16/ec/fb/9c/a-scene-from-the-august.jpg"}, "large": {"height": 367, "width": 550, "url": "https://media-cdn.tripadvisor.com/media/photo-s/16/ec/fb/9c/a-scene-from-the-august.jpg"}, "original": {"height": 853, "width": 1280, "url": "https://media-cdn.tripadvisor.com/media/photo-m/1280/16/ec/fb/9c/a-scene-from-the-august.jpg"}}, "album": "Other", "source": {"name": "Management", "localized_name": "Management"}, "user": {"username": "Management"}}]}