{"data": [{"id": 670848063, "is_blessed": false, "caption": "", "published_date": "2023-01-24T05:22:39.887Z", "images": {"thumbnail": {"height": 50, "width": 50, "url": "https://media-cdn.tripadvisor.com/media/photo-t/27/fc/54/3f/hotel-murano.jpg"}, "small": {"height": 150, "width": 150, "url": "https://media-cdn.tripadvisor.com/media/photo-l/27/fc/54/3f/hotel-murano.jpg"}, "medium": {"height": 188, "width": 250, "url": "https://media-cdn.tripadvisor.com/media/photo-f/27/fc/54/3f/hotel-murano.jpg"}, "large": {"height": 414, "width": 550, "url": "https://media-cdn.tripadvisor.com/media/photo-s/27/fc/54/3f/hotel-murano.jpg"}, "original": {"height": 964, "width": 1280, "url": "https://media-cdn.tripadvisor.com/media/photo-m/1280/27/fc/54/3f/hotel-murano.jpg"}}, "album": "Hotel & Grounds", "source": {"name": "Management", "localized_name": "Management"}, "user": {"username": "Management"}}, {"id": 670848034, "is_blessed": false, "caption": "", "published_date": "2023-01-24T05:22:37.613Z", "images": {"thumbnail": {"height": 50, "width": 50, "url": "https://media-cdn.tripadvisor.com/media/photo-t/27/fc/54/22/hotel-murano.jpg"}, "small": {"height": 150, "width": 150, "url": "https://media-cdn.tripadvisor.com/media/photo-l/27/fc/54/22/hotel-murano.jpg"}, "medium": {"height": 167, "width": 250, "url": "https://media-cdn.tripadvisor.com/media/photo-f/27/fc/54/22/hotel-murano.jpg"}, "large": {"height": 367, "width": 550, "url": "https://media-cdn.tripadvisor.com/media/photo-s/27/fc/54/22/hotel-murano.jpg"}, "original": {"height": 853, "width": 1280, "url": "https://media-cdn.tripadvisor.com/media/photo-m/1280/27/fc/54/22/hotel-murano.jpg"}}, "album": "Hotel & Grounds", "source": {"name": "Management", "localized_name": "Management"}, "user": {"username": "Management"}}, {"id": 670863868, "is_blessed": false, "caption": "", "published_date": "2023-01-24T05:47:11.849Z", "images": {"thumbnail": {"height": 50, "width": 50, "url": "https://media-cdn.tripadvisor.com/media/photo-t/27/fc/91/fc/hotel-murano.jpg"}, "small": {"height": 150, "width": 150, "url": "https://media-cdn.tripadvisor.com/media/photo-l/27/fc/91/fc/hotel-murano.jpg"}, "medium": {"height": 167, "width": 250, "url": "https://media-cdn.tripadvisor.com/media/photo-f/27/fc/91/fc/hotel-murano.jpg"}, "large": {"height": 367, "width": 550, "url": "https://media-cdn.tripadvisor.com/media/photo-s/27/fc/91/fc/hotel-murano.jpg"}, "original": {"height": 853, "width": 1280, "url": "https://media-cdn.tripadvisor.com/media/photo-m/1280/27/fc/91/fc/hotel-murano.jpg"}}, "album": "Hotel & Grounds", "source": {"name": "Management", "localized_name": "Management"}, "user": {"username": "Management"}}, {"id": 670863727, "is_blessed": false, "caption": "", "published_date": "2023-01-24T05:47:01.37Z", "images": {"thumbnail": {"height": 50, "width": 50, "url": "https://media-cdn.tripadvisor.com/media/photo-t/27/fc/91/6f/hotel-murano.jpg"}, "small": {"height": 150, "width": 150, "url": "https://media-cdn.tripadvisor.com/media/photo-l/27/fc/91/6f/hotel-murano.jpg"}, "medium": {"height": 167, "width": 250, "url": "https://media-cdn.tripadvisor.com/media/photo-f/27/fc/91/6f/hotel-murano.jpg"}, "large": {"height": 367, "width": 550, "url": "https://media-cdn.tripadvisor.com/media/photo-s/27/fc/91/6f/hotel-murano.jpg"}, "original": {"height": 853, "width": 1280, "url": "https://media-cdn.tripadvisor.com/media/photo-m/1280/27/fc/91/6f/hotel-murano.jpg"}}, "album": "Hotel & Grounds", "source": {"name": "Management", "localized_name": "Management"}, "user": {"username": "Management"}}]}