{"data": [{"id": 454446468, "is_blessed": false, "caption": "Welcome ", "published_date": "2020-03-05T19:56:51.469Z", "images": {"thumbnail": {"height": 50, "width": 50, "url": "https://media-cdn.tripadvisor.com/media/photo-t/1b/16/4d/84/welcome.jpg"}, "small": {"height": 150, "width": 150, "url": "https://media-cdn.tripadvisor.com/media/photo-l/1b/16/4d/84/welcome.jpg"}, "medium": {"height": 157, "width": 250, "url": "https://media-cdn.tripadvisor.com/media/photo-f/1b/16/4d/84/welcome.jpg"}, "large": {"height": 345, "width": 550, "url": "https://media-cdn.tripadvisor.com/media/photo-s/1b/16/4d/84/welcome.jpg"}, "original": {"height": 802, "width": 1280, "url": "https://media-cdn.tripadvisor.com/media/photo-m/1280/1b/16/4d/84/welcome.jpg"}}, "album": "Hotel & Grounds", "source": {"name": "Management", "localized_name": "Management"}, "user": {"username": "Management"}}, {"id": 454446174, "is_blessed": false, "caption": "", "published_date": "2020-03-05T19:53:19.572Z", "images": {"thumbnail": {"height": 50, "width": 50, "url": "https://media-cdn.tripadvisor.com/media/photo-t/1b/16/4c/5e/executive-hotel-pacific.jpg"}, "small": {"height": 150, "width": 150, "url": "https://media-cdn.tripadvisor.com/media/photo-l/1b/16/4c/5e/executive-hotel-pacific.jpg"}, "medium": {"height": 182, "width": 250, "url": "https://media-cdn.tripadvisor.com/media/photo-f/1b/16/4c/5e/executive-hotel-pacific.jpg"}, "large": {"height": 401, "width": 550, "url": "https://media-cdn.tripadvisor.com/media/photo-s/1b/16/4c/5e/executive-hotel-pacific.jpg"}, "original": {"height": 933, "width": 1280, "url": "https://media-cdn.tripadvisor.com/media/photo-m/1280/1b/16/4c/5e/executive-hotel-pacific.jpg"}}, "album": "Hotel & Grounds", "source": {"name": "Management", "localized_name": "Management"}, "user": {"username": "Management"}}, {"id": 454446263, "is_blessed": false, "caption": "", "published_date": "2020-03-05T19:54:34.95Z", "images": {"thumbnail": {"height": 50, "width": 50, "url": "https://media-cdn.tripadvisor.com/media/photo-t/1b/16/4c/b7/executive-hotel-pacific.jpg"}, "small": {"height": 150, "width": 150, "url": "https://media-cdn.tripadvisor.com/media/photo-l/1b/16/4c/b7/executive-hotel-pacific.jpg"}, "medium": {"height": 167, "width": 250, "url": "https://media-cdn.tripadvisor.com/media/photo-f/1b/16/4c/b7/executive-hotel-pacific.jpg"}, "large": {"height": 367, "width": 550, "url": "https://media-cdn.tripadvisor.com/media/photo-s/1b/16/4c/b7/executive-hotel-pacific.jpg"}, "original": {"height": 853, "width": 1280, "url": "https://media-cdn.tripadvisor.com/media/photo-m/1280/1b/16/4c/b7/executive-hotel-pacific.jpg"}}, "album": "Room/Suite", "source": {"name": "Management", "localized_name": "Management"}, "user": {"username": "Management"}}, {"id": 454446191, "is_blessed": false, "caption": "", "published_date": "2020-03-05T19:53:31.989Z", "images": {"thumbnail": {"height": 50, "width": 50, "url": "https://media-cdn.tripadvisor.com/media/photo-t/1b/16/4c/6f/executive-hotel-pacific.jpg"}, "small": {"height": 150, "width": 150, "url": "https://media-cdn.tripadvisor.com/media/photo-l/1b/16/4c/6f/executive-hotel-pacific.jpg"}, "medium": {"height": 167, "width": 250, "url": "https://media-cdn.tripadvisor.com/media/photo-f/1b/16/4c/6f/executive-hotel-pacific.jpg"}, "large": {"height": 367, "width": 550, "url": "https://media-cdn.tripadvisor.com/media/photo-s/1b/16/4c/6f/executive-hotel-pacific.jpg"}, "original": {"height": 853, "width": 1280, "url": "https://media-cdn.tripadvisor.com/media/photo-m/1280/1b/16/4c/6f/executive-hotel-pacific.jpg"}}, "album": "Room/Suite", "source": {"name": "Management", "localized_name": "Management"}, "user": {"username": "Management"}}]}