{"location_id": "8651085", "name": "Puget Sound Estuarium", "web_url": "https://www.tripadvisor.com/Attraction_Review-g58653-d8651085-Reviews-Puget_Sound_Estuarium-Olympia_Washington.html?m=66827", "address_obj": {"street1": "309 State Ave NE", "city": "Olympia", "state": "Washington", "country": "United States", "postalcode": "98501-1133", "address_string": "309 State Ave NE, Olympia, WA 98501-1133"}, "ancestors": [{"level": "City", "name": "Olympia", "location_id": "58653"}, {"abbrv": "WA", "level": "State", "name": "Washington", "location_id": "28968"}, {"level": "Country", "name": "United States", "location_id": "191"}], "latitude": "47.04581", "longitude": "-122.89889", "timezone": "America/Los_Angeles", "email": "center@sseacenter.org", "phone": "+1 360-915-0773", "website": "http://pugetsoundestuarium.org/", "write_review": "https://www.tripadvisor.com/UserReview-g58653-d8651085-Puget_Sound_Estuarium-Olympia_Washington.html?m=66827", "ranking_data": {"geo_location_id": "58653", "ranking_string": "#25 of 94 things to do in Olympia", "geo_location_name": "Olympia", "ranking_out_of": "94", "ranking": "25"}, "rating": "4.4", "rating_image_url": "https://www.tripadvisor.com/img/cdsi/img2/ratings/traveler/4.5-66827-5.svg", "num_reviews": "16", "review_rating_count": {"1": "1", "2": "1", "3": "1", "4": "1", "5": "12"}, "photo_count": "2", "see_all_photos": "https://www.tripadvisor.com/Attraction_Review-g58653-d8651085-m66827-Reviews-Puget_Sound_Estuarium-Olympia_Washington.html#photos", "category": {"name": "attraction", "localized_name": "Attraction"}, "subcategory": [{"name": "nature_parks", "localized_name": "Nature & Parks"}, {"name": "zoos_aquariums", "localized_name": "Zoos & Aquariums"}, {"name": "attractions", "localized_name": "Attractions"}], "groups": [{"name": "Zoos & Aquariums", "localized_name": "Zoos & Aquariums", "categories": [{"name": "Aquariums", "localized_name": "Aquariums"}]}, {"name": "Nature & Parks", "localized_name": "Nature & Parks", "categories": [{"name": "Aquariums", "localized_name": "Aquariums"}]}], "neighborhood_info": [], "trip_types": [{"name": "business", "localized_name": "Business", "value": "1"}, {"name": "couples", "localized_name": "Couples", "value": "3"}, {"name": "solo", "localized_name": "Solo travel", "value": "3"}, {"name": "family", "localized_name": "Family", "value": "5"}, {"name": "friends", "localized_name": "Friends getaway", "value": "2"}], "awards": []}