{"data": [{"id": 560953537, "is_blessed": false, "caption": "Courtyard Antiques & Home Decor", "published_date": "2021-11-22T14:27:42.013Z", "images": {"thumbnail": {"height": 50, "width": 50, "url": "https://media-cdn.tripadvisor.com/media/photo-t/21/6f/78/c1/courtyard-antiques-home.jpg"}, "small": {"height": 150, "width": 150, "url": "https://media-cdn.tripadvisor.com/media/photo-l/21/6f/78/c1/courtyard-antiques-home.jpg"}, "medium": {"height": 205, "width": 205, "url": "https://media-cdn.tripadvisor.com/media/photo-f/21/6f/78/c1/courtyard-antiques-home.jpg"}, "large": {"height": 550, "width": 550, "url": "https://media-cdn.tripadvisor.com/media/photo-p/21/6f/78/c1/courtyard-antiques-home.jpg"}, "original": {"height": 1200, "width": 1200, "url": "https://media-cdn.tripadvisor.com/media/photo-o/21/6f/78/c1/courtyard-antiques-home.jpg"}}, "album": "Other", "source": {"name": "Management", "localized_name": "Management"}, "user": {"username": "Management"}}, {"id": 796299176, "is_blessed": false, "caption": "Courtyard Antiques & Home Decor ", "published_date": "2025-03-28T15:37:01.747Z", "images": {"thumbnail": {"height": 50, "width": 50, "url": "https://media-cdn.tripadvisor.com/media/photo-t/2f/76/8f/a8/courtyard-antiques-home.jpg"}, "small": {"height": 150, "width": 150, "url": "https://media-cdn.tripadvisor.com/media/photo-l/2f/76/8f/a8/courtyard-antiques-home.jpg"}, "medium": {"height": 205, "width": 205, "url": "https://media-cdn.tripadvisor.com/media/photo-f/2f/76/8f/a8/courtyard-antiques-home.jpg"}, "large": {"height": 550, "width": 550, "url": "https://media-cdn.tripadvisor.com/media/photo-p/2f/76/8f/a8/courtyard-antiques-home.jpg"}, "original": {"height": 1280, "width": 1280, "url": "https://media-cdn.tripadvisor.com/media/photo-m/1280/2f/76/8f/a8/courtyard-antiques-home.jpg"}}, "album": "Other", "source": {"name": "Management", "localized_name": "Management"}, "user": {"username": "Management"}}, {"id": 796299175, "is_blessed": false, "caption": "Courtyard Antiques & Home Decor ", "published_date": "2025-03-28T15:37:01.733Z", "images": {"thumbnail": {"height": 50, "width": 50, "url": "https://media-cdn.tripadvisor.com/media/photo-t/2f/76/8f/a7/courtyard-antiques-home.jpg"}, "small": {"height": 150, "width": 150, "url": "https://media-cdn.tripadvisor.com/media/photo-l/2f/76/8f/a7/courtyard-antiques-home.jpg"}, "medium": {"height": 205, "width": 205, "url": "https://media-cdn.tripadvisor.com/media/photo-f/2f/76/8f/a7/courtyard-antiques-home.jpg"}, "large": {"height": 550, "width": 550, "url": "https://media-cdn.tripadvisor.com/media/photo-p/2f/76/8f/a7/courtyard-antiques-home.jpg"}, "original": {"height": 1280, "width": 1280, "url": "https://media-cdn.tripadvisor.com/media/photo-m/1280/2f/76/8f/a7/courtyard-antiques-home.jpg"}}, "album": "Other", "source": {"name": "Management", "localized_name": "Management"}, "user": {"username": "Management"}}, {"id": 796299174, "is_blessed": false, "caption": "Courtyard Antiques & Home Decor ", "published_date": "2025-03-28T15:37:01.719Z", "images": {"thumbnail": {"height": 50, "width": 50, "url": "https://media-cdn.tripadvisor.com/media/photo-t/2f/76/8f/a6/courtyard-antiques-home.jpg"}, "small": {"height": 150, "width": 150, "url": "https://media-cdn.tripadvisor.com/media/photo-l/2f/76/8f/a6/courtyard-antiques-home.jpg"}, "medium": {"height": 200, "width": 180, "url": "https://media-cdn.tripadvisor.com/media/photo-i/2f/76/8f/a6/courtyard-antiques-home.jpg"}, "large": {"height": 450, "width": 339, "url": "https://media-cdn.tripadvisor.com/media/photo-s/2f/76/8f/a6/courtyard-antiques-home.jpg"}, "original": {"height": 1360, "width": 1024, "url": "https://media-cdn.tripadvisor.com/media/photo-w/2f/76/8f/a6/courtyard-antiques-home.jpg"}}, "album": "Other", "source": {"name": "Management", "localized_name": "Management"}, "user": {"username": "Management"}}]}