{"location_id": "432725", "name": "Market Fresh", "web_url": "https://www.tripadvisor.com/Restaurant_Review-g60878-d432725-Reviews-Market_Fresh-Seattle_Washington.html?m=66827", "address_obj": {"street1": "701 5th Ave Ste 107", "street2": "", "city": "Seattle", "state": "Washington", "country": "United States", "postalcode": "98104-7027", "address_string": "701 5th Ave Ste 107, Seattle, WA 98104-7027"}, "ancestors": [{"level": "City", "name": "Seattle", "location_id": "60878"}, {"abbrv": "WA", "level": "State", "name": "Washington", "location_id": "28968"}, {"level": "Country", "name": "United States", "location_id": "191"}], "latitude": "47.60453", "longitude": "-122.33061", "timezone": "America/Los_Angeles", "phone": "+1 206-447-4599", "website": "http://www.eatmarketfresh.com/", "write_review": "https://www.tripadvisor.com/UserReview-g60878-d432725-Market_Fresh-Seattle_Washington.html?m=66827", "ranking_data": {"geo_location_id": "60878", "ranking_string": "#1,741 of 3,934 Places to Eat in Seattle", "geo_location_name": "Seattle", "ranking_out_of": "3934", "ranking": "1741"}, "rating": "4.8", "rating_image_url": "https://www.tripadvisor.com/img/cdsi/img2/ratings/traveler/5.0-66827-5.svg", "num_reviews": "4", "review_rating_count": {"1": "0", "2": "0", "3": "0", "4": "1", "5": "3"}, "subratings": {"0": {"name": "rate_food", "localized_name": "Food", "rating_image_url": "https://static.tacdn.com/img2/ratings/traveler/ss4.0.svg", "value": "4.0"}, "1": {"name": "rate_atmosphere", "localized_name": "Atmosphere", "rating_image_url": "https://static.tacdn.com/img2/ratings/traveler/ss4.0.svg", "value": "4.0"}, "2": {"name": "rate_service", "localized_name": "Service", "rating_image_url": "https://static.tacdn.com/img2/ratings/traveler/ss4.0.svg", "value": "4.0"}, "3": {"name": "rate_value", "localized_name": "Value", "rating_image_url": "https://static.tacdn.com/img2/ratings/traveler/ss3.0.svg", "value": "3.0"}}, "photo_count": "0", "see_all_photos": "https://www.tripadvisor.com/Restaurant_Review-g60878-d432725-m66827-Reviews-Market_Fresh-Seattle_Washington.html#photos", "hours": {"periods": [{"open": {"day": 1, "time": "1030"}, "close": {"day": 1, "time": "1500"}}, {"open": {"day": 2, "time": "1030"}, "close": {"day": 2, "time": "1500"}}, {"open": {"day": 3, "time": "1030"}, "close": {"day": 3, "time": "1500"}}, {"open": {"day": 4, "time": "1030"}, "close": {"day": 4, "time": "1500"}}, {"open": {"day": 5, "time": "1030"}, "close": {"day": 5, "time": "1500"}}], "weekday_text": ["Monday: 10:30 - 15:00", "Tuesday: 10:30 - 15:00", "Wednesday: 10:30 - 15:00", "Thursday: 10:30 - 15:00", "Friday: 10:30 - 15:00", "Saturday: Closed", "Sunday: Closed"]}, "features": [], "cuisine": [{"name": "deli", "localized_name": "Deli"}], "category": {"name": "restaurant", "localized_name": "Restaurant"}, "subcategory": [{"name": "fast_food", "localized_name": "Fast food"}], "neighborhood_info": [{"location_id": "20933756", "name": "Downtown"}], "trip_types": [{"name": "business", "localized_name": "Business", "value": "0"}, {"name": "couples", "localized_name": "Couples", "value": "1"}, {"name": "solo", "localized_name": "Solo travel", "value": "1"}, {"name": "family", "localized_name": "Family", "value": "0"}, {"name": "friends", "localized_name": "Friends getaway", "value": "1"}], "awards": []}