{"data": [{"id": 722873468, "is_blessed": false, "caption": "", "published_date": "2023-12-26T03:51:29.161Z", "images": {"thumbnail": {"height": 50, "width": 50, "url": "https://media-cdn.tripadvisor.com/media/photo-t/2b/16/2c/7c/caption.jpg"}, "small": {"height": 150, "width": 150, "url": "https://media-cdn.tripadvisor.com/media/photo-l/2b/16/2c/7c/caption.jpg"}, "medium": {"height": 200, "width": 180, "url": "https://media-cdn.tripadvisor.com/media/photo-i/2b/16/2c/7c/caption.jpg"}, "large": {"height": 450, "width": 387, "url": "https://media-cdn.tripadvisor.com/media/photo-s/2b/16/2c/7c/caption.jpg"}, "original": {"height": 1280, "width": 1102, "url": "https://media-cdn.tripadvisor.com/media/photo-m/1280/2b/16/2c/7c/caption.jpg"}}, "album": "Other", "source": {"name": "Traveler", "localized_name": "Traveler"}, "user": {"username": "960ossas"}}, {"id": 722873467, "is_blessed": false, "caption": "", "published_date": "2023-12-26T03:51:29.155Z", "images": {"thumbnail": {"height": 50, "width": 50, "url": "https://media-cdn.tripadvisor.com/media/photo-t/2b/16/2c/7b/caption.jpg"}, "small": {"height": 150, "width": 150, "url": "https://media-cdn.tripadvisor.com/media/photo-l/2b/16/2c/7b/caption.jpg"}, "medium": {"height": 200, "width": 180, "url": "https://media-cdn.tripadvisor.com/media/photo-i/2b/16/2c/7b/caption.jpg"}, "large": {"height": 450, "width": 362, "url": "https://media-cdn.tripadvisor.com/media/photo-s/2b/16/2c/7b/caption.jpg"}, "original": {"height": 1280, "width": 1030, "url": "https://media-cdn.tripadvisor.com/media/photo-m/1280/2b/16/2c/7b/caption.jpg"}}, "album": "Other", "source": {"name": "Traveler", "localized_name": "Traveler"}, "user": {"username": "960ossas"}}, {"id": 722873466, "is_blessed": false, "caption": "", "published_date": "2023-12-26T03:51:29.149Z", "images": {"thumbnail": {"height": 50, "width": 50, "url": "https://media-cdn.tripadvisor.com/media/photo-t/2b/16/2c/7a/caption.jpg"}, "small": {"height": 150, "width": 150, "url": "https://media-cdn.tripadvisor.com/media/photo-l/2b/16/2c/7a/caption.jpg"}, "medium": {"height": 200, "width": 180, "url": "https://media-cdn.tripadvisor.com/media/photo-i/2b/16/2c/7a/caption.jpg"}, "large": {"height": 450, "width": 363, "url": "https://media-cdn.tripadvisor.com/media/photo-s/2b/16/2c/7a/caption.jpg"}, "original": {"height": 1280, "width": 1034, "url": "https://media-cdn.tripadvisor.com/media/photo-m/1280/2b/16/2c/7a/caption.jpg"}}, "album": "Other", "source": {"name": "Traveler", "localized_name": "Traveler"}, "user": {"username": "960ossas"}}, {"id": 722873465, "is_blessed": false, "caption": "", "published_date": "2023-12-26T03:51:29.144Z", "images": {"thumbnail": {"height": 50, "width": 50, "url": "https://media-cdn.tripadvisor.com/media/photo-t/2b/16/2c/79/caption.jpg"}, "small": {"height": 150, "width": 150, "url": "https://media-cdn.tripadvisor.com/media/photo-l/2b/16/2c/79/caption.jpg"}, "medium": {"height": 200, "width": 180, "url": "https://media-cdn.tripadvisor.com/media/photo-i/2b/16/2c/79/caption.jpg"}, "large": {"height": 450, "width": 338, "url": "https://media-cdn.tripadvisor.com/media/photo-s/2b/16/2c/79/caption.jpg"}, "original": {"height": 1365, "width": 1024, "url": "https://media-cdn.tripadvisor.com/media/photo-w/2b/16/2c/79/caption.jpg"}}, "album": "Other", "source": {"name": "Traveler", "localized_name": "Traveler"}, "user": {"username": "960ossas"}}]}