{"location_id": "100547", "name": "Executive Hotel Pacific Downtown Seattle", "description": "Executive Hotel Pacific \u2013 A historic boutique hotel, perfectly positioned in the heart of downtown Seattle. Constructed in 1928, this landmark captures the essence of the West Coast and Seattle's vibrant history. Executive Hotel Pacific is located just steps away from local attractions that are must-sees in Seattle. Pike Place Market, The Great Wheel, ferries that will take you to Bainbridge Island, shopping and world-class dining surround you. Guests will enjoy modern comforts such as complimentary Wi-Fi, a cardio fitness centre, and in addition, Pacific Provisions Cafe & Wine Bar is the latest gem to grace our vibrant culinary landscape, offering an exquisite fusion of a cafe and wine bar. Welcome to Executive Hotel Pacific, where history and location intertwine for an unforgettable experience.", "web_url": "https://www.tripadvisor.com/Hotel_Review-g60878-d100547-Reviews-Executive_Hotel_Pacific_Downtown_Seattle-Seattle_Washington.html?m=66827", "address_obj": {"street1": "400 Spring St", "street2": "", "city": "Seattle", "state": "Washington", "country": "United States", "postalcode": "98104-1114", "address_string": "400 Spring St, Seattle, WA 98104-1114"}, "ancestors": [{"level": "City", "name": "Seattle", "location_id": "60878"}, {"abbrv": "WA", "level": "State", "name": "Washington", "location_id": "28968"}, {"level": "Country", "name": "United States", "location_id": "191"}], "latitude": "47.607094", "longitude": "-122.333405", "timezone": "America/Los_Angeles", "phone": "18444930585", "write_review": "https://www.tripadvisor.com/UserReview-g60878-d100547-Executive_Hotel_Pacific_Downtown_Seattle-Seattle_Washington.html?m=66827", "ranking_data": {"geo_location_id": "60878", "ranking_string": "#59 of 118 hotels in Seattle", "geo_location_name": "Seattle", "ranking_out_of": "118", "ranking": "59"}, "rating": "3.8", "rating_image_url": "https://www.tripadvisor.com/img/cdsi/img2/ratings/traveler/4.0-66827-5.svg", "num_reviews": "1040", "review_rating_count": {"1": "78", "2": "101", "3": "178", "4": "253", "5": "430"}, "subratings": {"0": {"name": "rate_location", "localized_name": "Location", "rating_image_url": "https://static.tacdn.com/img2/ratings/traveler/ss4.5.svg", "value": "4.5"}, "1": {"name": "rate_sleep", "localized_name": "Sleep Quality", "rating_image_url": "https://static.tacdn.com/img2/ratings/traveler/ss4.0.svg", "value": "4.0"}, "2": {"name": "rate_room", "localized_name": "Rooms", "rating_image_url": "https://static.tacdn.com/img2/ratings/traveler/ss3.5.svg", "value": "3.5"}, "3": {"name": "rate_service", "localized_name": "Service", "rating_image_url": "https://static.tacdn.com/img2/ratings/traveler/ss4.5.svg", "value": "4.3"}, "4": {"name": "rate_value", "localized_name": "Value", "rating_image_url": "https://static.tacdn.com/img2/ratings/traveler/ss4.0.svg", "value": "3.8"}, "5": {"name": "rate_cleanliness", "localized_name": "Cleanliness", "rating_image_url": "https://static.tacdn.com/img2/ratings/traveler/ss4.0.svg", "value": "4.2"}}, "photo_count": "312", "see_all_photos": "https://www.tripadvisor.com/Hotel_Review-g60878-d100547-m66827-Reviews-Executive_Hotel_Pacific_Downtown_Seattle-Seattle_Washington.html#photos", "price_level": "$$$", "amenities": ["Internet", "Free Internet", "Wifi", "Free Wifi", "Pets Allowed", "Fitness center", "Bar/Lounge", "Room service", "Suites", "Public Wifi", "Meeting rooms", "Non-smoking rooms", "Business center", "Air conditioning", "Multilingual Staff", "Refrigerator in room", "Non-smoking hotel", "Safe", "Flatscreen TV", "Parking", "Housekeeping", "ATM On Site", "Baggage Storage", "24-Hour Check-in", "Desk", "English", "Complimentary Toiletries", "24-Hour Front Desk", "Hair Dryer", "Iron", "Parking Garage", "Paid Private Parking On-site", "Paid Public Parking Nearby", "24-Hour Security", "Spanish", "Telephone", "Valet Parking", "Wake Up Service / Alarm Clock", "Express Check-in / Check-out", "Coffee Shop", "Happy Hour", "iPod Docking Station", "Laptop Safe"], "category": {"name": "hotel", "localized_name": "Hotel"}, "subcategory": [{"name": "hotel", "localized_name": "Hotel"}], "styles": ["Classic", "Centrally Located"], "neighborhood_info": [{"location_id": "20933756", "name": "Downtown"}], "trip_types": [{"name": "business", "localized_name": "Business", "value": "166"}, {"name": "couples", "localized_name": "Couples", "value": "366"}, {"name": "solo", "localized_name": "Solo travel", "value": "125"}, {"name": "family", "localized_name": "Family", "value": "182"}, {"name": "friends", "localized_name": "Friends getaway", "value": "120"}], "awards": []}