{"location_id": "22266571", "name": "Incline Cider House", "web_url": "https://www.tripadvisor.com/Attraction_Review-g58775-d22266571-Reviews-Incline_Cider_House-Tacoma_Washington.html?m=66827", "address_obj": {"street1": "2115 S C St", "city": "Tacoma", "state": "Washington", "country": "United States", "postalcode": "98402-1504", "address_string": "2115 S C St, Tacoma, WA 98402-1504"}, "ancestors": [{"level": "City", "name": "Tacoma", "location_id": "58775"}, {"abbrv": "WA", "level": "State", "name": "Washington", "location_id": "28968"}, {"level": "Country", "name": "United States", "location_id": "191"}], "latitude": "47.242256", "longitude": "-122.437256", "timezone": "America/Los_Angeles", "phone": "+1 253-327-1923", "website": "http://inclineciderhouse.com", "write_review": "https://www.tripadvisor.com/UserReview-g58775-d22266571-Incline_Cider_House-Tacoma_Washington.html?m=66827", "ranking_data": {"geo_location_id": "58775", "ranking_string": "#53 of 140 things to do in Tacoma", "geo_location_name": "Tacoma", "ranking_out_of": "140", "ranking": "53"}, "rating": "5.0", "rating_image_url": "https://www.tripadvisor.com/img/cdsi/img2/ratings/traveler/5.0-66827-5.svg", "num_reviews": "2", "review_rating_count": {"1": "0", "2": "0", "3": "0", "4": "0", "5": "2"}, "photo_count": "1", "see_all_photos": "https://www.tripadvisor.com/Attraction_Review-g58775-d22266571-m66827-Reviews-Incline_Cider_House-Tacoma_Washington.html#photos", "hours": {"periods": [{"open": {"day": 2, "time": "1400"}, "close": {"day": 2, "time": "2100"}}, {"open": {"day": 3, "time": "1400"}, "close": {"day": 3, "time": "2100"}}, {"open": {"day": 4, "time": "1400"}, "close": {"day": 4, "time": "2100"}}, {"open": {"day": 5, "time": "1400"}, "close": {"day": 5, "time": "2200"}}, {"open": {"day": 6, "time": "1200"}, "close": {"day": 6, "time": "2200"}}, {"open": {"day": 7, "time": "1200"}, "close": {"day": 7, "time": "1800"}}], "weekday_text": ["Monday: Closed", "Tuesday: 14:00 - 21:00", "Wednesday: 14:00 - 21:00", "Thursday: 14:00 - 21:00", "Friday: 14:00 - 22:00", "Saturday: 12:00 - 22:00", "Sunday: 12:00 - 18:00"]}, "category": {"name": "attraction", "localized_name": "Attraction"}, "subcategory": [{"name": "food_drink", "localized_name": "Food & Drink"}, {"name": "activities", "localized_name": "Activities"}], "groups": [{"name": "Food & Drink", "localized_name": "Food & Drink", "categories": [{"name": "Breweries", "localized_name": "Breweries"}]}], "neighborhood_info": [], "trip_types": [{"name": "business", "localized_name": "Business", "value": "0"}, {"name": "couples", "localized_name": "Couples", "value": "0"}, {"name": "solo", "localized_name": "Solo travel", "value": "0"}, {"name": "family", "localized_name": "Family", "value": "0"}, {"name": "friends", "localized_name": "Friends getaway", "value": "0"}], "awards": []}