{"data": [{"id": 144610717, "is_blessed": false, "caption": "Designer Suite", "published_date": "2015-08-12T16:34:16.874Z", "images": {"thumbnail": {"height": 50, "width": 50, "url": "https://media-cdn.tripadvisor.com/media/photo-t/08/9e/95/9d/the-sorrento-hotel.jpg"}, "small": {"height": 150, "width": 150, "url": "https://media-cdn.tripadvisor.com/media/photo-l/08/9e/95/9d/the-sorrento-hotel.jpg"}, "medium": {"height": 167, "width": 250, "url": "https://media-cdn.tripadvisor.com/media/photo-f/08/9e/95/9d/the-sorrento-hotel.jpg"}, "large": {"height": 367, "width": 550, "url": "https://media-cdn.tripadvisor.com/media/photo-s/08/9e/95/9d/the-sorrento-hotel.jpg"}, "original": {"height": 1334, "width": 2000, "url": "https://media-cdn.tripadvisor.com/media/photo-o/08/9e/95/9d/the-sorrento-hotel.jpg"}}, "album": "Room/Suite", "source": {"name": "Management", "localized_name": "Management"}, "user": {"username": "Management"}}, {"id": 132004288, "is_blessed": false, "caption": "Junior Suite", "published_date": "2015-05-11T23:59:43.345Z", "images": {"thumbnail": {"height": 50, "width": 50, "url": "https://media-cdn.tripadvisor.com/media/photo-t/07/de/39/c0/the-sorrento-hotel.jpg"}, "small": {"height": 150, "width": 150, "url": "https://media-cdn.tripadvisor.com/media/photo-l/07/de/39/c0/the-sorrento-hotel.jpg"}, "medium": {"height": 167, "width": 250, "url": "https://media-cdn.tripadvisor.com/media/photo-f/07/de/39/c0/the-sorrento-hotel.jpg"}, "large": {"height": 366, "width": 550, "url": "https://media-cdn.tripadvisor.com/media/photo-s/07/de/39/c0/the-sorrento-hotel.jpg"}, "original": {"height": 683, "width": 1024, "url": "https://media-cdn.tripadvisor.com/media/photo-w/07/de/39/c0/the-sorrento-hotel.jpg"}}, "album": "Other", "source": {"name": "Management", "localized_name": "Management"}, "user": {"username": "Management"}}, {"id": 132002066, "is_blessed": false, "caption": "Fireside Room - Seattle Boutique Hotel", "published_date": "2015-05-11T23:08:18.192Z", "images": {"thumbnail": {"height": 50, "width": 50, "url": "https://media-cdn.tripadvisor.com/media/photo-t/07/de/31/12/fireside-room-seattle.jpg"}, "small": {"height": 150, "width": 150, "url": "https://media-cdn.tripadvisor.com/media/photo-l/07/de/31/12/fireside-room-seattle.jpg"}, "medium": {"height": 167, "width": 250, "url": "https://media-cdn.tripadvisor.com/media/photo-f/07/de/31/12/fireside-room-seattle.jpg"}, "large": {"height": 367, "width": 550, "url": "https://media-cdn.tripadvisor.com/media/photo-s/07/de/31/12/fireside-room-seattle.jpg"}, "original": {"height": 684, "width": 1024, "url": "https://media-cdn.tripadvisor.com/media/photo-w/07/de/31/12/fireside-room-seattle.jpg"}}, "album": "Hotel & Grounds", "source": {"name": "Management", "localized_name": "Management"}, "user": {"username": "Management"}}, {"id": 139150031, "is_blessed": false, "caption": "The Garden (seasonal)", "published_date": "2015-07-06T19:41:24.275Z", "images": {"thumbnail": {"height": 50, "width": 50, "url": "https://media-cdn.tripadvisor.com/media/photo-t/08/4b/42/cf/the-sorrento-hotel.jpg"}, "small": {"height": 150, "width": 150, "url": "https://media-cdn.tripadvisor.com/media/photo-l/08/4b/42/cf/the-sorrento-hotel.jpg"}, "medium": {"height": 167, "width": 250, "url": "https://media-cdn.tripadvisor.com/media/photo-f/08/4b/42/cf/the-sorrento-hotel.jpg"}, "large": {"height": 367, "width": 550, "url": "https://media-cdn.tripadvisor.com/media/photo-s/08/4b/42/cf/the-sorrento-hotel.jpg"}, "original": {"height": 1000, "width": 1498, "url": "https://media-cdn.tripadvisor.com/media/photo-o/08/4b/42/cf/the-sorrento-hotel.jpg"}}, "album": "Dining    ", "source": {"name": "Management", "localized_name": "Management"}, "user": {"username": "Management"}}]}