{"location_id": "26338778", "name": "Oly's Malasadas", "web_url": "https://www.tripadvisor.com/Restaurant_Review-g58653-d26338778-Reviews-Oly_s_Malasadas-Olympia_Washington.html?m=66827", "address_obj": {"street1": "1001 4th Ave East", "city": "Olympia", "state": "Washington", "country": "United States", "postalcode": "98506", "address_string": "1001 4th Ave East, Olympia, WA 98506"}, "ancestors": [{"level": "City", "name": "Olympia", "location_id": "58653"}, {"abbrv": "WA", "level": "State", "name": "Washington", "location_id": "28968"}, {"level": "Country", "name": "United States", "location_id": "191"}], "latitude": "47.045383", "longitude": "-122.88977", "timezone": "America/Los_Angeles", "phone": "+1 360-489-0854", "website": "http://www.olysmalasadas.com/", "write_review": "https://www.tripadvisor.com/UserReview-g58653-d26338778-Oly_s_Malasadas-Olympia_Washington.html?m=66827", "num_reviews": "0", "subratings": {}, "photo_count": "0", "see_all_photos": "https://www.tripadvisor.com/Restaurant_Review-g58653-d26338778-m66827-Reviews-Oly_s_Malasadas-Olympia_Washington.html#photos", "hours": {"periods": [{"open": {"day": 5, "time": "0800"}, "close": {"day": 5, "time": "1200"}}, {"open": {"day": 6, "time": "0800"}, "close": {"day": 6, "time": "1200"}}, {"open": {"day": 7, "time": "1000"}, "close": {"day": 7, "time": "1400"}}], "weekday_text": ["Monday: Closed", "Tuesday: Closed", "Wednesday: Closed", "Thursday: Closed", "Friday: 08:00 - 12:00", "Saturday: 08:00 - 12:00", "Sunday: 10:00 - 14:00"]}, "features": ["Accepts Credit Cards", "Outdoor Seating", "Street Parking", "Takeout"], "cuisine": [{"name": "hawaiian", "localized_name": "Hawaiian"}], "category": {"name": "restaurant", "localized_name": "Restaurant"}, "subcategory": [], "neighborhood_info": [], "trip_types": [{"name": "business", "localized_name": "Business", "value": "0"}, {"name": "couples", "localized_name": "Couples", "value": "0"}, {"name": "solo", "localized_name": "Solo travel", "value": "0"}, {"name": "family", "localized_name": "Family", "value": "0"}, {"name": "friends", "localized_name": "Friends getaway", "value": "0"}], "awards": []}