{"location_id": "3607775", "name": "Hilton Garden Inn Tacoma Downtown", "description": "Daily Mandatory Charge includes: Pierce County Tourism Assessment. FeeWere located within a mile of Downtown Tacoma, Brewery Blocks, and Tacoma Dome. Point Defiance Zoo and Aquarium, Swan Creek Park, Highland Hill Shopping Center, and Point Ruston are less than seven miles away. SeattleTacoma International Airport is a 26-minute drive. Enjoy our 24-hour fitness center, restaurant and bar, and sunlit meeting room.", "web_url": "https://www.tripadvisor.com/Hotel_Review-g58775-d3607775-Reviews-Hilton_Garden_Inn_Tacoma_Downtown-Tacoma_Washington.html?m=66827", "address_obj": {"street1": "2102 S C Street", "city": "Tacoma", "state": "Washington", "country": "United States", "postalcode": "98402", "address_string": "2102 S C Street, Tacoma, WA 98402"}, "ancestors": [{"level": "City", "name": "Tacoma", "location_id": "58775"}, {"abbrv": "WA", "level": "State", "name": "Washington", "location_id": "28968"}, {"level": "Country", "name": "United States", "location_id": "191"}], "latitude": "47.242493", "longitude": "-122.43812", "timezone": "America/Los_Angeles", "phone": "18556184697", "write_review": "https://www.tripadvisor.com/UserReview-g58775-d3607775-Hilton_Garden_Inn_Tacoma_Downtown-Tacoma_Washington.html?m=66827", "ranking_data": {"geo_location_id": "58775", "ranking_string": "#7 of 28 hotels in Tacoma", "geo_location_name": "Tacoma", "ranking_out_of": "28", "ranking": "7"}, "rating": "4.1", "rating_image_url": "https://www.tripadvisor.com/img/cdsi/img2/ratings/traveler/4.0-66827-5.svg", "num_reviews": "308", "review_rating_count": {"1": "9", "2": "15", "3": "41", "4": "124", "5": "119"}, "subratings": {"0": {"name": "rate_sleep", "localized_name": "Sleep Quality", "rating_image_url": "https://static.tacdn.com/img2/ratings/traveler/ss4.5.svg", "value": "4.3"}, "1": {"name": "rate_location", "localized_name": "Location", "rating_image_url": "https://static.tacdn.com/img2/ratings/traveler/ss4.0.svg", "value": "4.1"}, "2": {"name": "rate_room", "localized_name": "Rooms", "rating_image_url": "https://static.tacdn.com/img2/ratings/traveler/ss4.5.svg", "value": "4.3"}, "3": {"name": "rate_service", "localized_name": "Service", "rating_image_url": "https://static.tacdn.com/img2/ratings/traveler/ss4.5.svg", "value": "4.4"}, "4": {"name": "rate_value", "localized_name": "Value", "rating_image_url": "https://static.tacdn.com/img2/ratings/traveler/ss4.0.svg", "value": "4.0"}, "5": {"name": "rate_cleanliness", "localized_name": "Cleanliness", "rating_image_url": "https://static.tacdn.com/img2/ratings/traveler/ss4.5.svg", "value": "4.6"}}, "photo_count": "104", "see_all_photos": "https://www.tripadvisor.com/Hotel_Review-g58775-d3607775-m66827-Reviews-Hilton_Garden_Inn_Tacoma_Downtown-Tacoma_Washington.html#photos", "price_level": "$$", "hours": {"periods": [{"open": {"day": 1, "time": "0000"}, "close": {"day": 1, "time": "0000"}}, {"open": {"day": 2, "time": "0000"}, "close": {"day": 2, "time": "0000"}}, {"open": {"day": 3, "time": "0000"}, "close": {"day": 3, "time": "0000"}}, {"open": {"day": 4, "time": "0000"}, "close": {"day": 4, "time": "0000"}}, {"open": {"day": 5, "time": "0000"}, "close": {"day": 5, "time": "0000"}}, {"open": {"day": 6, "time": "0000"}, "close": {"day": 6, "time": "0000"}}, {"open": {"day": 7, "time": "0000"}, "close": {"day": 7, "time": "0000"}}], "weekday_text": ["Monday: 00:00 - 00:00", "Tuesday: 00:00 - 00:00", "Wednesday: 00:00 - 00:00", "Thursday: 00:00 - 00:00", "Friday: 00:00 - 00:00", "Saturday: 00:00 - 00:00", "Sunday: 00:00 - 00:00"]}, "amenities": ["Pool", "Internet", "Kids Activities", "Suites", "Room service", "Free Internet", "Wheelchair access", "Restaurant", "Bar/Lounge", "Pets Allowed", "Wifi", "Public Wifi", "Free Wifi", "Dry Cleaning", "Meeting rooms", "Hot Tub", "Non-smoking rooms", "Business center", "Fitness center", "Laundry Service", "Air conditioning", "Family Rooms", "Multilingual Staff", "Self-Serve Laundry", "Microwave", "Refrigerator in room", "Non-smoking hotel", "Heated pool", "Flatscreen TV", "Breakfast Buffet", "Indoor pool", "Breakfast Available", "Parking", "Facilities for Disabled Guests", "Housekeeping", "Convenience Store", "English", "24-Hour Front Desk", "Iron", "Ironing Service", "Parking Garage", "Paid Private Parking On-site", "Paid Public Parking On-site", "Vending Machine"], "parent_brand": "Hilton Worldwide", "brand": "Hilton Garden Inn", "category": {"name": "hotel", "localized_name": "Hotel"}, "subcategory": [{"name": "hotel", "localized_name": "Hotel"}], "styles": ["Quiet", "Modern"], "neighborhood_info": [], "trip_types": [{"name": "business", "localized_name": "Business", "value": "81"}, {"name": "couples", "localized_name": "Couples", "value": "69"}, {"name": "solo", "localized_name": "Solo travel", "value": "19"}, {"name": "family", "localized_name": "Family", "value": "91"}, {"name": "friends", "localized_name": "Friends getaway", "value": "24"}], "awards": []}