{"location_id": "3140375", "name": "Area 253 Glassblowing", "description": "Under new ownership, was M Space in Tacoma. Exciting new ownership and revitalized shop. Glassblowing workshops and classes. Making unique and memorable glass artwork.", "web_url": "https://www.tripadvisor.com/Attraction_Review-g58775-d3140375-Reviews-Area_253_Glassblowing-Tacoma_Washington.html?m=66827", "address_obj": {"street1": "2514 Holgate St", "street2": "", "city": "Tacoma", "state": "Washington", "country": "United States", "postalcode": "98402-1203", "address_string": "2514 Holgate St, Tacoma, WA 98402-1203"}, "ancestors": [{"level": "City", "name": "Tacoma", "location_id": "58775"}, {"abbrv": "WA", "level": "State", "name": "Washington", "location_id": "28968"}, {"level": "Country", "name": "United States", "location_id": "191"}], "latitude": "47.238", "longitude": "-122.43751", "timezone": "America/Los_Angeles", "phone": "+1 253-779-0101", "write_review": "https://www.tripadvisor.com/UserReview-g58775-d3140375-Area_253_Glassblowing-Tacoma_Washington.html?m=66827", "ranking_data": {"geo_location_id": "58775", "ranking_string": "#5 of 8 Classes &amp; Workshops in Tacoma", "geo_location_name": "Tacoma", "ranking_out_of": "8", "ranking": "5"}, "rating": "5.0", "rating_image_url": "https://www.tripadvisor.com/img/cdsi/img2/ratings/traveler/5.0-66827-5.svg", "num_reviews": "2", "review_rating_count": {"1": "0", "2": "0", "3": "0", "4": "0", "5": "2"}, "photo_count": "2", "see_all_photos": "https://www.tripadvisor.com/Attraction_Review-g58775-d3140375-m66827-Reviews-Area_253_Glassblowing-Tacoma_Washington.html#photos", "category": {"name": "attraction", "localized_name": "Attraction"}, "subcategory": [{"name": "classes", "localized_name": "Classes & Workshops"}, {"name": "activities", "localized_name": "Activities"}], "groups": [{"name": "Classes & Workshops", "localized_name": "Classes & Workshops", "categories": [{"name": "Lessons & Workshops", "localized_name": "Lessons & Workshops"}]}], "neighborhood_info": [], "trip_types": [{"name": "business", "localized_name": "Business", "value": "0"}, {"name": "couples", "localized_name": "Couples", "value": "0"}, {"name": "solo", "localized_name": "Solo travel", "value": "0"}, {"name": "family", "localized_name": "Family", "value": "0"}, {"name": "friends", "localized_name": "Friends getaway", "value": "0"}], "awards": []}