{"location_id": "12657999", "name": "SLS Seattle", "description": "Finding an ideal luxury hotel in Seattle does not have to be difficult. Welcome to SLS Seattle, a nice option for travelers like you.\nFor those interested in checking out popular landmarks while visiting Seattle, SLS Seattle is located a short distance from Columbia Center (0.1 mi) and Smith Tower (0.2 mi).\nGuest rooms offer amenities such as air conditioning.\nWhile in Seattle be sure to experience local chicken and waffles favorites at Skillet, Smith, or Local 360.\nDuring your visit, be sure to check out popular attractions like Sky View Observatory (0.1 mi) and The Gum Wall (0.5 mi), which are all within walking distance of the hotel.\nSLS Seattle looks forward to welcoming you on your visit to Seattle.\n", "web_url": "https://www.tripadvisor.com/Hotel_Review-g60878-d12657999-Reviews-SLS_Seattle-Seattle_Washington.html?m=66827", "address_obj": {"street1": "801 5th Ave", "city": "Seattle", "state": "Washington", "country": "United States", "postalcode": "98104-1608", "address_string": "801 5th Ave, Seattle, WA 98104-1608"}, "ancestors": [{"level": "City", "name": "Seattle", "location_id": "60878"}, {"abbrv": "WA", "level": "State", "name": "Washington", "location_id": "28968"}, {"level": "Country", "name": "United States", "location_id": "191"}], "latitude": "47.605488", "longitude": "-122.33129", "timezone": "America/Los_Angeles", "write_review": "https://www.tripadvisor.com/UserReview-g60878-d12657999-SLS_Seattle-Seattle_Washington.html?m=66827", "num_reviews": "0", "subratings": {}, "photo_count": "0", "see_all_photos": "https://www.tripadvisor.com/Hotel_Review-g60878-d12657999-m66827-Reviews-SLS_Seattle-Seattle_Washington.html#photos", "amenities": ["Air conditioning", "Hair Dryer", "Iron", "Russian"], "category": {"name": "hotel", "localized_name": "Hotel"}, "subcategory": [{"name": "hotel", "localized_name": "Hotel"}], "styles": [], "neighborhood_info": [], "trip_types": [{"name": "business", "localized_name": "Business", "value": "0"}, {"name": "couples", "localized_name": "Couples", "value": "0"}, {"name": "solo", "localized_name": "Solo travel", "value": "0"}, {"name": "family", "localized_name": "Family", "value": "0"}, {"name": "friends", "localized_name": "Friends getaway", "value": "0"}], "awards": []}