{"location_id": "26904574", "name": "Tim's Kitchen Tacoma", "web_url": "https://www.tripadvisor.com/Restaurant_Review-g58775-d26904574-Reviews-Tim_s_Kitchen_Tacoma-Tacoma_Washington.html?m=66827", "address_obj": {"street1": "1938 Pacific Ave", "city": "Tacoma", "state": "Washington", "country": "United States", "postalcode": "98402-3110", "address_string": "1938 Pacific Ave, Tacoma, WA 98402-3110"}, "ancestors": [{"level": "City", "name": "Tacoma", "location_id": "58775"}, {"abbrv": "WA", "level": "State", "name": "Washington", "location_id": "28968"}, {"level": "Country", "name": "United States", "location_id": "191"}], "latitude": "47.243748", "longitude": "-122.43682", "timezone": "America/Los_Angeles", "phone": "+1 253-301-1141", "website": "https://www.facebook.com/104841996001493", "write_review": "https://www.tripadvisor.com/UserReview-g58775-d26904574-Tim_s_Kitchen_Tacoma-Tacoma_Washington.html?m=66827", "num_reviews": "0", "subratings": {}, "photo_count": "0", "see_all_photos": "https://www.tripadvisor.com/Restaurant_Review-g58775-d26904574-m66827-Reviews-Tim_s_Kitchen_Tacoma-Tacoma_Washington.html#photos", "features": [], "cuisine": [{"name": "american", "localized_name": "American"}], "category": {"name": "restaurant", "localized_name": "Restaurant"}, "subcategory": [], "neighborhood_info": [], "trip_types": [{"name": "business", "localized_name": "Business", "value": "0"}, {"name": "couples", "localized_name": "Couples", "value": "0"}, {"name": "solo", "localized_name": "Solo travel", "value": "0"}, {"name": "family", "localized_name": "Family", "value": "0"}, {"name": "friends", "localized_name": "Friends getaway", "value": "0"}], "awards": []}