{"location_id": "13085832", "name": "Core Gallery", "description": "CORE is a vibrant collective gallery space located in the heart of the Seattle's East Pioneer Square arts district. We feature two exceptional Seattle based artists each month along with an annual group show. We also host a community outreach show which provides a space for guest curators to show challenging community-based exhibits.", "web_url": "https://www.tripadvisor.com/Attraction_Review-g60878-d13085832-Reviews-Core_Gallery-Seattle_Washington.html?m=66827", "address_obj": {"street1": "117 Prefontaine Pl S", "city": "Seattle", "state": "Washington", "country": "United States", "postalcode": "98104-2672", "address_string": "117 Prefontaine Pl S, Seattle, WA 98104-2672"}, "ancestors": [{"level": "City", "name": "Seattle", "location_id": "60878"}, {"abbrv": "WA", "level": "State", "name": "Washington", "location_id": "28968"}, {"level": "Country", "name": "United States", "location_id": "191"}], "latitude": "47.60124", "longitude": "-122.32966", "timezone": "America/Los_Angeles", "email": "info@coregallery.org", "phone": "+1 206-467-4444", "website": "https://www.coregallery.org/", "write_review": "https://www.tripadvisor.com/UserReview-g60878-d13085832-Core_Gallery-Seattle_Washington.html?m=66827", "num_reviews": "0", "photo_count": "0", "see_all_photos": "https://www.tripadvisor.com/Attraction_Review-g60878-d13085832-m66827-Reviews-Core_Gallery-Seattle_Washington.html#photos", "category": {"name": "attraction", "localized_name": "Attraction"}, "subcategory": [{"name": "shopping", "localized_name": "Shopping"}, {"name": "museums", "localized_name": "Museums"}, {"name": "attractions", "localized_name": "Attractions"}], "groups": [{"name": "Shopping", "localized_name": "Shopping", "categories": [{"name": "Art Galleries", "localized_name": "Art Galleries"}]}, {"name": "Museums", "localized_name": "Museums", "categories": [{"name": "Art Galleries", "localized_name": "Art Galleries"}]}], "neighborhood_info": [], "trip_types": [{"name": "business", "localized_name": "Business", "value": "0"}, {"name": "couples", "localized_name": "Couples", "value": "0"}, {"name": "solo", "localized_name": "Solo travel", "value": "0"}, {"name": "family", "localized_name": "Family", "value": "0"}, {"name": "friends", "localized_name": "Friends getaway", "value": "0"}], "awards": []}