{"data": [{"id": 773297159, "is_blessed": false, "caption": "", "published_date": "2024-11-11T12:53:30.51Z", "images": {"thumbnail": {"height": 50, "width": 50, "url": "https://media-cdn.tripadvisor.com/media/photo-t/2e/17/94/07/caption.jpg"}, "small": {"height": 150, "width": 150, "url": "https://media-cdn.tripadvisor.com/media/photo-l/2e/17/94/07/caption.jpg"}, "medium": {"height": 200, "width": 180, "url": "https://media-cdn.tripadvisor.com/media/photo-i/2e/17/94/07/caption.jpg"}, "large": {"height": 450, "width": 338, "url": "https://media-cdn.tripadvisor.com/media/photo-s/2e/17/94/07/caption.jpg"}, "original": {"height": 1365, "width": 1024, "url": "https://media-cdn.tripadvisor.com/media/photo-w/2e/17/94/07/caption.jpg"}}, "album": "Bathroom", "source": {"name": "Traveler", "localized_name": "Traveler"}, "user": {"username": "M5067JUscotts"}}, {"id": 730672443, "is_blessed": false, "caption": "", "published_date": "2024-03-03T19:05:04.917Z", "images": {"thumbnail": {"height": 50, "width": 50, "url": "https://media-cdn.tripadvisor.com/media/photo-t/2b/8d/2d/3b/caption.jpg"}, "small": {"height": 150, "width": 150, "url": "https://media-cdn.tripadvisor.com/media/photo-l/2b/8d/2d/3b/caption.jpg"}, "medium": {"height": 188, "width": 250, "url": "https://media-cdn.tripadvisor.com/media/photo-f/2b/8d/2d/3b/caption.jpg"}, "large": {"height": 413, "width": 550, "url": "https://media-cdn.tripadvisor.com/media/photo-s/2b/8d/2d/3b/caption.jpg"}, "original": {"height": 960, "width": 1280, "url": "https://media-cdn.tripadvisor.com/media/photo-m/1280/2b/8d/2d/3b/caption.jpg"}}, "album": "Bathroom", "source": {"name": "Traveler", "localized_name": "Traveler"}, "user": {"username": "oggimojo"}}, {"id": 730672442, "is_blessed": false, "caption": "", "published_date": "2024-03-03T19:05:04.903Z", "images": {"thumbnail": {"height": 50, "width": 50, "url": "https://media-cdn.tripadvisor.com/media/photo-t/2b/8d/2d/3a/caption.jpg"}, "small": {"height": 150, "width": 150, "url": "https://media-cdn.tripadvisor.com/media/photo-l/2b/8d/2d/3a/caption.jpg"}, "medium": {"height": 188, "width": 250, "url": "https://media-cdn.tripadvisor.com/media/photo-f/2b/8d/2d/3a/caption.jpg"}, "large": {"height": 413, "width": 550, "url": "https://media-cdn.tripadvisor.com/media/photo-s/2b/8d/2d/3a/caption.jpg"}, "original": {"height": 960, "width": 1280, "url": "https://media-cdn.tripadvisor.com/media/photo-m/1280/2b/8d/2d/3a/caption.jpg"}}, "album": "Other", "source": {"name": "Traveler", "localized_name": "Traveler"}, "user": {"username": "oggimojo"}}, {"id": 730672441, "is_blessed": false, "caption": "", "published_date": "2024-03-03T19:05:04.888Z", "images": {"thumbnail": {"height": 50, "width": 50, "url": "https://media-cdn.tripadvisor.com/media/photo-t/2b/8d/2d/39/caption.jpg"}, "small": {"height": 150, "width": 150, "url": "https://media-cdn.tripadvisor.com/media/photo-l/2b/8d/2d/39/caption.jpg"}, "medium": {"height": 188, "width": 250, "url": "https://media-cdn.tripadvisor.com/media/photo-f/2b/8d/2d/39/caption.jpg"}, "large": {"height": 413, "width": 550, "url": "https://media-cdn.tripadvisor.com/media/photo-s/2b/8d/2d/39/caption.jpg"}, "original": {"height": 960, "width": 1280, "url": "https://media-cdn.tripadvisor.com/media/photo-m/1280/2b/8d/2d/39/caption.jpg"}}, "album": "Bathroom", "source": {"name": "Traveler", "localized_name": "Traveler"}, "user": {"username": "oggimojo"}}]}