{"location_id": "20304220", "name": "Manu's Bodega", "description": "Manu Alfau opened Manu's Bodega in December 2013 inspired by his Dominican roots and Latin flavors. Manu's Bodega opened to wide acclaim, particularly for its puerco asado sandwich, a signature roast pork sandwich topped with house-made chimichurri, pickled onions, and cabbage. Alfau also opened Manu's Tacos in 2016, featuring Seattle's most popular guisado tacos, where proteins are braised low and slow and served as street tacos with its sauce and juices.", "web_url": "https://www.tripadvisor.com/Restaurant_Review-g60878-d20304220-Reviews-Manu_s_Bodega-Seattle_Washington.html?m=66827", "address_obj": {"street1": "100 Prefontaine Pl S", "city": "Seattle", "state": "Washington", "country": "United States", "postalcode": "98104-2614", "address_string": "100 Prefontaine Pl S, Seattle, WA 98104-2614"}, "ancestors": [{"level": "City", "name": "Seattle", "location_id": "60878"}, {"abbrv": "WA", "level": "State", "name": "Washington", "location_id": "28968"}, {"level": "Country", "name": "United States", "location_id": "191"}], "latitude": "47.601624", "longitude": "-122.32979", "timezone": "America/Los_Angeles", "email": "Info@manusbodega.com", "phone": "+1 206-682-2175", "website": "http://manusbodega.com/", "write_review": "https://www.tripadvisor.com/UserReview-g60878-d20304220-Manu_s_Bodega-Seattle_Washington.html?m=66827", "num_reviews": "0", "subratings": {}, "photo_count": "0", "see_all_photos": "https://www.tripadvisor.com/Restaurant_Review-g60878-d20304220-m66827-Reviews-Manu_s_Bodega-Seattle_Washington.html#photos", "hours": {"periods": [{"open": {"day": 2, "time": "1100"}, "close": {"day": 2, "time": "1400"}}, {"open": {"day": 3, "time": "1100"}, "close": {"day": 3, "time": "1400"}}, {"open": {"day": 4, "time": "1100"}, "close": {"day": 4, "time": "1400"}}, {"open": {"day": 5, "time": "1100"}, "close": {"day": 5, "time": "1400"}}], "weekday_text": ["Monday: Closed", "Tuesday: 11:00 - 14:00", "Wednesday: 11:00 - 14:00", "Thursday: 11:00 - 14:00", "Friday: 11:00 - 14:00", "Saturday: Closed", "Sunday: Closed"]}, "features": [], "cuisine": [], "category": {"name": "restaurant", "localized_name": "Restaurant"}, "subcategory": [], "neighborhood_info": [], "trip_types": [{"name": "business", "localized_name": "Business", "value": "0"}, {"name": "couples", "localized_name": "Couples", "value": "0"}, {"name": "solo", "localized_name": "Solo travel", "value": "0"}, {"name": "family", "localized_name": "Family", "value": "0"}, {"name": "friends", "localized_name": "Friends getaway", "value": "0"}], "awards": []}