{"data": [{"id": 372566147, "is_blessed": false, "caption": "Call or stop by.  We'd love to help out with your pie cravings. ", "published_date": "2019-01-23T21:13:32.226Z", "images": {"thumbnail": {"height": 50, "width": 50, "url": "https://media-cdn.tripadvisor.com/media/photo-t/16/34/e8/83/call-or-stop-by-we-d.jpg"}, "small": {"height": 150, "width": 150, "url": "https://media-cdn.tripadvisor.com/media/photo-l/16/34/e8/83/call-or-stop-by-we-d.jpg"}, "medium": {"height": 172, "width": 250, "url": "https://media-cdn.tripadvisor.com/media/photo-f/16/34/e8/83/call-or-stop-by-we-d.jpg"}, "large": {"height": 379, "width": 550, "url": "https://media-cdn.tripadvisor.com/media/photo-s/16/34/e8/83/call-or-stop-by-we-d.jpg"}, "original": {"height": 882, "width": 1280, "url": "https://media-cdn.tripadvisor.com/media/photo-m/1280/16/34/e8/83/call-or-stop-by-we-d.jpg"}}, "album": "Other", "source": {"name": "Management", "localized_name": "Management"}, "user": {"username": "Management"}}, {"id": 453289901, "is_blessed": false, "caption": "John Candy lives on.  Pepperoni, Canadian Bacon, Italian Sausage  (Make it a Juan Candy\u2026add Jalape\u00f1os) ", "published_date": "2020-02-27T00:56:28.522Z", "images": {"thumbnail": {"height": 50, "width": 50, "url": "https://media-cdn.tripadvisor.com/media/photo-t/1b/04/a7/ad/john-candy-lives-on-pepperoni.jpg"}, "small": {"height": 150, "width": 150, "url": "https://media-cdn.tripadvisor.com/media/photo-l/1b/04/a7/ad/john-candy-lives-on-pepperoni.jpg"}, "medium": {"height": 239, "width": 239, "url": "https://media-cdn.tripadvisor.com/media/photo-o/1b/04/a7/ad/john-candy-lives-on-pepperoni.jpg"}, "large": {"height": 450, "width": 450, "url": "https://media-cdn.tripadvisor.com/media/photo-s/1b/04/a7/ad/john-candy-lives-on-pepperoni.jpg"}}, "album": "Other", "source": {"name": "Management", "localized_name": "Management"}, "user": {"username": "Management"}}, {"id": 453289820, "is_blessed": false, "caption": "Buffalo bread sticks.  Classic with Buffalo Sauce, Gorgonzola, Fresh Cilantro.", "published_date": "2020-02-27T00:55:31.562Z", "images": {"thumbnail": {"height": 50, "width": 50, "url": "https://media-cdn.tripadvisor.com/media/photo-t/1b/04/a7/5c/buffalo-bread-sticks.jpg"}, "small": {"height": 150, "width": 150, "url": "https://media-cdn.tripadvisor.com/media/photo-l/1b/04/a7/5c/buffalo-bread-sticks.jpg"}, "medium": {"height": 239, "width": 239, "url": "https://media-cdn.tripadvisor.com/media/photo-o/1b/04/a7/5c/buffalo-bread-sticks.jpg"}, "large": {"height": 450, "width": 450, "url": "https://media-cdn.tripadvisor.com/media/photo-s/1b/04/a7/5c/buffalo-bread-sticks.jpg"}}, "album": "Other", "source": {"name": "Management", "localized_name": "Management"}, "user": {"username": "Management"}}, {"id": 453289776, "is_blessed": false, "caption": "Hawaiian Pizza.  Canadian Bacon and Pineapple.  ", "published_date": "2020-02-27T00:54:41.087Z", "images": {"thumbnail": {"height": 50, "width": 50, "url": "https://media-cdn.tripadvisor.com/media/photo-t/1b/04/a7/30/hawaiian-pizza-canadian.jpg"}, "small": {"height": 150, "width": 150, "url": "https://media-cdn.tripadvisor.com/media/photo-l/1b/04/a7/30/hawaiian-pizza-canadian.jpg"}, "medium": {"height": 239, "width": 239, "url": "https://media-cdn.tripadvisor.com/media/photo-o/1b/04/a7/30/hawaiian-pizza-canadian.jpg"}, "large": {"height": 450, "width": 450, "url": "https://media-cdn.tripadvisor.com/media/photo-s/1b/04/a7/30/hawaiian-pizza-canadian.jpg"}}, "album": "Other", "source": {"name": "Management", "localized_name": "Management"}, "user": {"username": "Management"}}]}