{"data": [{"id": 213019181, "is_blessed": false, "caption": "Amigos & Bebas", "published_date": "2016-08-25T21:25:43.068Z", "images": {"thumbnail": {"height": 50, "width": 50, "url": "https://media-cdn.tripadvisor.com/media/photo-t/0c/b2/6a/2d/amigos-bebas.jpg"}, "small": {"height": 150, "width": 150, "url": "https://media-cdn.tripadvisor.com/media/photo-l/0c/b2/6a/2d/amigos-bebas.jpg"}, "medium": {"height": 188, "width": 250, "url": "https://media-cdn.tripadvisor.com/media/photo-f/0c/b2/6a/2d/amigos-bebas.jpg"}, "large": {"height": 415, "width": 550, "url": "https://media-cdn.tripadvisor.com/media/photo-s/0c/b2/6a/2d/amigos-bebas.jpg"}, "original": {"height": 971, "width": 1288, "url": "https://media-cdn.tripadvisor.com/media/photo-o/0c/b2/6a/2d/amigos-bebas.jpg"}}, "album": "Other", "source": {"name": "Traveler", "localized_name": "Traveler"}, "user": {"username": "RJourn"}}]}