{"location_id": "13951920", "name": "Well 80", "web_url": "https://www.tripadvisor.com/Restaurant_Review-g58653-d13951920-Reviews-Well_80-Olympia_Washington.html?m=66827", "address_obj": {"street1": "514 4th Ave E", "city": "Olympia", "state": "Washington", "country": "United States", "postalcode": "98501-1111", "address_string": "514 4th Ave E, Olympia, WA 98501-1111"}, "ancestors": [{"level": "City", "name": "Olympia", "location_id": "58653"}, {"abbrv": "WA", "level": "State", "name": "Washington", "location_id": "28968"}, {"level": "Country", "name": "United States", "location_id": "191"}], "latitude": "47.04548", "longitude": "-122.89595", "timezone": "America/Los_Angeles", "phone": "+1 360-915-6653", "website": "http://well80.com", "write_review": "https://www.tripadvisor.com/UserReview-g58653-d13951920-Well_80-Olympia_Washington.html?m=66827", "ranking_data": {"geo_location_id": "58653", "ranking_string": "#18 of 356 Places to Eat in Olympia", "geo_location_name": "Olympia", "ranking_out_of": "356", "ranking": "18"}, "rating": "4.4", "rating_image_url": "https://www.tripadvisor.com/img/cdsi/img2/ratings/traveler/4.5-66827-5.svg", "num_reviews": "69", "review_rating_count": {"1": "1", "2": "0", "3": "10", "4": "19", "5": "39"}, "subratings": {"0": {"name": "rate_atmosphere", "localized_name": "Atmosphere", "rating_image_url": "https://static.tacdn.com/img2/ratings/traveler/ss5.0.svg", "value": "5.0"}, "1": {"name": "rate_food", "localized_name": "Food", "rating_image_url": "https://static.tacdn.com/img2/ratings/traveler/ss4.0.svg", "value": "4.1"}, "2": {"name": "rate_service", "localized_name": "Service", "rating_image_url": "https://static.tacdn.com/img2/ratings/traveler/ss4.5.svg", "value": "4.6"}, "3": {"name": "rate_value", "localized_name": "Value", "rating_image_url": "https://static.tacdn.com/img2/ratings/traveler/ss4.0.svg", "value": "4.0"}}, "photo_count": "45", "see_all_photos": "https://www.tripadvisor.com/Restaurant_Review-g58653-d13951920-m66827-Reviews-Well_80-Olympia_Washington.html#photos", "price_level": "$$ - $$$", "hours": {"periods": [{"open": {"day": 1, "time": "1130"}, "close": {"day": 1, "time": "2200"}}, {"open": {"day": 2, "time": "1130"}, "close": {"day": 2, "time": "2200"}}, {"open": {"day": 3, "time": "1130"}, "close": {"day": 3, "time": "2200"}}, {"open": {"day": 4, "time": "1130"}, "close": {"day": 4, "time": "2200"}}, {"open": {"day": 5, "time": "1130"}, "close": {"day": 5, "time": "2300"}}, {"open": {"day": 6, "time": "1130"}, "close": {"day": 6, "time": "2300"}}, {"open": {"day": 7, "time": "1130"}, "close": {"day": 7, "time": "2200"}}], "weekday_text": ["Monday: 11:30 - 22:00", "Tuesday: 11:30 - 22:00", "Wednesday: 11:30 - 22:00", "Thursday: 11:30 - 22:00", "Friday: 11:30 - 23:00", "Saturday: 11:30 - 23:00", "Sunday: 11:30 - 22:00"]}, "features": ["Seating", "Serves Alcohol", "Table Service", "Takeout", "Television", "Wheelchair Accessible"], "cuisine": [{"name": "american", "localized_name": "American"}, {"name": "bar", "localized_name": "Bar"}, {"name": "pub", "localized_name": "Pub"}, {"name": "brew_pub", "localized_name": "Brew Pub"}], "category": {"name": "restaurant", "localized_name": "Restaurant"}, "subcategory": [], "neighborhood_info": [], "trip_types": [{"name": "business", "localized_name": "Business", "value": "1"}, {"name": "couples", "localized_name": "Couples", "value": "22"}, {"name": "solo", "localized_name": "Solo travel", "value": "1"}, {"name": "family", "localized_name": "Family", "value": "19"}, {"name": "friends", "localized_name": "Friends getaway", "value": "18"}], "awards": []}