{"location_id": "4325775", "name": "Jimmy Johns", "web_url": "https://www.tripadvisor.com/Restaurant_Review-g60878-d4325775-Reviews-Jimmy_Johns-Seattle_Washington.html?m=66827", "address_obj": {"street1": "701 5th Ave", "street2": "Ste 211", "city": "Seattle", "state": "Washington", "country": "United States", "postalcode": "98104-7097", "address_string": "701 5th Ave Ste 211, Seattle, WA 98104-7097"}, "ancestors": [{"level": "City", "name": "Seattle", "location_id": "60878"}, {"abbrv": "WA", "level": "State", "name": "Washington", "location_id": "28968"}, {"level": "Country", "name": "United States", "location_id": "191"}], "latitude": "47.60453", "longitude": "-122.33061", "timezone": "America/Los_Angeles", "phone": "+1 206-805-5733", "website": "http://www.jimmyjohns.com", "write_review": "https://www.tripadvisor.com/UserReview-g60878-d4325775-Jimmy_Johns-Seattle_Washington.html?m=66827", "ranking_data": {"geo_location_id": "60878", "ranking_string": "#2,040 of 3,934 Places to Eat in Seattle", "geo_location_name": "Seattle", "ranking_out_of": "3934", "ranking": "2040"}, "rating": "3.8", "rating_image_url": "https://www.tripadvisor.com/img/cdsi/img2/ratings/traveler/4.0-66827-5.svg", "num_reviews": "6", "review_rating_count": {"1": "1", "2": "0", "3": "1", "4": "1", "5": "3"}, "subratings": {"0": {"name": "rate_food", "localized_name": "Food", "rating_image_url": "https://static.tacdn.com/img2/ratings/traveler/ss3.5.svg", "value": "3.7"}, "1": {"name": "rate_service", "localized_name": "Service", "rating_image_url": "https://static.tacdn.com/img2/ratings/traveler/ss4.5.svg", "value": "4.3"}, "2": {"name": "rate_value", "localized_name": "Value", "rating_image_url": "https://static.tacdn.com/img2/ratings/traveler/ss4.0.svg", "value": "4.0"}}, "photo_count": "0", "see_all_photos": "https://www.tripadvisor.com/Restaurant_Review-g60878-d4325775-m66827-Reviews-Jimmy_Johns-Seattle_Washington.html#photos", "price_level": "$", "hours": {"periods": [{"open": {"day": 1, "time": "1100"}, "close": {"day": 1, "time": "1500"}}, {"open": {"day": 2, "time": "1100"}, "close": {"day": 2, "time": "1500"}}, {"open": {"day": 3, "time": "1100"}, "close": {"day": 3, "time": "1500"}}, {"open": {"day": 4, "time": "1100"}, "close": {"day": 4, "time": "1500"}}, {"open": {"day": 5, "time": "1100"}, "close": {"day": 5, "time": "1500"}}], "weekday_text": ["Monday: 11:00 - 15:00", "Tuesday: 11:00 - 15:00", "Wednesday: 11:00 - 15:00", "Thursday: 11:00 - 15:00", "Friday: 11:00 - 15:00", "Saturday: Closed", "Sunday: Closed"]}, "features": [], "cuisine": [], "category": {"name": "restaurant", "localized_name": "Restaurant"}, "subcategory": [], "neighborhood_info": [], "trip_types": [{"name": "business", "localized_name": "Business", "value": "2"}, {"name": "couples", "localized_name": "Couples", "value": "0"}, {"name": "solo", "localized_name": "Solo travel", "value": "2"}, {"name": "family", "localized_name": "Family", "value": "0"}, {"name": "friends", "localized_name": "Friends getaway", "value": "2"}], "awards": []}