{"location_id": "274305", "name": "Union Station", "description": "This grand relic from the golden age of rail travel was re-opened to visitors in the early 1990s.", "web_url": "https://www.tripadvisor.com/Attraction_Review-g58775-d274305-Reviews-Union_Station-Tacoma_Washington.html?m=66827", "address_obj": {"street1": "", "street2": "", "city": "Tacoma", "state": "Washington", "country": "United States", "postalcode": "", "address_string": "Tacoma, WA"}, "ancestors": [{"level": "City", "name": "Tacoma", "location_id": "58775"}, {"abbrv": "WA", "level": "State", "name": "Washington", "location_id": "28968"}, {"level": "Country", "name": "United States", "location_id": "191"}], "latitude": "47.245823", "longitude": "-122.43639", "timezone": "America/Los_Angeles", "phone": "+1 202-795-9966", "website": "http://unionstationrotunda.org", "write_review": "https://www.tripadvisor.com/UserReview-g58775-d274305-Union_Station-Tacoma_Washington.html?m=66827", "ranking_data": {"geo_location_id": "58775", "ranking_string": "#14 of 140 things to do in Tacoma", "geo_location_name": "Tacoma", "ranking_out_of": "140", "ranking": "14"}, "rating": "4.3", "rating_image_url": "https://www.tripadvisor.com/img/cdsi/img2/ratings/traveler/4.5-66827-5.svg", "num_reviews": "149", "review_rating_count": {"1": "2", "2": "5", "3": "14", "4": "55", "5": "73"}, "photo_count": "58", "see_all_photos": "https://www.tripadvisor.com/Attraction_Review-g58775-d274305-m66827-Reviews-Union_Station-Tacoma_Washington.html#photos", "category": {"name": "attraction", "localized_name": "Attraction"}, "subcategory": [{"name": "landmarks", "localized_name": "Sights & Landmarks"}, {"name": "attractions", "localized_name": "Attractions"}], "groups": [{"name": "Sights & Landmarks", "localized_name": "Sights & Landmarks", "categories": [{"name": "Points of Interest & Landmarks", "localized_name": "Points of Interest & Landmarks"}]}], "neighborhood_info": [], "trip_types": [{"name": "business", "localized_name": "Business", "value": "7"}, {"name": "couples", "localized_name": "Couples", "value": "46"}, {"name": "solo", "localized_name": "Solo travel", "value": "15"}, {"name": "family", "localized_name": "Family", "value": "32"}, {"name": "friends", "localized_name": "Friends getaway", "value": "18"}], "awards": []}