{"data": [{"id": 761650336, "is_blessed": false, "caption": "", "published_date": "2024-09-07T21:26:15.278Z", "images": {"thumbnail": {"height": 50, "width": 50, "url": "https://media-cdn.tripadvisor.com/media/photo-t/2d/65/dc/a0/caption.jpg"}, "small": {"height": 150, "width": 150, "url": "https://media-cdn.tripadvisor.com/media/photo-l/2d/65/dc/a0/caption.jpg"}, "medium": {"height": 166, "width": 250, "url": "https://media-cdn.tripadvisor.com/media/photo-f/2d/65/dc/a0/caption.jpg"}, "large": {"height": 364, "width": 550, "url": "https://media-cdn.tripadvisor.com/media/photo-s/2d/65/dc/a0/caption.jpg"}, "original": {"height": 848, "width": 1280, "url": "https://media-cdn.tripadvisor.com/media/photo-m/1280/2d/65/dc/a0/caption.jpg"}}, "album": "Other", "source": {"name": "Traveler", "localized_name": "Traveler"}, "user": {"username": "EvaT1574"}}]}