{"data": [{"id": 476495434, "is_blessed": false, "caption": "On tap or in the can.", "published_date": "2020-12-07T01:38:45.431Z", "images": {"thumbnail": {"height": 50, "width": 50, "url": "https://media-cdn.tripadvisor.com/media/photo-t/1c/66/be/4a/on-tap-or-in-the-can.jpg"}, "small": {"height": 150, "width": 150, "url": "https://media-cdn.tripadvisor.com/media/photo-l/1c/66/be/4a/on-tap-or-in-the-can.jpg"}, "medium": {"height": 225, "width": 225, "url": "https://media-cdn.tripadvisor.com/media/photo-o/1c/66/be/4a/on-tap-or-in-the-can.jpg"}, "large": {"height": 450, "width": 450, "url": "https://media-cdn.tripadvisor.com/media/photo-s/1c/66/be/4a/on-tap-or-in-the-can.jpg"}}, "album": "Other", "source": {"name": "Traveler", "localized_name": "Traveler"}, "user": {"username": "Brinnon"}}]}