{"data": [{"id": 478424237, "is_blessed": false, "caption": "Pipes show: A glass pipe/bong.", "published_date": "2021-01-12T04:05:44.914Z", "images": {"thumbnail": {"height": 50, "width": 50, "url": "https://media-cdn.tripadvisor.com/media/photo-t/1c/84/2c/ad/bong.jpg"}, "small": {"height": 150, "width": 150, "url": "https://media-cdn.tripadvisor.com/media/photo-l/1c/84/2c/ad/bong.jpg"}, "medium": {"height": 200, "width": 180, "url": "https://media-cdn.tripadvisor.com/media/photo-i/1c/84/2c/ad/bong.jpg"}, "large": {"height": 450, "width": 338, "url": "https://media-cdn.tripadvisor.com/media/photo-s/1c/84/2c/ad/bong.jpg"}, "original": {"height": 1024, "width": 768, "url": "https://media-cdn.tripadvisor.com/media/photo-o/1c/84/2c/ad/bong.jpg"}}, "album": "Other", "source": {"name": "Traveler", "localized_name": "Traveler"}, "user": {"username": "ArchisGore"}}, {"id": 478424236, "is_blessed": false, "caption": "Burlesque costume from the show \"Old is Not a Dirty Word: Dykes Over 50\"", "published_date": "2021-01-12T04:05:44.308Z", "images": {"thumbnail": {"height": 50, "width": 50, "url": "https://media-cdn.tripadvisor.com/media/photo-t/1c/84/2c/ac/burlesque-costume-from.jpg"}, "small": {"height": 150, "width": 150, "url": "https://media-cdn.tripadvisor.com/media/photo-l/1c/84/2c/ac/burlesque-costume-from.jpg"}, "medium": {"height": 200, "width": 180, "url": "https://media-cdn.tripadvisor.com/media/photo-i/1c/84/2c/ac/burlesque-costume-from.jpg"}, "large": {"height": 450, "width": 338, "url": "https://media-cdn.tripadvisor.com/media/photo-s/1c/84/2c/ac/burlesque-costume-from.jpg"}, "original": {"height": 1024, "width": 768, "url": "https://media-cdn.tripadvisor.com/media/photo-o/1c/84/2c/ac/burlesque-costume-from.jpg"}}, "album": "Other", "source": {"name": "Traveler", "localized_name": "Traveler"}, "user": {"username": "ArchisGore"}}, {"id": 478424234, "is_blessed": false, "caption": "Jewelry Show: A paper and wire crown.", "published_date": "2021-01-12T04:05:42.903Z", "images": {"thumbnail": {"height": 50, "width": 50, "url": "https://media-cdn.tripadvisor.com/media/photo-t/1c/84/2c/aa/jewelry-show-a-paper.jpg"}, "small": {"height": 150, "width": 150, "url": "https://media-cdn.tripadvisor.com/media/photo-l/1c/84/2c/aa/jewelry-show-a-paper.jpg"}, "medium": {"height": 200, "width": 180, "url": "https://media-cdn.tripadvisor.com/media/photo-i/1c/84/2c/aa/jewelry-show-a-paper.jpg"}, "large": {"height": 450, "width": 338, "url": "https://media-cdn.tripadvisor.com/media/photo-s/1c/84/2c/aa/jewelry-show-a-paper.jpg"}, "original": {"height": 1024, "width": 768, "url": "https://media-cdn.tripadvisor.com/media/photo-o/1c/84/2c/aa/jewelry-show-a-paper.jpg"}}, "album": "Other", "source": {"name": "Traveler", "localized_name": "Traveler"}, "user": {"username": "ArchisGore"}}, {"id": 478424233, "is_blessed": false, "caption": "Jewelry Show: made of wire and paper. Wonderful hairpins or lapel pins", "published_date": "2021-01-12T04:05:42.322Z", "images": {"thumbnail": {"height": 50, "width": 50, "url": "https://media-cdn.tripadvisor.com/media/photo-t/1c/84/2c/a9/jewelry-show-made-of.jpg"}, "small": {"height": 150, "width": 150, "url": "https://media-cdn.tripadvisor.com/media/photo-l/1c/84/2c/a9/jewelry-show-made-of.jpg"}, "medium": {"height": 188, "width": 250, "url": "https://media-cdn.tripadvisor.com/media/photo-f/1c/84/2c/a9/jewelry-show-made-of.jpg"}, "large": {"height": 413, "width": 550, "url": "https://media-cdn.tripadvisor.com/media/photo-s/1c/84/2c/a9/jewelry-show-made-of.jpg"}, "original": {"height": 768, "width": 1024, "url": "https://media-cdn.tripadvisor.com/media/photo-w/1c/84/2c/a9/jewelry-show-made-of.jpg"}}, "album": "Other", "source": {"name": "Traveler", "localized_name": "Traveler"}, "user": {"username": "ArchisGore"}}]}