{"location_id": "100688", "name": "Hotel Murano", "description": "Nestled in downtown Tacoma, Hotel Murano is more than a stay\u2014it\u2019s an immersion in art and culture. Just steps from the Tacoma Convention Center, top museums, and local dining, our boutique hotel showcases a museum-worthy glass art collection from around the world. Whether you're here for a meeting, a creative escape, or a round at Chambers Bay, you\u2019ll find inspiration in every corner. Sip craft cocktails at BAR960, savor locally sourced cuisine at bite, and explore Tacoma\u2019s thriving arts scene. Plus, we're pet-friendly, so your four-legged companion can join the adventure. Discover a hotel where every stay is a masterpiece.", "web_url": "https://www.tripadvisor.com/Hotel_Review-g58775-d100688-Reviews-Hotel_Murano-Tacoma_Washington.html?m=66827", "address_obj": {"street1": "1320 Broadway", "street2": "", "city": "Tacoma", "state": "Washington", "country": "United States", "postalcode": "98402-3411", "address_string": "1320 Broadway, Tacoma, WA 98402-3411"}, "ancestors": [{"level": "City", "name": "Tacoma", "location_id": "58775"}, {"abbrv": "WA", "level": "State", "name": "Washington", "location_id": "28968"}, {"level": "Country", "name": "United States", "location_id": "191"}], "latitude": "47.250748", "longitude": "-122.43982", "timezone": "America/Los_Angeles", "phone": "12534003859", "write_review": "https://www.tripadvisor.com/UserReview-g58775-d100688-Hotel_Murano-Tacoma_Washington.html?m=66827", "ranking_data": {"geo_location_id": "58775", "ranking_string": "#3 of 28 hotels in Tacoma", "geo_location_name": "Tacoma", "ranking_out_of": "28", "ranking": "3"}, "rating": "4.3", "rating_image_url": "https://www.tripadvisor.com/img/cdsi/img2/ratings/traveler/4.5-66827-5.svg", "num_reviews": "4223", "review_rating_count": {"1": "149", "2": "225", "3": "437", "4": "956", "5": "2458"}, "subratings": {"0": {"name": "rate_location", "localized_name": "Location", "rating_image_url": "https://static.tacdn.com/img2/ratings/traveler/ss4.5.svg", "value": "4.6"}, "1": {"name": "rate_sleep", "localized_name": "Sleep Quality", "rating_image_url": "https://static.tacdn.com/img2/ratings/traveler/ss4.5.svg", "value": "4.4"}, "2": {"name": "rate_room", "localized_name": "Rooms", "rating_image_url": "https://static.tacdn.com/img2/ratings/traveler/ss4.5.svg", "value": "4.4"}, "3": {"name": "rate_service", "localized_name": "Service", "rating_image_url": "https://static.tacdn.com/img2/ratings/traveler/ss4.5.svg", "value": "4.4"}, "4": {"name": "rate_value", "localized_name": "Value", "rating_image_url": "https://static.tacdn.com/img2/ratings/traveler/ss4.0.svg", "value": "4.1"}, "5": {"name": "rate_cleanliness", "localized_name": "Cleanliness", "rating_image_url": "https://static.tacdn.com/img2/ratings/traveler/ss4.5.svg", "value": "4.6"}}, "photo_count": "1088", "see_all_photos": "https://www.tripadvisor.com/Hotel_Review-g58775-d100688-m66827-Reviews-Hotel_Murano-Tacoma_Washington.html#photos", "price_level": "$$", "amenities": ["Room service", "Restaurant", "Business center", "Fitness center", "Internet", "Free Internet", "Wifi", "Free Wifi", "Wheelchair access", "Bar/Lounge", "Suites", "Pets Allowed", "Public Wifi", "Dry Cleaning", "Meeting rooms", "Non-smoking rooms", "Laundry Service", "Concierge", "Banquet Room", "Air conditioning", "Multilingual Staff", "Accessible rooms", "Refrigerator in room", "Conference Facilities", "Non-smoking hotel", "Safe", "Flatscreen TV", "Breakfast Available", "Facilities for Disabled Guests", "Housekeeping", "Electric vehicle charging station", "ATM On Site", "Baggage Storage", "Bath / Shower", "Bathrobes", "24-Hour Check-in", "Coffee / Tea Maker", "Desk", "English", "Complimentary Toiletries", "24-Hour Front Desk", "Hair Dryer", "Interconnected room(s) available", "Iron", "Ironing Service", "Parking Garage", "Paid Private Parking On-site", "Paid Private Parking Nearby", "Salon", "Seating Area", "24-Hour Security", "Spanish", "Special Diet Menus", "Taxi Service", "Telephone", "Wake Up Service / Alarm Clock", "Bridal Suite", "Express Check-in / Check-out", "Free Wifi in the Business Center", "Landmark View", "Mountain View", "Private Bathrooms", "Radio", "VIP Room Facilities", "Wardrobe / Closet"], "category": {"name": "hotel", "localized_name": "Hotel"}, "subcategory": [{"name": "hotel", "localized_name": "Hotel"}], "styles": ["Modern", "Trendy"], "neighborhood_info": [], "trip_types": [{"name": "business", "localized_name": "Business", "value": "1634"}, {"name": "couples", "localized_name": "Couples", "value": "1110"}, {"name": "solo", "localized_name": "Solo travel", "value": "266"}, {"name": "family", "localized_name": "Family", "value": "696"}, {"name": "friends", "localized_name": "Friends getaway", "value": "361"}], "awards": []}