{"location_id": "27826567", "name": "Cup Of Swords Tavern", "web_url": "https://www.tripadvisor.com/Restaurant_Review-g58653-d27826567-Reviews-Cup_Of_Swords_Tavern-Olympia_Washington.html?m=66827", "address_obj": {"street1": "1005 4th Ave E", "city": "Olympia", "state": "Washington", "country": "United States", "postalcode": "98506-4016", "address_string": "1005 4th Ave E, Olympia, WA 98506-4016"}, "ancestors": [{"level": "City", "name": "Olympia", "location_id": "58653"}, {"abbrv": "WA", "level": "State", "name": "Washington", "location_id": "28968"}, {"level": "Country", "name": "United States", "location_id": "191"}], "latitude": "47.04546", "longitude": "-122.88957", "timezone": "America/Los_Angeles", "website": "https://cupofswordstavern.com/", "write_review": "https://www.tripadvisor.com/UserReview-g58653-d27826567-Cup_Of_Swords_Tavern-Olympia_Washington.html?m=66827", "num_reviews": "0", "subratings": {}, "photo_count": "0", "see_all_photos": "https://www.tripadvisor.com/Restaurant_Review-g58653-d27826567-m66827-Reviews-Cup_Of_Swords_Tavern-Olympia_Washington.html#photos", "features": [], "cuisine": [], "category": {"name": "restaurant", "localized_name": "Restaurant"}, "subcategory": [], "neighborhood_info": [], "trip_types": [{"name": "business", "localized_name": "Business", "value": "0"}, {"name": "couples", "localized_name": "Couples", "value": "0"}, {"name": "solo", "localized_name": "Solo travel", "value": "0"}, {"name": "family", "localized_name": "Family", "value": "0"}, {"name": "friends", "localized_name": "Friends getaway", "value": "0"}], "awards": []}