{"location_id": "100585", "name": "Kimpton Hotel Vintage Seattle", "description": "A newly renovated wine-themed boutique hotel in downtown Seattle, featuring a hosted evening wine reception, the Hotel Vintage has been named to Conde Nast Traveler's Gold List.", "web_url": "https://www.tripadvisor.com/Hotel_Review-g60878-d100585-Reviews-Kimpton_Hotel_Vintage_Seattle-Seattle_Washington.html?m=66827", "address_obj": {"street1": "1100 5th Ave", "street2": "", "city": "Seattle", "state": "Washington", "country": "United States", "postalcode": "98101", "address_string": "1100 5th Ave, Seattle, WA 98101"}, "ancestors": [{"level": "City", "name": "Seattle", "location_id": "60878"}, {"abbrv": "WA", "level": "State", "name": "Washington", "location_id": "28968"}, {"level": "Country", "name": "United States", "location_id": "191"}], "latitude": "47.607685", "longitude": "-122.33242", "timezone": "America/Los_Angeles", "phone": "18778595095", "write_review": "https://www.tripadvisor.com/UserReview-g60878-d100585-Kimpton_Hotel_Vintage_Seattle-Seattle_Washington.html?m=66827", "ranking_data": {"geo_location_id": "60878", "ranking_string": "#34 of 118 hotels in Seattle", "geo_location_name": "Seattle", "ranking_out_of": "118", "ranking": "34"}, "rating": "4.5", "rating_image_url": "https://www.tripadvisor.com/img/cdsi/img2/ratings/traveler/4.5-66827-5.svg", "num_reviews": "2106", "review_rating_count": {"1": "31", "2": "61", "3": "157", "4": "513", "5": "1344"}, "subratings": {"0": {"name": "rate_location", "localized_name": "Location", "rating_image_url": "https://static.tacdn.com/img2/ratings/traveler/ss4.5.svg", "value": "4.7"}, "1": {"name": "rate_sleep", "localized_name": "Sleep Quality", "rating_image_url": "https://static.tacdn.com/img2/ratings/traveler/ss4.5.svg", "value": "4.6"}, "2": {"name": "rate_room", "localized_name": "Rooms", "rating_image_url": "https://static.tacdn.com/img2/ratings/traveler/ss4.5.svg", "value": "4.4"}, "3": {"name": "rate_service", "localized_name": "Service", "rating_image_url": "https://static.tacdn.com/img2/ratings/traveler/ss4.5.svg", "value": "4.6"}, "4": {"name": "rate_value", "localized_name": "Value", "rating_image_url": "https://static.tacdn.com/img2/ratings/traveler/ss4.5.svg", "value": "4.3"}, "5": {"name": "rate_cleanliness", "localized_name": "Cleanliness", "rating_image_url": "https://static.tacdn.com/img2/ratings/traveler/ss4.5.svg", "value": "4.7"}}, "photo_count": "535", "see_all_photos": "https://www.tripadvisor.com/Hotel_Review-g60878-d100585-m66827-Reviews-Kimpton_Hotel_Vintage_Seattle-Seattle_Washington.html#photos", "price_level": "$$$$", "hours": {"periods": [{"open": {"day": 1, "time": "0000"}, "close": {"day": 1, "time": "0000"}}, {"open": {"day": 2, "time": "0000"}, "close": {"day": 2, "time": "0000"}}, {"open": {"day": 3, "time": "0000"}, "close": {"day": 3, "time": "0000"}}, {"open": {"day": 4, "time": "0000"}, "close": {"day": 4, "time": "0000"}}, {"open": {"day": 5, "time": "0000"}, "close": {"day": 5, "time": "0000"}}, {"open": {"day": 6, "time": "0000"}, "close": {"day": 6, "time": "0000"}}, {"open": {"day": 7, "time": "0000"}, "close": {"day": 7, "time": "0000"}}], "weekday_text": ["Monday: 00:00 - 00:00", "Tuesday: 00:00 - 00:00", "Wednesday: 00:00 - 00:00", "Thursday: 00:00 - 00:00", "Friday: 00:00 - 00:00", "Saturday: 00:00 - 00:00", "Sunday: 00:00 - 00:00"]}, "amenities": ["Pets Allowed", "Room service", "Suites", "Wheelchair access", "Internet", "Free Internet", "Wifi", "Free Wifi", "Restaurant", "Bar/Lounge", "Dry Cleaning", "Meeting rooms", "Non-smoking rooms", "Fitness center", "Laundry Service", "Concierge", "Air conditioning", "Family Rooms", "Multilingual Staff", "Accessible rooms", "Minibar", "Conference Facilities", "Non-smoking hotel", "Safe", "Flatscreen TV", "Facilities for Disabled Guests", "Baggage Storage", "Bath / Shower", "English", "24-Hour Front Desk", "Iron", "Paid Private Parking On-site", "Public Wifi", "Paid Wifi", "Refrigerator in room", "Housekeeping", "Kids Stay Free", "Allergy-free Room", "ATM On Site", "Bathrobes", "Blackout Curtains", "Cable / Satellite TV", "24-Hour Check-in", "Express Check-in / Check-out", "Chinese", "Complimentary Tea", "Desk", "Doorperson", "Electric Kettle", "Entertainment Staff", "Filipino", "Fireplace", "First Aid Kit", "Complimentary Toiletries", "Hair Dryer", "Happy Hour", "Highchairs Available", "Interconnected room(s) available", "Ironing Service", "Korean", "Landmark View", "Laptop Safe", "On-Demand Movies", "Outdoor Dining Area", "Private Bathrooms", "Paid Private Parking Nearby", "Paid Public Parking Nearby", "Radio", "Seating Area", "24-Hour Security", "Secured Parking", "Separate Living Room", "Snack Bar", "Sofa", "Sofa Bed", "Spanish", "Street Parking", "Telephone", "Umbrella", "Valet Parking", "Wake Up Service / Alarm Clock", "Walking Tours", "Wardrobe / Closet", "Wine / Champagne", "Yoga Classes"], "parent_brand": "InterContinental", "brand": "Kimpton Hotels", "category": {"name": "hotel", "localized_name": "Hotel"}, "subcategory": [{"name": "hotel", "localized_name": "Hotel"}], "styles": ["Boutique", "Quiet"], "neighborhood_info": [{"location_id": "20933756", "name": "Downtown"}], "trip_types": [{"name": "business", "localized_name": "Business", "value": "416"}, {"name": "couples", "localized_name": "Couples", "value": "817"}, {"name": "solo", "localized_name": "Solo travel", "value": "138"}, {"name": "family", "localized_name": "Family", "value": "377"}, {"name": "friends", "localized_name": "Friends getaway", "value": "166"}], "awards": []}