{"data": [{"id": 196153493, "is_blessed": false, "caption": "One of the tanks with an eel made for Pocession of the Species", "published_date": "2016-06-22T00:30:54.384Z", "images": {"thumbnail": {"height": 50, "width": 50, "url": "https://media-cdn.tripadvisor.com/media/photo-t/0b/b1/10/95/one-of-the-tanks-with.jpg"}, "small": {"height": 150, "width": 150, "url": "https://media-cdn.tripadvisor.com/media/photo-l/0b/b1/10/95/one-of-the-tanks-with.jpg"}, "medium": {"height": 141, "width": 250, "url": "https://media-cdn.tripadvisor.com/media/photo-f/0b/b1/10/95/one-of-the-tanks-with.jpg"}, "large": {"height": 309, "width": 550, "url": "https://media-cdn.tripadvisor.com/media/photo-s/0b/b1/10/95/one-of-the-tanks-with.jpg"}, "original": {"height": 540, "width": 960, "url": "https://media-cdn.tripadvisor.com/media/photo-o/0b/b1/10/95/one-of-the-tanks-with.jpg"}}, "album": "Other", "source": {"name": "Traveler", "localized_name": "Traveler"}, "user": {"username": "DMonkey06"}}, {"id": 196153492, "is_blessed": false, "caption": "Sea cucumber and sea star", "published_date": "2016-06-22T00:30:51.055Z", "images": {"thumbnail": {"height": 50, "width": 50, "url": "https://media-cdn.tripadvisor.com/media/photo-t/0b/b1/10/94/sea-cucumber-and-sea.jpg"}, "medium": {"height": 200, "width": 180, "url": "https://media-cdn.tripadvisor.com/media/photo-i/0b/b1/10/94/sea-cucumber-and-sea.jpg"}, "small": {"height": 150, "width": 150, "url": "https://media-cdn.tripadvisor.com/media/photo-l/0b/b1/10/94/sea-cucumber-and-sea.jpg"}, "large": {"height": 450, "width": 253, "url": "https://media-cdn.tripadvisor.com/media/photo-s/0b/b1/10/94/sea-cucumber-and-sea.jpg"}, "original": {"height": 960, "width": 540, "url": "https://media-cdn.tripadvisor.com/media/photo-o/0b/b1/10/94/sea-cucumber-and-sea.jpg"}}, "album": "Other", "source": {"name": "Traveler", "localized_name": "Traveler"}, "user": {"username": "DMonkey06"}}]}