{"location_id": "100554", "name": "Renaissance Seattle Hotel", "description": "Rest easy at Renaissance Seattle Hotel. Our hotel in Seattle, Washington, is located near Pike Place Market, The Gum Wall, and upscale shopping and dining. After a busy day, unwind in spacious guest rooms with stunning views of Puget Sound, the mountains, and the the city skyline. Enjoy on-site dining at The Fig and The Judge, or celebrate with a unique cocktail made by our expert mixologists in The 515.", "web_url": "https://www.tripadvisor.com/Hotel_Review-g60878-d100554-Reviews-Renaissance_Seattle_Hotel-Seattle_Washington.html?m=66827", "address_obj": {"street1": "515 Madison Street", "street2": "", "city": "Seattle", "state": "Washington", "country": "United States", "postalcode": "98104", "address_string": "515 Madison Street, Seattle, WA 98104"}, "ancestors": [{"level": "City", "name": "Seattle", "location_id": "60878"}, {"abbrv": "WA", "level": "State", "name": "Washington", "location_id": "28968"}, {"level": "Country", "name": "United States", "location_id": "191"}], "latitude": "47.60667", "longitude": "-122.33069", "timezone": "America/Los_Angeles", "phone": "18446310595", "write_review": "https://www.tripadvisor.com/UserReview-g60878-d100554-Renaissance_Seattle_Hotel-Seattle_Washington.html?m=66827", "ranking_data": {"geo_location_id": "60878", "ranking_string": "#55 of 118 hotels in Seattle", "geo_location_name": "Seattle", "ranking_out_of": "118", "ranking": "55"}, "rating": "3.9", "rating_image_url": "https://www.tripadvisor.com/img/cdsi/img2/ratings/traveler/4.0-66827-5.svg", "num_reviews": "2378", "review_rating_count": {"1": "72", "2": "156", "3": "392", "4": "1021", "5": "737"}, "subratings": {"0": {"name": "rate_location", "localized_name": "Location", "rating_image_url": "https://static.tacdn.com/img2/ratings/traveler/ss4.0.svg", "value": "4.0"}, "1": {"name": "rate_sleep", "localized_name": "Sleep Quality", "rating_image_url": "https://static.tacdn.com/img2/ratings/traveler/ss4.0.svg", "value": "4.0"}, "2": {"name": "rate_room", "localized_name": "Rooms", "rating_image_url": "https://static.tacdn.com/img2/ratings/traveler/ss4.0.svg", "value": "4.0"}, "3": {"name": "rate_service", "localized_name": "Service", "rating_image_url": "https://static.tacdn.com/img2/ratings/traveler/ss4.5.svg", "value": "4.3"}, "4": {"name": "rate_value", "localized_name": "Value", "rating_image_url": "https://static.tacdn.com/img2/ratings/traveler/ss3.5.svg", "value": "3.7"}, "5": {"name": "rate_cleanliness", "localized_name": "Cleanliness", "rating_image_url": "https://static.tacdn.com/img2/ratings/traveler/ss4.5.svg", "value": "4.4"}}, "photo_count": "774", "see_all_photos": "https://www.tripadvisor.com/Hotel_Review-g60878-d100554-m66827-Reviews-Renaissance_Seattle_Hotel-Seattle_Washington.html#photos", "price_level": "$$$$", "hours": {"periods": [{"open": {"day": 1, "time": "0000"}, "close": {"day": 1, "time": "0000"}}, {"open": {"day": 2, "time": "0000"}, "close": {"day": 2, "time": "0000"}}, {"open": {"day": 3, "time": "0000"}, "close": {"day": 3, "time": "0000"}}, {"open": {"day": 4, "time": "0000"}, "close": {"day": 4, "time": "0000"}}, {"open": {"day": 5, "time": "0000"}, "close": {"day": 5, "time": "0000"}}, {"open": {"day": 6, "time": "0000"}, "close": {"day": 6, "time": "0000"}}, {"open": {"day": 7, "time": "0000"}, "close": {"day": 7, "time": "0000"}}], "weekday_text": ["Monday: 00:00 - 00:00", "Tuesday: 00:00 - 00:00", "Wednesday: 00:00 - 00:00", "Thursday: 00:00 - 00:00", "Friday: 00:00 - 00:00", "Saturday: 00:00 - 00:00", "Sunday: 00:00 - 00:00"]}, "amenities": ["Pets Allowed", "Wifi", "Suites", "Public Wifi", "Meeting rooms", "Concierge", "Internet", "Room service", "Wheelchair access", "Restaurant", "Bar/Lounge", "Dry Cleaning", "Non-smoking rooms", "Business center", "Fitness center", "Banquet Room", "Air conditioning", "Family Rooms", "Multilingual Staff", "Accessible rooms", "Refrigerator in room", "Conference Facilities", "Non-smoking hotel", "Safe", "Flatscreen TV", "Breakfast Buffet", "Breakfast Available", "Parking", "Facilities for Disabled Guests", "Housekeeping", "Baggage Storage", "Bath / Shower", "Breakfast in the Room", "Express Check-in / Check-out", "Coffee Shop", "Coffee / Tea Maker", "Desk", "Doorperson", "English", "Complimentary Toiletries", "24-Hour Front Desk", "Hair Dryer", "Iron", "Ironing Service", "On-Demand Movies", "Parking Garage", "Paid Private Parking On-site", "Paid Private Parking Nearby", "Paid Public Parking Nearby", "Paid Public Parking On-site", "24-Hour Security", "Secured Parking", "Spanish", "Telephone", "Valet Parking", "Wake Up Service / Alarm Clock", "Allergy-free Room", "ATM On Site", "Bathrobes", "Bottled Water", "Bowling Off-site", "Executive Lounge Access", "Private Bathrooms", "Private Check-in / Check-out", "Street Parking", "Tennis Court Off-site", "Wardrobe / Closet"], "parent_brand": "Marriott", "brand": "Renaissance Hotels (Marriott Bonvoy)", "category": {"name": "hotel", "localized_name": "Hotel"}, "subcategory": [{"name": "hotel", "localized_name": "Hotel"}], "styles": ["City View", "Great View"], "neighborhood_info": [], "trip_types": [{"name": "business", "localized_name": "Business", "value": "751"}, {"name": "couples", "localized_name": "Couples", "value": "690"}, {"name": "solo", "localized_name": "Solo travel", "value": "142"}, {"name": "family", "localized_name": "Family", "value": "366"}, {"name": "friends", "localized_name": "Friends getaway", "value": "200"}], "awards": [{"award_type": "Travelers Choice", "year": "2024", "images": {"tiny": "https://static.tacdn.com/img2/travelers_choice/widgets/tchotel_2024_L.png", "small": "https://static.tacdn.com/img2/travelers_choice/widgets/tchotel_2024_L.png", "large": "https://static.tacdn.com/img2/travelers_choice/widgets/tchotel_2024_L.png"}, "categories": [], "display_name": "Travelers Choice"}]}