{"data": [{"id": 443661922, "is_blessed": false, "caption": "", "published_date": "2019-12-30T20:34:11.735Z", "images": {"thumbnail": {"height": 50, "width": 50, "url": "https://media-cdn.tripadvisor.com/media/photo-t/1a/71/be/62/quality-inn-olympia.jpg"}, "small": {"height": 150, "width": 150, "url": "https://media-cdn.tripadvisor.com/media/photo-l/1a/71/be/62/quality-inn-olympia.jpg"}, "medium": {"height": 166, "width": 250, "url": "https://media-cdn.tripadvisor.com/media/photo-f/1a/71/be/62/quality-inn-olympia.jpg"}, "large": {"height": 364, "width": 550, "url": "https://media-cdn.tripadvisor.com/media/photo-s/1a/71/be/62/quality-inn-olympia.jpg"}, "original": {"height": 848, "width": 1280, "url": "https://media-cdn.tripadvisor.com/media/photo-m/1280/1a/71/be/62/quality-inn-olympia.jpg"}}, "album": "Hotel & Grounds", "source": {"name": "Management", "localized_name": "Management"}, "user": {"username": "Management"}}, {"id": 443661800, "is_blessed": false, "caption": "", "published_date": "2019-12-30T20:33:32.409Z", "images": {"thumbnail": {"height": 50, "width": 50, "url": "https://media-cdn.tripadvisor.com/media/photo-t/1a/71/bd/e8/quality-inn-olympia.jpg"}, "small": {"height": 150, "width": 150, "url": "https://media-cdn.tripadvisor.com/media/photo-l/1a/71/bd/e8/quality-inn-olympia.jpg"}, "medium": {"height": 166, "width": 250, "url": "https://media-cdn.tripadvisor.com/media/photo-f/1a/71/bd/e8/quality-inn-olympia.jpg"}, "large": {"height": 364, "width": 550, "url": "https://media-cdn.tripadvisor.com/media/photo-s/1a/71/bd/e8/quality-inn-olympia.jpg"}, "original": {"height": 848, "width": 1280, "url": "https://media-cdn.tripadvisor.com/media/photo-m/1280/1a/71/bd/e8/quality-inn-olympia.jpg"}}, "album": "Hotel & Grounds", "source": {"name": "Management", "localized_name": "Management"}, "user": {"username": "Management"}}, {"id": 443661697, "is_blessed": false, "caption": "", "published_date": "2019-12-30T20:32:54.212Z", "images": {"thumbnail": {"height": 50, "width": 50, "url": "https://media-cdn.tripadvisor.com/media/photo-t/1a/71/bd/81/quality-inn-olympia.jpg"}, "small": {"height": 150, "width": 150, "url": "https://media-cdn.tripadvisor.com/media/photo-l/1a/71/bd/81/quality-inn-olympia.jpg"}, "medium": {"height": 166, "width": 250, "url": "https://media-cdn.tripadvisor.com/media/photo-f/1a/71/bd/81/quality-inn-olympia.jpg"}, "large": {"height": 364, "width": 550, "url": "https://media-cdn.tripadvisor.com/media/photo-s/1a/71/bd/81/quality-inn-olympia.jpg"}, "original": {"height": 848, "width": 1280, "url": "https://media-cdn.tripadvisor.com/media/photo-m/1280/1a/71/bd/81/quality-inn-olympia.jpg"}}, "album": "Hotel & Grounds", "source": {"name": "Management", "localized_name": "Management"}, "user": {"username": "Management"}}, {"id": 443661521, "is_blessed": false, "caption": "", "published_date": "2019-12-30T20:31:46.206Z", "images": {"thumbnail": {"height": 50, "width": 50, "url": "https://media-cdn.tripadvisor.com/media/photo-t/1a/71/bc/d1/quality-inn-olympia.jpg"}, "small": {"height": 150, "width": 150, "url": "https://media-cdn.tripadvisor.com/media/photo-l/1a/71/bc/d1/quality-inn-olympia.jpg"}, "medium": {"height": 166, "width": 250, "url": "https://media-cdn.tripadvisor.com/media/photo-f/1a/71/bc/d1/quality-inn-olympia.jpg"}, "large": {"height": 364, "width": 550, "url": "https://media-cdn.tripadvisor.com/media/photo-s/1a/71/bc/d1/quality-inn-olympia.jpg"}, "original": {"height": 848, "width": 1280, "url": "https://media-cdn.tripadvisor.com/media/photo-m/1280/1a/71/bc/d1/quality-inn-olympia.jpg"}}, "album": "Hotel & Grounds", "source": {"name": "Management", "localized_name": "Management"}, "user": {"username": "Management"}}]}