{"location_id": "27021572", "name": "Olympia's Artesian Well", "web_url": "https://www.tripadvisor.com/Attraction_Review-g58653-d27021572-Reviews-Olympia_s_Artesian_Well-Olympia_Washington.html?m=66827", "address_obj": {"street1": "415 4th Ave E", "city": "Olympia", "state": "Washington", "country": "United States", "postalcode": "98501-1108", "address_string": "415 4th Ave E, Olympia, WA 98501-1108"}, "ancestors": [{"level": "City", "name": "Olympia", "location_id": "58653"}, {"abbrv": "WA", "level": "State", "name": "Washington", "location_id": "28968"}, {"level": "Country", "name": "United States", "location_id": "191"}], "latitude": "47.044865", "longitude": "-122.897095", "timezone": "America/Los_Angeles", "website": "https://www.facebook.com/104641386233452", "write_review": "https://www.tripadvisor.com/UserReview-g58653-d27021572-Olympia_s_Artesian_Well-Olympia_Washington.html?m=66827", "num_reviews": "0", "photo_count": "0", "see_all_photos": "https://www.tripadvisor.com/Attraction_Review-g58653-d27021572-m66827-Reviews-Olympia_s_Artesian_Well-Olympia_Washington.html#photos", "category": {"name": "attraction", "localized_name": "Attraction"}, "subcategory": [{"name": "nature_parks", "localized_name": "Nature & Parks"}, {"name": "attractions", "localized_name": "Attractions"}], "groups": [{"name": "Nature & Parks", "localized_name": "Nature & Parks", "categories": [{"name": "Parks", "localized_name": "Parks"}]}], "neighborhood_info": [], "trip_types": [{"name": "business", "localized_name": "Business", "value": "0"}, {"name": "couples", "localized_name": "Couples", "value": "0"}, {"name": "solo", "localized_name": "Solo travel", "value": "0"}, {"name": "family", "localized_name": "Family", "value": "0"}, {"name": "friends", "localized_name": "Friends getaway", "value": "0"}], "awards": []}