{"location_id": "603458", "name": "Greg Kucera Gallery", "web_url": "https://www.tripadvisor.com/Attraction_Review-g60878-d603458-Reviews-Greg_Kucera_Gallery-Seattle_Washington.html?m=66827", "address_obj": {"street1": "212 3rd Ave S", "street2": "", "city": "Seattle", "state": "Washington", "country": "United States", "postalcode": "98104-2608", "address_string": "212 3rd Ave S, Seattle, WA 98104-2608"}, "ancestors": [{"level": "City", "name": "Seattle", "location_id": "60878"}, {"abbrv": "WA", "level": "State", "name": "Washington", "location_id": "28968"}, {"level": "Country", "name": "United States", "location_id": "191"}], "latitude": "47.60046", "longitude": "-122.32989", "timezone": "America/Los_Angeles", "phone": "+1 206-624-0770", "website": "http://www.gregkucera.com", "write_review": "https://www.tripadvisor.com/UserReview-g60878-d603458-Greg_Kucera_Gallery-Seattle_Washington.html?m=66827", "ranking_data": {"geo_location_id": "60878", "ranking_string": "#246 of 859 things to do in Seattle", "geo_location_name": "Seattle", "ranking_out_of": "859", "ranking": "246"}, "rating": "4.7", "rating_image_url": "https://www.tripadvisor.com/img/cdsi/img2/ratings/traveler/4.5-66827-5.svg", "num_reviews": "3", "review_rating_count": {"1": "0", "2": "0", "3": "0", "4": "1", "5": "2"}, "photo_count": "3", "see_all_photos": "https://www.tripadvisor.com/Attraction_Review-g60878-d603458-m66827-Reviews-Greg_Kucera_Gallery-Seattle_Washington.html#photos", "hours": {"periods": [{"open": {"day": 2, "time": "1030"}, "close": {"day": 2, "time": "1730"}}, {"open": {"day": 3, "time": "1030"}, "close": {"day": 3, "time": "1730"}}, {"open": {"day": 4, "time": "1030"}, "close": {"day": 4, "time": "1730"}}, {"open": {"day": 5, "time": "1030"}, "close": {"day": 5, "time": "1730"}}, {"open": {"day": 6, "time": "1030"}, "close": {"day": 6, "time": "1730"}}], "weekday_text": ["Monday: Closed", "Tuesday: 10:30 - 17:30", "Wednesday: 10:30 - 17:30", "Thursday: 10:30 - 17:30", "Friday: 10:30 - 17:30", "Saturday: 10:30 - 17:30", "Sunday: Closed"]}, "category": {"name": "attraction", "localized_name": "Attraction"}, "subcategory": [{"name": "shopping", "localized_name": "Shopping"}, {"name": "museums", "localized_name": "Museums"}, {"name": "attractions", "localized_name": "Attractions"}], "groups": [{"name": "Shopping", "localized_name": "Shopping", "categories": [{"name": "Art Galleries", "localized_name": "Art Galleries"}]}, {"name": "Museums", "localized_name": "Museums", "categories": [{"name": "Art Galleries", "localized_name": "Art Galleries"}]}], "neighborhood_info": [{"location_id": "20933756", "name": "Downtown"}], "trip_types": [{"name": "business", "localized_name": "Business", "value": "1"}, {"name": "couples", "localized_name": "Couples", "value": "1"}, {"name": "solo", "localized_name": "Solo travel", "value": "1"}, {"name": "family", "localized_name": "Family", "value": "0"}, {"name": "friends", "localized_name": "Friends getaway", "value": "0"}], "awards": []}