{"location_id": "225692", "name": "Quality Inn Olympia", "description": "See why so many travelers make Quality Inn Olympia their hotel of choice when visiting Olympia. Providing an ideal mix of value, comfort and convenience. It offers a budget friendly setting with an array of amenities designed for travelers like you. Quality Inn Hotel is a budget friendly hotel offering a flat screen TV, air conditioning, microwave and refrigerator in the rooms. It is easy to stay connected during your stay as free wifi is offered to guests. The hotel features a 24 hour front desk, plus guests can enjoy a full hot breakfast which have made this a popular choice among travelers visiting Olympia. For guests with a vehicle, free parking is available. For those interested in checking out Port Plaza Park (1.1 mi) while visiting Olympia, Quality Inn Olympia is a short distance away. When you\u2019re feeling hungry, be sure to check out Mercato Ristorante, Dirty Dave's Gay Nineties, and Basilico, which are some Italian restaurants that are popular with locals and out-of-towners alike. If you are interested in exploring Olympia, check out one of the history museums, such as Bigelow House Museum and Tugboat Sand Man. We\u2019re sure you\u2019ll enjoy your stay at Quality Inn Olympia as you experience all of the things Olympia has to offer.", "web_url": "https://www.tripadvisor.com/Hotel_Review-g58653-d225692-Reviews-Quality_Inn_Olympia-Olympia_Washington.html?m=66827", "address_obj": {"street1": "1211 Quince St SE", "street2": "", "city": "Olympia", "state": "Washington", "country": "United States", "postalcode": "98501-2455", "address_string": "1211 Quince St SE, Olympia, WA 98501-2455"}, "ancestors": [{"level": "City", "name": "Olympia", "location_id": "58653"}, {"abbrv": "WA", "level": "State", "name": "Washington", "location_id": "28968"}, {"level": "Country", "name": "United States", "location_id": "191"}], "latitude": "47.0379", "longitude": "-122.88942", "timezone": "America/Los_Angeles", "write_review": "https://www.tripadvisor.com/UserReview-g58653-d225692-Quality_Inn_Olympia-Olympia_Washington.html?m=66827", "ranking_data": {"geo_location_id": "58653", "ranking_string": "#8 of 8 hotels in Olympia", "geo_location_name": "Olympia", "ranking_out_of": "8", "ranking": "8"}, "rating": "3.3", "rating_image_url": "https://www.tripadvisor.com/img/cdsi/img2/ratings/traveler/3.5-66827-5.svg", "num_reviews": "149", "review_rating_count": {"1": "17", "2": "15", "3": "44", "4": "56", "5": "17"}, "subratings": {"0": {"name": "rate_sleep", "localized_name": "Sleep Quality", "rating_image_url": "https://static.tacdn.com/img2/ratings/traveler/ss4.0.svg", "value": "3.9"}, "1": {"name": "rate_location", "localized_name": "Location", "rating_image_url": "https://static.tacdn.com/img2/ratings/traveler/ss3.5.svg", "value": "3.6"}, "2": {"name": "rate_room", "localized_name": "Rooms", "rating_image_url": "https://static.tacdn.com/img2/ratings/traveler/ss3.5.svg", "value": "3.3"}, "3": {"name": "rate_service", "localized_name": "Service", "rating_image_url": "https://static.tacdn.com/img2/ratings/traveler/ss4.0.svg", "value": "3.8"}, "4": {"name": "rate_value", "localized_name": "Value", "rating_image_url": "https://static.tacdn.com/img2/ratings/traveler/ss3.5.svg", "value": "3.7"}, "5": {"name": "rate_cleanliness", "localized_name": "Cleanliness", "rating_image_url": "https://static.tacdn.com/img2/ratings/traveler/ss3.5.svg", "value": "3.7"}}, "photo_count": "43", "see_all_photos": "https://www.tripadvisor.com/Hotel_Review-g58653-d225692-m66827-Reviews-Quality_Inn_Olympia-Olympia_Washington.html#photos", "price_level": "$", "amenities": ["Free parking", "Internet", "Free Internet", "Wheelchair access", "Breakfast included", "Non-smoking rooms", "Air conditioning", "Microwave", "Flatscreen TV", "Parking", "Housekeeping", "Pets Allowed", "Wifi", "Free Wifi", "Business center", "Fitness center", "Concierge", "Family Rooms", "Self-Serve Laundry", "Accessible rooms", "Refrigerator in room", "Non-smoking hotel", "Breakfast Buffet", "Facilities for Disabled Guests", "Kids Stay Free", "Bath / Shower", "24-Hour Check-in", "Express Check-in / Check-out", "Clothes Rack", "Coffee / Tea Maker", "Complimentary Tea", "Desk", "English", "Complimentary Instant Coffee", "Complimentary Toiletries", "Free Wifi in the Business Center", "24-Hour Front Desk", "Gift Shop", "Hair Dryer", "Highchairs Available", "Interconnected room(s) available", "Iron", "Newspaper", "Private Bathrooms", "Telephone", "Wake Up Service / Alarm Clock", "Water Park Off-site", "Photo Copier / Fax In Business Center"], "parent_brand": "Choice Hotels International, Inc.", "brand": "Quality Inn", "category": {"name": "hotel", "localized_name": "Hotel"}, "subcategory": [{"name": "hotel", "localized_name": "Hotel"}], "styles": ["Budget", "Quiet"], "neighborhood_info": [], "trip_types": [{"name": "business", "localized_name": "Business", "value": "22"}, {"name": "couples", "localized_name": "Couples", "value": "58"}, {"name": "solo", "localized_name": "Solo travel", "value": "18"}, {"name": "family", "localized_name": "Family", "value": "38"}, {"name": "friends", "localized_name": "Friends getaway", "value": "4"}], "awards": []}