{"data": [{"id": 116122044, "is_blessed": false, "caption": "Exterior", "published_date": "2014-11-19T17:31:46.501Z", "images": {"thumbnail": {"height": 50, "width": 50, "url": "https://media-cdn.tripadvisor.com/media/photo-t/06/eb/e1/bc/governor-hotel.jpg"}, "small": {"height": 150, "width": 150, "url": "https://media-cdn.tripadvisor.com/media/photo-l/06/eb/e1/bc/governor-hotel.jpg"}, "medium": {"height": 203, "width": 250, "url": "https://media-cdn.tripadvisor.com/media/photo-f/06/eb/e1/bc/governor-hotel.jpg"}, "large": {"height": 446, "width": 550, "url": "https://media-cdn.tripadvisor.com/media/photo-s/06/eb/e1/bc/governor-hotel.jpg"}, "original": {"height": 1217, "width": 1500, "url": "https://media-cdn.tripadvisor.com/media/photo-o/06/eb/e1/bc/governor-hotel.jpg"}}, "album": "Hotel & Grounds", "source": {"name": "Management", "localized_name": "Management"}, "user": {"username": "Management"}}, {"id": 248156955, "is_blessed": false, "caption": "The Upgraded King at The Governor Hotel, a Coast Hotel", "published_date": "2017-03-26T19:40:56.73Z", "images": {"thumbnail": {"height": 50, "width": 50, "url": "https://media-cdn.tripadvisor.com/media/photo-t/0e/ca/93/1b/upgraded-king--v15860538.jpg"}, "small": {"height": 150, "width": 150, "url": "https://media-cdn.tripadvisor.com/media/photo-l/0e/ca/93/1b/upgraded-king--v15860538.jpg"}, "medium": {"height": 205, "width": 250, "url": "https://media-cdn.tripadvisor.com/media/photo-f/0e/ca/93/1b/upgraded-king--v15860538.jpg"}, "large": {"height": 367, "width": 550, "url": "https://media-cdn.tripadvisor.com/media/oyster/550/0e/ca/93/1b/upgraded-king--v15860538.jpg"}, "original": {"height": 1733, "width": 2600, "url": "https://media-cdn.tripadvisor.com/media/oyster/2600/0e/ca/93/1b/upgraded-king--v15860538.jpg"}}, "album": "Upgraded King", "source": {"name": "Expert", "localized_name": "Expert"}}, {"id": 248156903, "is_blessed": false, "caption": "Lobby at The Governor Hotel, a Coast Hotel", "published_date": "2017-03-26T19:40:49.415Z", "images": {"thumbnail": {"height": 50, "width": 50, "url": "https://media-cdn.tripadvisor.com/media/photo-t/0e/ca/92/e7/lobby--v15860528.jpg"}, "small": {"height": 150, "width": 150, "url": "https://media-cdn.tripadvisor.com/media/photo-l/0e/ca/92/e7/lobby--v15860528.jpg"}, "medium": {"height": 205, "width": 250, "url": "https://media-cdn.tripadvisor.com/media/photo-f/0e/ca/92/e7/lobby--v15860528.jpg"}, "large": {"height": 367, "width": 550, "url": "https://media-cdn.tripadvisor.com/media/oyster/550/0e/ca/92/e7/lobby--v15860528.jpg"}, "original": {"height": 1733, "width": 2600, "url": "https://media-cdn.tripadvisor.com/media/oyster/2600/0e/ca/92/e7/lobby--v15860528.jpg"}}, "album": "The Hotel", "source": {"name": "Expert", "localized_name": "Expert"}}, {"id": 285963331, "is_blessed": false, "caption": "", "published_date": "2017-10-22T07:57:52.288Z", "images": {"thumbnail": {"height": 50, "width": 50, "url": "https://media-cdn.tripadvisor.com/media/photo-t/11/0b/74/43/photo1jpg.jpg"}, "small": {"height": 150, "width": 150, "url": "https://media-cdn.tripadvisor.com/media/photo-l/11/0b/74/43/photo1jpg.jpg"}, "medium": {"height": 188, "width": 250, "url": "https://media-cdn.tripadvisor.com/media/photo-f/11/0b/74/43/photo1jpg.jpg"}, "large": {"height": 413, "width": 550, "url": "https://media-cdn.tripadvisor.com/media/photo-s/11/0b/74/43/photo1jpg.jpg"}, "original": {"height": 1536, "width": 2048, "url": "https://media-cdn.tripadvisor.com/media/photo-o/11/0b/74/43/photo1jpg.jpg"}}, "album": "Room/Suite", "source": {"name": "Traveler", "localized_name": "Traveler"}, "user": {"username": "VikFam"}}]}