{"data": [{"id": 471657654, "is_blessed": false, "caption": "", "published_date": "2020-10-02T22:11:47.915Z", "images": {"thumbnail": {"height": 50, "width": 50, "url": "https://media-cdn.tripadvisor.com/media/photo-t/1c/1c/ec/b6/lotte-hotel-seattle.jpg"}, "small": {"height": 150, "width": 150, "url": "https://media-cdn.tripadvisor.com/media/photo-l/1c/1c/ec/b6/lotte-hotel-seattle.jpg"}, "medium": {"height": 167, "width": 250, "url": "https://media-cdn.tripadvisor.com/media/photo-f/1c/1c/ec/b6/lotte-hotel-seattle.jpg"}, "large": {"height": 367, "width": 550, "url": "https://media-cdn.tripadvisor.com/media/photo-s/1c/1c/ec/b6/lotte-hotel-seattle.jpg"}, "original": {"height": 683, "width": 1024, "url": "https://media-cdn.tripadvisor.com/media/photo-w/1c/1c/ec/b6/lotte-hotel-seattle.jpg"}}, "album": "Room/Suite", "source": {"name": "Management", "localized_name": "Management"}, "user": {"username": "Management"}}, {"id": 737611274, "is_blessed": false, "caption": "", "published_date": "2024-04-26T17:59:02.534Z", "images": {"thumbnail": {"height": 50, "width": 50, "url": "https://media-cdn.tripadvisor.com/media/photo-t/2b/f7/0e/0a/caption.jpg"}, "small": {"height": 150, "width": 150, "url": "https://media-cdn.tripadvisor.com/media/photo-l/2b/f7/0e/0a/caption.jpg"}, "medium": {"height": 167, "width": 250, "url": "https://media-cdn.tripadvisor.com/media/photo-f/2b/f7/0e/0a/caption.jpg"}, "large": {"height": 367, "width": 550, "url": "https://media-cdn.tripadvisor.com/media/photo-s/2b/f7/0e/0a/caption.jpg"}, "original": {"height": 853, "width": 1280, "url": "https://media-cdn.tripadvisor.com/media/photo-m/1280/2b/f7/0e/0a/caption.jpg"}}, "album": "Room/Suite", "source": {"name": "Management", "localized_name": "Management"}, "user": {"username": "Management"}}, {"id": 471657651, "is_blessed": false, "caption": "", "published_date": "2020-10-02T22:11:47.366Z", "images": {"thumbnail": {"height": 50, "width": 50, "url": "https://media-cdn.tripadvisor.com/media/photo-t/1c/1c/ec/b3/lotte-hotel-seattle.jpg"}, "small": {"height": 150, "width": 150, "url": "https://media-cdn.tripadvisor.com/media/photo-l/1c/1c/ec/b3/lotte-hotel-seattle.jpg"}, "medium": {"height": 167, "width": 250, "url": "https://media-cdn.tripadvisor.com/media/photo-f/1c/1c/ec/b3/lotte-hotel-seattle.jpg"}, "large": {"height": 367, "width": 550, "url": "https://media-cdn.tripadvisor.com/media/photo-s/1c/1c/ec/b3/lotte-hotel-seattle.jpg"}, "original": {"height": 683, "width": 1024, "url": "https://media-cdn.tripadvisor.com/media/photo-w/1c/1c/ec/b3/lotte-hotel-seattle.jpg"}}, "album": "Room/Suite", "source": {"name": "Management", "localized_name": "Management"}, "user": {"username": "Management"}}, {"id": 471657642, "is_blessed": false, "caption": "", "published_date": "2020-10-02T22:11:45.594Z", "images": {"thumbnail": {"height": 50, "width": 50, "url": "https://media-cdn.tripadvisor.com/media/photo-t/1c/1c/ec/aa/lotte-hotel-seattle.jpg"}, "small": {"height": 150, "width": 150, "url": "https://media-cdn.tripadvisor.com/media/photo-l/1c/1c/ec/aa/lotte-hotel-seattle.jpg"}, "medium": {"height": 167, "width": 250, "url": "https://media-cdn.tripadvisor.com/media/photo-f/1c/1c/ec/aa/lotte-hotel-seattle.jpg"}, "large": {"height": 367, "width": 550, "url": "https://media-cdn.tripadvisor.com/media/photo-s/1c/1c/ec/aa/lotte-hotel-seattle.jpg"}, "original": {"height": 683, "width": 1024, "url": "https://media-cdn.tripadvisor.com/media/photo-w/1c/1c/ec/aa/lotte-hotel-seattle.jpg"}}, "album": "Room/Suite", "source": {"name": "Management", "localized_name": "Management"}, "user": {"username": "Management"}}]}