{"location_id": "27036945", "name": "Whitewood Cider Co.", "web_url": "https://www.tripadvisor.com/Attraction_Review-g58653-d27036945-Reviews-Whitewood_Cider_Co-Olympia_Washington.html?m=66827", "address_obj": {"street1": "728 4th Ave E", "city": "Olympia", "state": "Washington", "country": "United States", "postalcode": "98506-3920", "address_string": "728 4th Ave E, Olympia, WA 98506-3920"}, "ancestors": [{"level": "City", "name": "Olympia", "location_id": "58653"}, {"abbrv": "WA", "level": "State", "name": "Washington", "location_id": "28968"}, {"level": "Country", "name": "United States", "location_id": "191"}], "latitude": "47.04573", "longitude": "-122.89324", "timezone": "America/Los_Angeles", "phone": "+1 360-890-1852", "website": "https://www.facebook.com/172804536181907", "write_review": "https://www.tripadvisor.com/UserReview-g58653-d27036945-Whitewood_Cider_Co-Olympia_Washington.html?m=66827", "num_reviews": "0", "photo_count": "0", "see_all_photos": "https://www.tripadvisor.com/Attraction_Review-g58653-d27036945-m66827-Reviews-Whitewood_Cider_Co-Olympia_Washington.html#photos", "category": {"name": "attraction", "localized_name": "Attraction"}, "subcategory": [{"name": "food_drink", "localized_name": "Food & Drink"}, {"name": "activities", "localized_name": "Activities"}], "groups": [{"name": "Food & Drink", "localized_name": "Food & Drink", "categories": [{"name": "Breweries", "localized_name": "Breweries"}]}], "neighborhood_info": [], "trip_types": [{"name": "business", "localized_name": "Business", "value": "0"}, {"name": "couples", "localized_name": "Couples", "value": "0"}, {"name": "solo", "localized_name": "Solo travel", "value": "0"}, {"name": "family", "localized_name": "Family", "value": "0"}, {"name": "friends", "localized_name": "Friends getaway", "value": "0"}], "awards": []}