{"data": [{"id": 708525351, "is_blessed": false, "caption": "Vietnamese Pho Soup", "published_date": "2023-09-03T01:41:55.699Z", "images": {"thumbnail": {"height": 50, "width": 50, "url": "https://media-cdn.tripadvisor.com/media/photo-t/2a/3b/3d/27/caption.jpg"}, "small": {"height": 150, "width": 150, "url": "https://media-cdn.tripadvisor.com/media/photo-l/2a/3b/3d/27/caption.jpg"}, "medium": {"height": 200, "width": 180, "url": "https://media-cdn.tripadvisor.com/media/photo-i/2a/3b/3d/27/caption.jpg"}, "large": {"height": 450, "width": 338, "url": "https://media-cdn.tripadvisor.com/media/photo-s/2a/3b/3d/27/caption.jpg"}, "original": {"height": 1365, "width": 1024, "url": "https://media-cdn.tripadvisor.com/media/photo-w/2a/3b/3d/27/caption.jpg"}}, "album": "Other", "source": {"name": "Traveler", "localized_name": "Traveler"}, "user": {"username": "afish25"}}]}