{"data": [{"id": 43952344, "is_blessed": false, "caption": "awesome model train set\r\n", "published_date": "2012-07-12T22:14:46.107Z", "images": {"thumbnail": {"height": 50, "width": 50, "url": "https://media-cdn.tripadvisor.com/media/photo-t/02/9e/a8/d8/awesome-model-train-set.jpg"}, "small": {"height": 150, "width": 150, "url": "https://media-cdn.tripadvisor.com/media/photo-l/02/9e/a8/d8/awesome-model-train-set.jpg"}, "medium": {"height": 205, "width": 153, "url": "https://media-cdn.tripadvisor.com/media/photo-f/02/9e/a8/d8/awesome-model-train-set.jpg"}, "large": {"height": 450, "width": 337, "url": "https://media-cdn.tripadvisor.com/media/photo-s/02/9e/a8/d8/awesome-model-train-set.jpg"}}, "album": "Other", "source": {"name": "Traveler", "localized_name": "Traveler"}, "user": {"username": "Archergirl0110"}}, {"id": 374780144, "is_blessed": false, "caption": "", "published_date": "2019-02-03T16:00:15.3Z", "images": {"thumbnail": {"height": 50, "width": 50, "url": "https://media-cdn.tripadvisor.com/media/photo-t/16/56/b0/f0/photo0jpg.jpg"}, "small": {"height": 150, "width": 150, "url": "https://media-cdn.tripadvisor.com/media/photo-l/16/56/b0/f0/photo0jpg.jpg"}, "medium": {"height": 188, "width": 250, "url": "https://media-cdn.tripadvisor.com/media/photo-f/16/56/b0/f0/photo0jpg.jpg"}, "large": {"height": 413, "width": 550, "url": "https://media-cdn.tripadvisor.com/media/photo-s/16/56/b0/f0/photo0jpg.jpg"}, "original": {"height": 960, "width": 1280, "url": "https://media-cdn.tripadvisor.com/media/photo-m/1280/16/56/b0/f0/photo0jpg.jpg"}}, "album": "Other", "source": {"name": "Traveler", "localized_name": "Traveler"}, "user": {"username": "WaJello"}}, {"id": 43952341, "is_blessed": false, "caption": "wagon\r\n", "published_date": "2012-07-12T22:14:45.985Z", "images": {"thumbnail": {"height": 50, "width": 50, "url": "https://media-cdn.tripadvisor.com/media/photo-t/02/9e/a8/d5/wagon.jpg"}, "small": {"height": 150, "width": 150, "url": "https://media-cdn.tripadvisor.com/media/photo-l/02/9e/a8/d5/wagon.jpg"}, "medium": {"height": 205, "width": 153, "url": "https://media-cdn.tripadvisor.com/media/photo-f/02/9e/a8/d5/wagon.jpg"}, "large": {"height": 450, "width": 337, "url": "https://media-cdn.tripadvisor.com/media/photo-s/02/9e/a8/d5/wagon.jpg"}}, "album": "Other", "source": {"name": "Traveler", "localized_name": "Traveler"}, "user": {"username": "Archergirl0110"}}, {"id": 24141542, "is_blessed": false, "caption": "", "published_date": "2010-02-28T10:00:34.041Z", "images": {"thumbnail": {"height": 50, "width": 50, "url": "https://media-cdn.tripadvisor.com/media/photo-t/01/70/5e/e6/washington-state-history.jpg"}, "small": {"height": 150, "width": 150, "url": "https://media-cdn.tripadvisor.com/media/photo-l/01/70/5e/e6/washington-state-history.jpg"}, "medium": {"height": 166, "width": 250, "url": "https://media-cdn.tripadvisor.com/media/photo-f/01/70/5e/e6/washington-state-history.jpg"}, "large": {"height": 366, "width": 550, "url": "https://media-cdn.tripadvisor.com/media/photo-s/01/70/5e/e6/washington-state-history.jpg"}}, "album": "Other", "source": {"name": "Traveler", "localized_name": "Traveler"}, "user": {"username": "MadMikePro"}}]}