{"data": [{"id": 134830487, "is_blessed": false, "caption": "Tacoma Art Museum Entrance", "published_date": "2015-06-04T21:07:53.689Z", "images": {"thumbnail": {"height": 50, "width": 50, "url": "https://media-cdn.tripadvisor.com/media/photo-t/08/09/59/97/tacoma-art-museum.jpg"}, "small": {"height": 150, "width": 150, "url": "https://media-cdn.tripadvisor.com/media/photo-l/08/09/59/97/tacoma-art-museum.jpg"}, "medium": {"height": 205, "width": 156, "url": "https://media-cdn.tripadvisor.com/media/photo-f/08/09/59/97/tacoma-art-museum.jpg"}, "large": {"height": 450, "width": 343, "url": "https://media-cdn.tripadvisor.com/media/photo-s/08/09/59/97/tacoma-art-museum.jpg"}, "original": {"height": 792, "width": 604, "url": "https://media-cdn.tripadvisor.com/media/photo-o/08/09/59/97/tacoma-art-museum.jpg"}}, "album": "Other", "source": {"name": "Management", "localized_name": "Management"}, "user": {"username": "Management"}}, {"id": 134830483, "is_blessed": false, "caption": "Tacoma Art Museum along Pacific Ave", "published_date": "2015-06-04T21:07:52.376Z", "images": {"thumbnail": {"height": 50, "width": 50, "url": "https://media-cdn.tripadvisor.com/media/photo-t/08/09/59/93/tacoma-art-museum.jpg"}, "small": {"height": 150, "width": 150, "url": "https://media-cdn.tripadvisor.com/media/photo-l/08/09/59/93/tacoma-art-museum.jpg"}, "medium": {"height": 133, "width": 250, "url": "https://media-cdn.tripadvisor.com/media/photo-f/08/09/59/93/tacoma-art-museum.jpg"}, "large": {"height": 292, "width": 550, "url": "https://media-cdn.tripadvisor.com/media/photo-s/08/09/59/93/tacoma-art-museum.jpg"}, "original": {"height": 1062, "width": 2000, "url": "https://media-cdn.tripadvisor.com/media/photo-o/08/09/59/93/tacoma-art-museum.jpg"}}, "album": "Other", "source": {"name": "Management", "localized_name": "Management"}, "user": {"username": "Management"}}, {"id": 109666990, "is_blessed": false, "caption": "Group Tours", "published_date": "2014-09-09T17:38:48.546Z", "images": {"thumbnail": {"height": 50, "width": 50, "url": "https://media-cdn.tripadvisor.com/media/photo-t/06/89/62/ae/tacoma-art-museum.jpg"}, "small": {"height": 150, "width": 150, "url": "https://media-cdn.tripadvisor.com/media/photo-l/06/89/62/ae/tacoma-art-museum.jpg"}, "medium": {"height": 166, "width": 250, "url": "https://media-cdn.tripadvisor.com/media/photo-f/06/89/62/ae/tacoma-art-museum.jpg"}, "large": {"height": 366, "width": 550, "url": "https://media-cdn.tripadvisor.com/media/photo-s/06/89/62/ae/tacoma-art-museum.jpg"}}, "album": "Other", "source": {"name": "Management", "localized_name": "Management"}, "user": {"username": "Management"}}, {"id": 109666989, "is_blessed": false, "caption": "Benefit Gala", "published_date": "2014-09-09T17:38:47.968Z", "images": {"thumbnail": {"height": 50, "width": 50, "url": "https://media-cdn.tripadvisor.com/media/photo-t/06/89/62/ad/tacoma-art-museum.jpg"}, "small": {"height": 150, "width": 150, "url": "https://media-cdn.tripadvisor.com/media/photo-l/06/89/62/ad/tacoma-art-museum.jpg"}, "medium": {"height": 167, "width": 250, "url": "https://media-cdn.tripadvisor.com/media/photo-f/06/89/62/ad/tacoma-art-museum.jpg"}, "large": {"height": 366, "width": 550, "url": "https://media-cdn.tripadvisor.com/media/photo-s/06/89/62/ad/tacoma-art-museum.jpg"}, "original": {"height": 533, "width": 800, "url": "https://media-cdn.tripadvisor.com/media/photo-o/06/89/62/ad/tacoma-art-museum.jpg"}}, "album": "Other", "source": {"name": "Management", "localized_name": "Management"}, "user": {"username": "Management"}}]}