{"location_id": "15553124", "name": "Zeeks Pizza", "description": "Our pizza restaurant in Tacoma offers residential and corporate pizza delivery to the surrounding area. We\u2019re located right in the heart of the bustling Tacoma business district, right next to the Greater Tacoma Convention Center, Children\u2019s Museum, and Tacoma Art Museum. Stop by or call us for deliver to enjoy Tacoma\u2019s Best Pizza!", "web_url": "https://www.tripadvisor.com/Restaurant_Review-g58775-d15553124-Reviews-Zeeks_Pizza-Tacoma_Washington.html?m=66827", "address_obj": {"street1": "1702 Pacific Ave", "city": "Tacoma", "state": "Washington", "country": "United States", "postalcode": "98402-3215", "address_string": "1702 Pacific Ave, Tacoma, WA 98402-3215"}, "ancestors": [{"level": "City", "name": "Tacoma", "location_id": "58775"}, {"abbrv": "WA", "level": "State", "name": "Washington", "location_id": "28968"}, {"level": "Country", "name": "United States", "location_id": "191"}], "latitude": "47.246742", "longitude": "-122.43734", "timezone": "America/Los_Angeles", "email": "socialmedia@zeekspizza.com", "phone": "+1 253-269-7604", "website": "http://zeekspizza.com/", "write_review": "https://www.tripadvisor.com/UserReview-g58775-d15553124-Zeeks_Pizza-Tacoma_Washington.html?m=66827", "ranking_data": {"geo_location_id": "58775", "ranking_string": "#161 of 837 Places to Eat in Tacoma", "geo_location_name": "Tacoma", "ranking_out_of": "837", "ranking": "161"}, "rating": "4.0", "rating_image_url": "https://www.tripadvisor.com/img/cdsi/img2/ratings/traveler/4.0-66827-5.svg", "num_reviews": "15", "review_rating_count": {"1": "1", "2": "0", "3": "4", "4": "3", "5": "7"}, "subratings": {"0": {"name": "rate_food", "localized_name": "Food", "rating_image_url": "https://static.tacdn.com/img2/ratings/traveler/ss5.0.svg", "value": "5.0"}, "1": {"name": "rate_service", "localized_name": "Service", "rating_image_url": "https://static.tacdn.com/img2/ratings/traveler/ss3.0.svg", "value": "3.0"}, "2": {"name": "rate_value", "localized_name": "Value", "rating_image_url": "https://static.tacdn.com/img2/ratings/traveler/ss5.0.svg", "value": "5.0"}}, "photo_count": "14", "see_all_photos": "https://www.tripadvisor.com/Restaurant_Review-g58775-d15553124-m66827-Reviews-Zeeks_Pizza-Tacoma_Washington.html#photos", "price_level": "$$ - $$$", "hours": {"periods": [{"open": {"day": 1, "time": "1100"}, "close": {"day": 1, "time": "2200"}}, {"open": {"day": 2, "time": "1100"}, "close": {"day": 2, "time": "2200"}}, {"open": {"day": 3, "time": "1100"}, "close": {"day": 3, "time": "2200"}}, {"open": {"day": 4, "time": "1100"}, "close": {"day": 4, "time": "2200"}}, {"open": {"day": 5, "time": "1100"}, "close": {"day": 5, "time": "2200"}}, {"open": {"day": 6, "time": "1100"}, "close": {"day": 6, "time": "2200"}}, {"open": {"day": 7, "time": "1100"}, "close": {"day": 7, "time": "2200"}}], "weekday_text": ["Monday: 11:00 - 22:00", "Tuesday: 11:00 - 22:00", "Wednesday: 11:00 - 22:00", "Thursday: 11:00 - 22:00", "Friday: 11:00 - 22:00", "Saturday: 11:00 - 22:00", "Sunday: 11:00 - 22:00"]}, "features": ["Accepts Credit Cards", "Delivery", "Parking Available", "Reservations", "Seating", "Serves Alcohol", "Table Service", "Wheelchair Accessible", "Wine and Beer"], "cuisine": [{"name": "italian", "localized_name": "Italian"}, {"name": "bar", "localized_name": "Bar"}, {"name": "pizza", "localized_name": "Pizza"}, {"name": "pub", "localized_name": "Pub"}, {"name": "beer_restaurants", "localized_name": "Beer restaurants"}], "category": {"name": "restaurant", "localized_name": "Restaurant"}, "subcategory": [{"name": "sit_down", "localized_name": "Sit down"}], "neighborhood_info": [], "trip_types": [{"name": "business", "localized_name": "Business", "value": "2"}, {"name": "couples", "localized_name": "Couples", "value": "4"}, {"name": "solo", "localized_name": "Solo travel", "value": "3"}, {"name": "family", "localized_name": "Family", "value": "3"}, {"name": "friends", "localized_name": "Friends getaway", "value": "2"}], "awards": []}