{"location_id": "20984755", "name": "702 Grill", "description": "702 Grill is an upscale American restaurant located in Olympia, WA. Our restaurant serves traditional American cuisine for breakfast, lunch, and dinner, including benedicts, breakfast hash, pancakes and waffles, salads, sandwiches, seafood baskets, and more.", "web_url": "https://www.tripadvisor.com/Restaurant_Review-g58653-d20984755-Reviews-702_Grill-Olympia_Washington.html?m=66827", "address_obj": {"street1": "702 4th Ave E", "city": "Olympia", "state": "Washington", "country": "United States", "postalcode": "98506-1240", "address_string": "702 4th Ave E, Olympia, WA 98506-1240"}, "ancestors": [{"level": "City", "name": "Olympia", "location_id": "58653"}, {"abbrv": "WA", "level": "State", "name": "Washington", "location_id": "28968"}, {"level": "Country", "name": "United States", "location_id": "191"}], "latitude": "47.045567", "longitude": "-122.89408", "timezone": "America/Los_Angeles", "email": "info@charlieson4th.com", "phone": "+1 360-515-5175", "website": "https://www.702grill.com", "write_review": "https://www.tripadvisor.com/UserReview-g58653-d20984755-702_Grill-Olympia_Washington.html?m=66827", "num_reviews": "0", "subratings": {}, "photo_count": "0", "see_all_photos": "https://www.tripadvisor.com/Restaurant_Review-g58653-d20984755-m66827-Reviews-702_Grill-Olympia_Washington.html#photos", "hours": {"periods": [{"open": {"day": 1, "time": "0800"}, "close": {"day": 1, "time": "1400"}}, {"open": {"day": 2, "time": "0800"}, "close": {"day": 2, "time": "1400"}}, {"open": {"day": 3, "time": "0800"}, "close": {"day": 3, "time": "1400"}}, {"open": {"day": 3, "time": "1600"}, "close": {"day": 3, "time": "2100"}}, {"open": {"day": 4, "time": "0800"}, "close": {"day": 4, "time": "1400"}}, {"open": {"day": 4, "time": "1600"}, "close": {"day": 4, "time": "2100"}}, {"open": {"day": 5, "time": "0800"}, "close": {"day": 5, "time": "1400"}}, {"open": {"day": 5, "time": "1600"}, "close": {"day": 5, "time": "2100"}}, {"open": {"day": 6, "time": "0800"}, "close": {"day": 6, "time": "1400"}}, {"open": {"day": 6, "time": "1600"}, "close": {"day": 6, "time": "2100"}}, {"open": {"day": 7, "time": "0800"}, "close": {"day": 7, "time": "1400"}}], "weekday_text": ["Monday: 08:00 - 14:00", "Tuesday: 08:00 - 14:00", "Wednesday: 08:00 - 14:00,  16:00 - 21:00", "Thursday: 08:00 - 14:00,  16:00 - 21:00", "Friday: 08:00 - 14:00,  16:00 - 21:00", "Saturday: 08:00 - 14:00,  16:00 - 21:00", "Sunday: 08:00 - 14:00"]}, "features": [], "cuisine": [], "category": {"name": "restaurant", "localized_name": "Restaurant"}, "subcategory": [], "neighborhood_info": [], "trip_types": [{"name": "business", "localized_name": "Business", "value": "0"}, {"name": "couples", "localized_name": "Couples", "value": "0"}, {"name": "solo", "localized_name": "Solo travel", "value": "0"}, {"name": "family", "localized_name": "Family", "value": "0"}, {"name": "friends", "localized_name": "Friends getaway", "value": "0"}], "awards": []}