{"location_id": "6754165", "name": "Tinkertopia", "web_url": "https://www.tripadvisor.com/Attraction_Review-g58775-d6754165-Reviews-Tinkertopia-Tacoma_Washington.html?m=66827", "address_obj": {"street1": "1914 Pacific Ave", "city": "Tacoma", "state": "Washington", "country": "United States", "postalcode": "98402-3110", "address_string": "1914 Pacific Ave, Tacoma, WA 98402-3110"}, "ancestors": [{"level": "City", "name": "Tacoma", "location_id": "58775"}, {"abbrv": "WA", "level": "State", "name": "Washington", "location_id": "28968"}, {"level": "Country", "name": "United States", "location_id": "191"}], "latitude": "47.24403", "longitude": "-122.4366", "timezone": "America/Los_Angeles", "phone": "+1 253-778-6539", "website": "http://tinkertopia.com/", "write_review": "https://www.tripadvisor.com/UserReview-g58775-d6754165-Tinkertopia-Tacoma_Washington.html?m=66827", "ranking_data": {"geo_location_id": "58775", "ranking_string": "#6 of 46 Shopping in Tacoma", "geo_location_name": "Tacoma", "ranking_out_of": "46", "ranking": "6"}, "rating": "4.7", "rating_image_url": "https://www.tripadvisor.com/img/cdsi/img2/ratings/traveler/4.5-66827-5.svg", "num_reviews": "12", "review_rating_count": {"1": "0", "2": "1", "3": "0", "4": "1", "5": "10"}, "photo_count": "3", "see_all_photos": "https://www.tripadvisor.com/Attraction_Review-g58775-d6754165-m66827-Reviews-Tinkertopia-Tacoma_Washington.html#photos", "hours": {"periods": [{"open": {"day": 1, "time": "1000"}, "close": {"day": 1, "time": "1800"}}, {"open": {"day": 2, "time": "1000"}, "close": {"day": 2, "time": "1800"}}, {"open": {"day": 3, "time": "1000"}, "close": {"day": 3, "time": "1800"}}, {"open": {"day": 4, "time": "1000"}, "close": {"day": 4, "time": "1800"}}, {"open": {"day": 5, "time": "1000"}, "close": {"day": 5, "time": "1800"}}, {"open": {"day": 6, "time": "1000"}, "close": {"day": 6, "time": "1800"}}, {"open": {"day": 7, "time": "1200"}, "close": {"day": 7, "time": "1700"}}], "weekday_text": ["Monday: 10:00 - 18:00", "Tuesday: 10:00 - 18:00", "Wednesday: 10:00 - 18:00", "Thursday: 10:00 - 18:00", "Friday: 10:00 - 18:00", "Saturday: 10:00 - 18:00", "Sunday: 12:00 - 17:00"]}, "category": {"name": "attraction", "localized_name": "Attraction"}, "subcategory": [{"name": "shopping", "localized_name": "Shopping"}], "groups": [{"name": "Shopping", "localized_name": "Shopping", "categories": [{"name": "Gift & Specialty Shops", "localized_name": "Gift & Specialty Shops"}]}], "neighborhood_info": [], "trip_types": [{"name": "business", "localized_name": "Business", "value": "0"}, {"name": "couples", "localized_name": "Couples", "value": "0"}, {"name": "solo", "localized_name": "Solo travel", "value": "3"}, {"name": "family", "localized_name": "Family", "value": "7"}, {"name": "friends", "localized_name": "Friends getaway", "value": "1"}], "awards": []}