{"data": [{"id": 197119100, "is_blessed": false, "caption": "My silly kid party and some of the goodies they made with the tinker supplies.", "published_date": "2016-06-27T03:03:47.592Z", "images": {"thumbnail": {"height": 50, "width": 50, "url": "https://media-cdn.tripadvisor.com/media/photo-t/0b/bf/cc/7c/my-silly-kid-party-and.jpg"}, "small": {"height": 150, "width": 150, "url": "https://media-cdn.tripadvisor.com/media/photo-l/0b/bf/cc/7c/my-silly-kid-party-and.jpg"}, "medium": {"height": 188, "width": 250, "url": "https://media-cdn.tripadvisor.com/media/photo-f/0b/bf/cc/7c/my-silly-kid-party-and.jpg"}, "large": {"height": 413, "width": 550, "url": "https://media-cdn.tripadvisor.com/media/photo-s/0b/bf/cc/7c/my-silly-kid-party-and.jpg"}, "original": {"height": 1500, "width": 2000, "url": "https://media-cdn.tripadvisor.com/media/photo-o/0b/bf/cc/7c/my-silly-kid-party-and.jpg"}}, "album": "Other", "source": {"name": "Traveler", "localized_name": "Traveler"}, "user": {"username": "619reyr"}}, {"id": 236763515, "is_blessed": false, "caption": "An artistic piece of \"Peter Pan\"", "published_date": "2017-01-10T01:56:50.416Z", "images": {"thumbnail": {"height": 50, "width": 50, "url": "https://media-cdn.tripadvisor.com/media/photo-t/0e/1c/b9/7b/an-artistic-piece-of.jpg"}, "small": {"height": 150, "width": 150, "url": "https://media-cdn.tripadvisor.com/media/photo-l/0e/1c/b9/7b/an-artistic-piece-of.jpg"}, "medium": {"height": 188, "width": 250, "url": "https://media-cdn.tripadvisor.com/media/photo-f/0e/1c/b9/7b/an-artistic-piece-of.jpg"}, "large": {"height": 413, "width": 550, "url": "https://media-cdn.tripadvisor.com/media/photo-s/0e/1c/b9/7b/an-artistic-piece-of.jpg"}, "original": {"height": 1500, "width": 2000, "url": "https://media-cdn.tripadvisor.com/media/photo-o/0e/1c/b9/7b/an-artistic-piece-of.jpg"}}, "album": "Other", "source": {"name": "Traveler", "localized_name": "Traveler"}, "user": {"username": "Puyallup3"}}, {"id": 236763512, "is_blessed": false, "caption": "A heart frame", "published_date": "2017-01-10T01:56:46.805Z", "images": {"thumbnail": {"height": 50, "width": 50, "url": "https://media-cdn.tripadvisor.com/media/photo-t/0e/1c/b9/78/a-heart-frame.jpg"}, "small": {"height": 150, "width": 150, "url": "https://media-cdn.tripadvisor.com/media/photo-l/0e/1c/b9/78/a-heart-frame.jpg"}, "medium": {"height": 188, "width": 250, "url": "https://media-cdn.tripadvisor.com/media/photo-f/0e/1c/b9/78/a-heart-frame.jpg"}, "large": {"height": 413, "width": 550, "url": "https://media-cdn.tripadvisor.com/media/photo-s/0e/1c/b9/78/a-heart-frame.jpg"}, "original": {"height": 1500, "width": 2000, "url": "https://media-cdn.tripadvisor.com/media/photo-o/0e/1c/b9/78/a-heart-frame.jpg"}}, "album": "Other", "source": {"name": "Traveler", "localized_name": "Traveler"}, "user": {"username": "Puyallup3"}}]}