{"location_id": "290883", "name": "Panama Hotel", "description": "Finding an ideal historic hotel in Seattle does not have to be difficult. Welcome to Panama Hotel, a nice option for travelers like you.\nPanama Hotel features a 24 hour front desk, baggage storage, and a coffee shop, to help make your stay more enjoyable. The property also boasts free breakfast. If you are driving to Panama Hotel, street parking is available.\nNearby landmarks such as Chinatown International District (0.2 mi) and King Street Station (0.2 mi) make Panama Hotel a great place to stay when visiting Seattle.\nWhile you\u2019re here, be sure to check out some of the Italian restaurants, including The Pink Door, Altura Restaurant, and Serious Pie, all of which are a short distance from Panama Hotel.\nIf you\u2019re looking for something to do, Sky View Observatory (0.4 mi) and The Gum Wall (0.9 mi) are a nice way to spend some time, and they are all within walking distance of Panama Hotel.\nPanama Hotel puts the best of Seattle at your fingertips, making your stay both relaxing and enjoyable.\n", "web_url": "https://www.tripadvisor.com/Hotel_Review-g60878-d290883-Reviews-Panama_Hotel-Seattle_Washington.html?m=66827", "address_obj": {"street1": "605 1/2 S Main St", "street2": "", "city": "Seattle", "state": "Washington", "country": "United States", "postalcode": "98104-2717", "address_string": "605 1/2 S Main St, Seattle, WA 98104-2717"}, "ancestors": [{"level": "City", "name": "Seattle", "location_id": "60878"}, {"abbrv": "WA", "level": "State", "name": "Washington", "location_id": "28968"}, {"level": "Country", "name": "United States", "location_id": "191"}], "latitude": "47.59999", "longitude": "-122.32601", "timezone": "America/Los_Angeles", "write_review": "https://www.tripadvisor.com/UserReview-g60878-d290883-Panama_Hotel-Seattle_Washington.html?m=66827", "ranking_data": {"geo_location_id": "60878", "ranking_string": "#101 of 118 hotels in Seattle", "geo_location_name": "Seattle", "ranking_out_of": "118", "ranking": "101"}, "rating": "3.0", "rating_image_url": "https://www.tripadvisor.com/img/cdsi/img2/ratings/traveler/3.0-66827-5.svg", "num_reviews": "226", "review_rating_count": {"1": "53", "2": "34", "3": "46", "4": "55", "5": "38"}, "subratings": {"0": {"name": "rate_location", "localized_name": "Location", "rating_image_url": "https://static.tacdn.com/img2/ratings/traveler/ss4.0.svg", "value": "3.9"}, "1": {"name": "rate_sleep", "localized_name": "Sleep Quality", "rating_image_url": "https://static.tacdn.com/img2/ratings/traveler/ss3.0.svg", "value": "3.0"}, "2": {"name": "rate_room", "localized_name": "Rooms", "rating_image_url": "https://static.tacdn.com/img2/ratings/traveler/ss3.0.svg", "value": "2.9"}, "3": {"name": "rate_service", "localized_name": "Service", "rating_image_url": "https://static.tacdn.com/img2/ratings/traveler/ss3.0.svg", "value": "3.2"}, "4": {"name": "rate_value", "localized_name": "Value", "rating_image_url": "https://static.tacdn.com/img2/ratings/traveler/ss3.0.svg", "value": "3.2"}, "5": {"name": "rate_cleanliness", "localized_name": "Cleanliness", "rating_image_url": "https://static.tacdn.com/img2/ratings/traveler/ss3.5.svg", "value": "3.4"}}, "photo_count": "154", "see_all_photos": "https://www.tripadvisor.com/Hotel_Review-g60878-d290883-m66827-Reviews-Panama_Hotel-Seattle_Washington.html#photos", "price_level": "$", "amenities": ["Free Internet", "Breakfast included", "Non-smoking rooms", "Non-smoking hotel", "Internet", "Wifi", "Public Wifi", "Laundry Service", "Parking", "Baggage Storage", "Bathrobes", "Bottled Water", "Coffee Shop", "Complimentary Toiletries", "24-Hour Front Desk", "Paid Public Parking Nearby", "Shared Bathroom", "Street Parking", "Vending Machine", "Wake Up Service / Alarm Clock"], "category": {"name": "hotel", "localized_name": "Hotel"}, "subcategory": [{"name": "hotel", "localized_name": "Hotel"}], "styles": ["Quirky Hotels", "Historic Hotel"], "neighborhood_info": [{"location_id": "20933756", "name": "Downtown"}], "trip_types": [{"name": "business", "localized_name": "Business", "value": "20"}, {"name": "couples", "localized_name": "Couples", "value": "82"}, {"name": "solo", "localized_name": "Solo travel", "value": "46"}, {"name": "family", "localized_name": "Family", "value": "37"}, {"name": "friends", "localized_name": "Friends getaway", "value": "31"}], "awards": []}