{"data": [{"id": 411840776, "is_blessed": false, "caption": "", "published_date": "2019-07-29T04:02:31.667Z", "images": {"thumbnail": {"height": 50, "width": 50, "url": "https://media-cdn.tripadvisor.com/media/photo-t/18/8c/31/08/20190727-203306-largejpg.jpg"}, "small": {"height": 150, "width": 150, "url": "https://media-cdn.tripadvisor.com/media/photo-l/18/8c/31/08/20190727-203306-largejpg.jpg"}, "medium": {"height": 121, "width": 250, "url": "https://media-cdn.tripadvisor.com/media/photo-f/18/8c/31/08/20190727-203306-largejpg.jpg"}, "large": {"height": 267, "width": 550, "url": "https://media-cdn.tripadvisor.com/media/photo-s/18/8c/31/08/20190727-203306-largejpg.jpg"}, "original": {"height": 622, "width": 1280, "url": "https://media-cdn.tripadvisor.com/media/photo-m/1280/18/8c/31/08/20190727-203306-largejpg.jpg"}}, "album": "View from Room", "source": {"name": "Traveler", "localized_name": "Traveler"}, "user": {"username": "donpZ4717AG"}}, {"id": 655767334, "is_blessed": false, "caption": "", "published_date": "2022-11-29T05:25:33.126Z", "images": {"thumbnail": {"height": 50, "width": 50, "url": "https://media-cdn.tripadvisor.com/media/photo-t/27/16/37/26/caption.jpg"}, "small": {"height": 150, "width": 150, "url": "https://media-cdn.tripadvisor.com/media/photo-l/27/16/37/26/caption.jpg"}, "medium": {"height": 118, "width": 250, "url": "https://media-cdn.tripadvisor.com/media/photo-f/27/16/37/26/caption.jpg"}, "large": {"height": 260, "width": 550, "url": "https://media-cdn.tripadvisor.com/media/photo-s/27/16/37/26/caption.jpg"}, "original": {"height": 606, "width": 1280, "url": "https://media-cdn.tripadvisor.com/media/photo-m/1280/27/16/37/26/caption.jpg"}}, "album": "Other", "source": {"name": "Traveler", "localized_name": "Traveler"}, "user": {"username": "JimB323"}}, {"id": 655767333, "is_blessed": false, "caption": "", "published_date": "2022-11-29T05:25:33.113Z", "images": {"thumbnail": {"height": 50, "width": 50, "url": "https://media-cdn.tripadvisor.com/media/photo-t/27/16/37/25/caption.jpg"}, "small": {"height": 150, "width": 150, "url": "https://media-cdn.tripadvisor.com/media/photo-l/27/16/37/25/caption.jpg"}, "medium": {"height": 118, "width": 250, "url": "https://media-cdn.tripadvisor.com/media/photo-f/27/16/37/25/caption.jpg"}, "large": {"height": 261, "width": 550, "url": "https://media-cdn.tripadvisor.com/media/photo-s/27/16/37/25/caption.jpg"}, "original": {"height": 607, "width": 1280, "url": "https://media-cdn.tripadvisor.com/media/photo-m/1280/27/16/37/25/caption.jpg"}}, "album": "Other", "source": {"name": "Traveler", "localized_name": "Traveler"}, "user": {"username": "JimB323"}}, {"id": 655767332, "is_blessed": false, "caption": "", "published_date": "2022-11-29T05:25:33.102Z", "images": {"thumbnail": {"height": 50, "width": 50, "url": "https://media-cdn.tripadvisor.com/media/photo-t/27/16/37/24/caption.jpg"}, "small": {"height": 150, "width": 150, "url": "https://media-cdn.tripadvisor.com/media/photo-l/27/16/37/24/caption.jpg"}, "medium": {"height": 118, "width": 250, "url": "https://media-cdn.tripadvisor.com/media/photo-f/27/16/37/24/caption.jpg"}, "large": {"height": 260, "width": 550, "url": "https://media-cdn.tripadvisor.com/media/photo-s/27/16/37/24/caption.jpg"}, "original": {"height": 606, "width": 1280, "url": "https://media-cdn.tripadvisor.com/media/photo-m/1280/27/16/37/24/caption.jpg"}}, "album": "Other", "source": {"name": "Traveler", "localized_name": "Traveler"}, "user": {"username": "JimB323"}}]}