{"data": [{"location_id": "27021572", "name": "Olympia's Artesian Well", "distance": "0.09988100243547562", "bearing": "west", "address_obj": {"street1": "415 4th Ave E", "city": "Olympia", "state": "Washington", "country": "United States", "postalcode": "98501-1108", "address_string": "415 4th Ave E, Olympia, WA 98501-1108"}}, {"location_id": "23743982", "name": "Courtyard Antiques & Home Decor", "distance": "0.05253487081713099", "bearing": "east", "address_obj": {"street1": "705 4th Ave E", "city": "Olympia", "state": "Washington", "country": "United States", "postalcode": "98506", "address_string": "705 4th Ave E, Olympia, WA 98506"}}, {"location_id": "11929798", "name": "Olympia Family Theater", "distance": "0.023009527971053743", "bearing": "northwest", "address_obj": {"street1": "612 4th Ave E", "city": "Olympia", "state": "Washington", "country": "United States", "postalcode": "98501-1113", "address_string": "612 4th Ave E, Olympia, WA 98501-1113"}}, {"location_id": "27036945", "name": "Whitewood Cider Co.", "distance": "0.09378631054732511", "bearing": "northeast", "address_obj": {"street1": "728 4th Ave E", "city": "Olympia", "state": "Washington", "country": "United States", "postalcode": "98506-3920", "address_string": "728 4th Ave E, Olympia, WA 98506-3920"}}, {"location_id": "28168929", "name": "Mosaic Mural Metamorphosis", "distance": "0.11371820421632094", "bearing": "northwest", "address_obj": {"street1": "425 4th Avenue", "street2": "On The Back Side Of Lloyd's Automotive, Which Faces State St", "city": "Olympia", "state": "Washington", "country": "United States", "address_string": "425 4th Avenue On The Back Side Of Lloyd's Automotive, Which Faces State St, Olympia, WA"}}, {"location_id": "26370187", "name": "Ballaura Wellness Spa", "distance": "0.28343418601058706", "bearing": "east", "address_obj": {"street1": "1017 4th ave E", "city": "Olympia", "state": "Washington", "country": "United States", "postalcode": "98506", "address_string": "1017 4th ave E, Olympia, WA 98506"}}, {"location_id": "6875589", "name": "Harlequin Productions", "distance": "0.25138777133154827", "bearing": "west", "address_obj": {"street1": "202 4th Ave E", "city": "Olympia", "state": "Washington", "country": "United States", "postalcode": "98501-1105", "address_string": "202 4th Ave E, Olympia, WA 98501-1105"}}, {"location_id": "8651085", "name": "Puget Sound Estuarium", "distance": "0.18950361059497162", "bearing": "west", "address_obj": {"street1": "309 State Ave NE", "city": "Olympia", "state": "Washington", "country": "United States", "postalcode": "98501-1133", "address_string": "309 State Ave NE, Olympia, WA 98501-1133"}}, {"location_id": "27072730", "name": "Ossa Skinworks", "distance": "0.3246317767225187", "bearing": "west", "address_obj": {"street1": "109 Capitol Way N", "city": "Olympia", "state": "Washington", "country": "United States", "postalcode": "98501", "address_string": "109 Capitol Way N, Olympia, WA 98501"}}, {"location_id": "26356718", "name": "Legends Arcade", "distance": "0.30062077662805914", "bearing": "west", "address_obj": {"street1": "109 State Ave NE", "city": "Olympia", "state": "Washington", "country": "United States", "address_string": "109 State Ave NE, Olympia, WA"}}]}