{"data": [{"location_id": "25503500", "name": "Stellar Juices", "distance": "0.0568047895333546", "bearing": "southeast", "address_obj": {"street1": "623 5th Avenue Southeast", "city": "Olympia", "state": "Washington", "country": "United States", "postalcode": "98501", "address_string": "623 5th Avenue Southeast, Olympia, WA 98501"}}, {"location_id": "15836839", "name": "Jack in the Box", "distance": "0.14716641212354073", "bearing": "southeast", "address_obj": {"street1": "520 Plum St SE", "city": "Olympia", "state": "Washington", "country": "United States", "postalcode": "98501-1525", "address_string": "520 Plum St SE, Olympia, WA 98501-1525"}}, {"location_id": "26951926", "name": "Cryptatropa Bar", "distance": "0.09480610681802684", "bearing": "west", "address_obj": {"street1": "421 4th Ave E", "city": "Olympia", "state": "Washington", "country": "United States", "postalcode": "98501-1108", "address_string": "421 4th Ave E, Olympia, WA 98501-1108"}}, {"location_id": "27826040", "name": "Wild Man Brewing Gastropub", "distance": "0.10774889729866355", "bearing": "west", "address_obj": {"street1": "414 4th Ave E", "city": "Olympia", "state": "Washington", "country": "United States", "postalcode": "98501-1109", "address_string": "414 4th Ave E, Olympia, WA 98501-1109"}}, {"location_id": "26956232", "name": "Halyard's", "distance": "0.11982428579891516", "bearing": "west", "address_obj": {"street1": "406 4th Ave E", "city": "Olympia", "state": "Washington", "country": "United States", "postalcode": "98501-1109", "address_string": "406 4th Ave E, Olympia, WA 98501-1109"}}, {"location_id": "26338778", "name": "Oly's Malasadas", "distance": "0.24746026939658136", "bearing": "east", "address_obj": {"street1": "1001 4th Ave East", "city": "Olympia", "state": "Washington", "country": "United States", "postalcode": "98506", "address_string": "1001 4th Ave East, Olympia, WA 98506"}}, {"location_id": "27826567", "name": "Cup Of Swords Tavern", "distance": "0.25723682750027715", "bearing": "east", "address_obj": {"street1": "1005 4th Ave E", "city": "Olympia", "state": "Washington", "country": "United States", "postalcode": "98506-4016", "address_string": "1005 4th Ave E, Olympia, WA 98506-4016"}}, {"location_id": "13951920", "name": "Well 80", "distance": "0.051679170740325256", "bearing": "northwest", "address_obj": {"street1": "514 4th Ave E", "city": "Olympia", "state": "Washington", "country": "United States", "postalcode": "98501-1111", "address_string": "514 4th Ave E, Olympia, WA 98501-1111"}}, {"location_id": "20984755", "name": "702 Grill", "distance": "0.05412565200553322", "bearing": "northeast", "address_obj": {"street1": "702 4th Ave E", "city": "Olympia", "state": "Washington", "country": "United States", "postalcode": "98506-1240", "address_string": "702 4th Ave E, Olympia, WA 98506-1240"}}, {"location_id": "5101291", "name": "Charlie's Bar & Grill", "distance": "0.035954609038136784", "bearing": "northeast", "address_obj": {"street1": "620 4th Ave E", "city": "Olympia", "state": "Washington", "country": "United States", "postalcode": "98501-1113", "address_string": "620 4th Ave E, Olympia, WA 98501-1113"}}]}