{"data": [{"location_id": "225692", "name": "Quality Inn Olympia", "distance": "0.5634521269076079", "bearing": "southeast", "address_obj": {"street1": "1211 Quince St SE", "street2": "", "city": "Olympia", "state": "Washington", "country": "United States", "postalcode": "98501-2455", "address_string": "1211 Quince St SE, Olympia, WA 98501-2455"}}, {"location_id": "9859932", "name": "Towneplace Suites Olympia", "distance": "0.4171412966259677", "bearing": "southwest", "address_obj": {"street1": "900 Capitol Way South", "city": "Olympia", "state": "Washington", "country": "United States", "postalcode": "98501", "address_string": "900 Capitol Way South, Olympia, WA 98501"}}, {"location_id": "100475", "name": "Red Lion Inn & Suites Olympia, Governor Hotel", "distance": "0.3541803387269914", "bearing": "southwest", "address_obj": {"street1": "621 Capitol Way South", "street2": "", "city": "Olympia", "state": "Washington", "country": "United States", "postalcode": "98501", "address_string": "621 Capitol Way South, Olympia, WA 98501"}}, {"location_id": "126102", "name": "Doubletree By Hilton Olympia Downtown Capitol District", "distance": "0.4097579188019222", "bearing": "northwest", "address_obj": {"street1": "415 Capitol Way North", "street2": "", "city": "Olympia", "state": "Washington", "country": "United States", "postalcode": "98501", "address_string": "415 Capitol Way North, Olympia, WA 98501"}}]}