{"data": [{"location_id": "17731679", "name": "Sam Choy's Poke to the Max - Tacoma", "distance": "0.07461304502947255", "bearing": "northeast", "address_obj": {"street1": "1716 Pacific Ave", "city": "Tacoma", "state": "Washington", "country": "United States", "postalcode": "98402-3215", "address_string": "1716 Pacific Ave, Tacoma, WA 98402-3215"}}, {"location_id": "4820395", "name": "Bubbles", "distance": "0.06784594595611802", "bearing": "northeast", "address_obj": {"street1": "1724 Pacific Ave", "street2": "University of Washington Tacoma", "city": "Tacoma", "state": "Washington", "country": "United States", "postalcode": "98402-3215", "address_string": "1724 Pacific Ave University of Washington Tacoma, Tacoma, WA 98402-3215"}}, {"location_id": "12590035", "name": "Starbucks", "distance": "0.04621756482882934", "bearing": "east", "address_obj": {"street1": "1748 Pacific Ave", "city": "Tacoma", "state": "Washington", "country": "United States", "postalcode": "98402-3215", "address_string": "1748 Pacific Ave, Tacoma, WA 98402-3215"}}, {"location_id": "25495383", "name": "Pho Than Brothers", "distance": "0.07840601985492232", "bearing": "northeast", "address_obj": {"street1": "1712 Pacific Avenue", "city": "Tacoma", "state": "Washington", "country": "United States", "postalcode": "98402", "address_string": "1712 Pacific Avenue, Tacoma, WA 98402"}}, {"location_id": "15553124", "name": "Zeeks Pizza", "distance": "0.0975859825965966", "bearing": "northeast", "address_obj": {"street1": "1702 Pacific Ave", "city": "Tacoma", "state": "Washington", "country": "United States", "postalcode": "98402-3215", "address_string": "1702 Pacific Ave, Tacoma, WA 98402-3215"}}, {"location_id": "25524107", "name": "Jimmy John's Sandwiches", "distance": "0.0839211307085056", "bearing": "northeast", "address_obj": {"street1": "1708 Pacific Avenue", "city": "Tacoma", "state": "Washington", "country": "United States", "postalcode": "98402", "address_string": "1708 Pacific Avenue, Tacoma, WA 98402"}}, {"location_id": "26972096", "name": "Jimmy John's", "distance": "0.0839211307085056", "bearing": "northeast", "address_obj": {"street1": "1708 Pacific Ave", "city": "Tacoma", "state": "Washington", "country": "United States", "postalcode": "98402-3215", "address_string": "1708 Pacific Ave, Tacoma, WA 98402-3215"}}, {"location_id": "4255441", "name": "Subway", "distance": "0.0861823068357926", "bearing": "southeast", "address_obj": {"street1": "1910 Pacific Avenue", "city": "Tacoma", "state": "Washington", "country": "United States", "postalcode": "98402", "address_string": "1910 Pacific Avenue, Tacoma, WA 98402"}}, {"location_id": "26904574", "name": "Tim's Kitchen Tacoma", "distance": "0.14058541899367263", "bearing": "southeast", "address_obj": {"street1": "1938 Pacific Ave", "city": "Tacoma", "state": "Washington", "country": "United States", "postalcode": "98402-3110", "address_string": "1938 Pacific Ave, Tacoma, WA 98402-3110"}}, {"location_id": "1312709", "name": "Indochine Asian Dining Lounge", "distance": "0.11608682108002664", "bearing": "southeast", "address_obj": {"street1": "1924 Pacific Ave", "street2": "", "city": "Tacoma", "state": "Washington", "country": "United States", "postalcode": "98402", "address_string": "1924 Pacific Ave, Tacoma, WA 98402"}}]}