{"data": [{"location_id": "27076576", "name": "Tollefson Plaza", "distance": "0.16489105018719408", "bearing": "north", "address_obj": {"street1": "1548 Pacific Ave", "city": "Tacoma", "state": "Washington", "country": "United States", "postalcode": "98402-4202", "address_string": "1548 Pacific Ave, Tacoma, WA 98402-4202"}}, {"location_id": "10065713", "name": "Satori", "distance": "0.08347657068862964", "bearing": "northeast", "address_obj": {"street1": "1734 Pacific Ave", "city": "Tacoma", "state": "Washington", "country": "United States", "postalcode": "98402-3215", "address_string": "1734 Pacific Ave, Tacoma, WA 98402-3215"}}, {"location_id": "288740", "name": "Tacoma Art Museum", "distance": "0.1794631034666705", "bearing": "northeast", "address_obj": {"street1": "1701 Pacific Ave", "street2": "", "city": "Tacoma", "state": "Washington", "country": "United States", "postalcode": "98402-3214", "address_string": "1701 Pacific Ave, Tacoma, WA 98402-3214"}}, {"location_id": "274305", "name": "Union Station", "distance": "0.09365632992138145", "bearing": "east", "address_obj": {"street1": "", "street2": "", "city": "Tacoma", "state": "Washington", "country": "United States", "postalcode": "", "address_string": "Tacoma, WA"}}, {"location_id": "150554", "name": "Washington State History Museum", "distance": "0.10922578385346648", "bearing": "southeast", "address_obj": {"street1": "1911 Pacific Ave", "city": "Tacoma", "state": "Washington", "country": "United States", "postalcode": "98402-3109", "address_string": "1911 Pacific Ave, Tacoma, WA 98402-3109"}}, {"location_id": "6754165", "name": "Tinkertopia", "distance": "0.1303356337276317", "bearing": "southeast", "address_obj": {"street1": "1914 Pacific Ave", "city": "Tacoma", "state": "Washington", "country": "United States", "postalcode": "98402-3110", "address_string": "1914 Pacific Ave, Tacoma, WA 98402-3110"}}, {"location_id": "27071046", "name": "Seattle Kombucha Company", "distance": "0.4922135723143906", "bearing": "south", "address_obj": {"street1": "2510 S Holgate St", "city": "Tacoma", "state": "Washington", "country": "United States", "postalcode": "98402-1203", "address_string": "2510 S Holgate St, Tacoma, WA 98402-1203"}}, {"location_id": "2302556", "name": "Bandito Charters", "distance": "0.6712877871490893", "bearing": "south", "address_obj": {"street1": "Delin Docks", "street2": "", "city": "Tacoma", "state": "Washington", "country": "United States", "postalcode": "98409", "address_string": "Delin Docks, Tacoma, WA 98409"}}, {"location_id": "3140375", "name": "Area 253 Glassblowing", "distance": "0.5204605392445272", "bearing": "south", "address_obj": {"street1": "2514 Holgate St", "street2": "", "city": "Tacoma", "state": "Washington", "country": "United States", "postalcode": "98402-1203", "address_string": "2514 Holgate St, Tacoma, WA 98402-1203"}}, {"location_id": "22266571", "name": "Incline Cider House", "distance": "0.2301600343723204", "bearing": "south", "address_obj": {"street1": "2115 S C St", "city": "Tacoma", "state": "Washington", "country": "United States", "postalcode": "98402-1504", "address_string": "2115 S C St, Tacoma, WA 98402-1504"}}]}