{"data": [{"location_id": "3607775", "name": "Hilton Garden Inn Tacoma Downtown", "distance": "0.20843010768696935", "bearing": "south", "address_obj": {"street1": "2102 S C Street", "city": "Tacoma", "state": "Washington", "country": "United States", "postalcode": "98402", "address_string": "2102 S C Street, Tacoma, WA 98402"}}, {"location_id": "19413310", "name": "Marriott Tacoma Downtown", "distance": "0.20031447064605518", "bearing": "north", "address_obj": {"street1": "1538 Commerce Street", "city": "Tacoma", "state": "Washington", "country": "United States", "postalcode": "98402", "address_string": "1538 Commerce Street, Tacoma, WA 98402"}}, {"location_id": "506440", "name": "Courtyard Tacoma Downtown", "distance": "0.23426207849068809", "bearing": "north", "address_obj": {"street1": "1515 Commerce Street", "street2": "", "city": "Tacoma", "state": "Washington", "country": "United States", "postalcode": "98402", "address_string": "1515 Commerce Street, Tacoma, WA 98402"}}, {"location_id": "100688", "name": "Hotel Murano", "distance": "0.3694765804276104", "bearing": "north", "address_obj": {"street1": "1320 Broadway", "street2": "", "city": "Tacoma", "state": "Washington", "country": "United States", "postalcode": "98402-3411", "address_string": "1320 Broadway, Tacoma, WA 98402-3411"}}, {"location_id": "609660", "name": "Comfort Inn & Suites Downtown Tacoma", "distance": "0.7118751304553526", "bearing": "southeast", "address_obj": {"street1": "2611 East E St", "street2": "", "city": "Tacoma", "state": "Washington", "country": "United States", "postalcode": "98421-1225", "address_string": "2611 East E St, Tacoma, WA 98421-1225"}}, {"location_id": "17762020", "name": "Mcmenamins Elk Temple", "distance": "0.8734121589734105", "bearing": "north", "address_obj": {"street1": "565 Broadway", "city": "Tacoma", "state": "Washington", "country": "United States", "postalcode": "98402-3907", "address_string": "565 Broadway, Tacoma, WA 98402-3907"}}]}