{"data": [{"location_id": "26991889", "name": "Juicy Cafe", "distance": "0.05555622653996359", "bearing": "northwest", "address_obj": {"street1": "701 5th Ave", "city": "Seattle", "state": "Washington", "country": "United States", "postalcode": "98104-1915", "address_string": "701 5th Ave, Seattle, WA 98104-1915"}}, {"location_id": "25299117", "name": "Evergreens", "distance": "0.04397518244934432", "bearing": "northwest", "address_obj": {"street1": "701 5th Ave", "street2": "Suite 212", "city": "Seattle", "state": "Washington", "country": "United States", "postalcode": "98104", "address_string": "701 5th Ave Suite 212, Seattle, WA 98104"}}, {"location_id": "5432807", "name": "City Grind", "distance": "0.0010644502489491007", "bearing": "southeast", "address_obj": {"street1": "600 4th Ave", "city": "Seattle", "state": "Washington", "country": "United States", "postalcode": "98104-1850", "address_string": "600 4th Ave, Seattle, WA 98104-1850"}}, {"location_id": "20304220", "name": "Manu's Bodega", "distance": "0.15331325718233815", "bearing": "south", "address_obj": {"street1": "100 Prefontaine Pl S", "city": "Seattle", "state": "Washington", "country": "United States", "postalcode": "98104-2614", "address_string": "100 Prefontaine Pl S, Seattle, WA 98104-2614"}}, {"location_id": "13455719", "name": "Sushi Kudasai", "distance": "0.05466238378836136", "bearing": "northwest", "address_obj": {"street1": "701 5th Ave", "street2": "Ste 113", "city": "Seattle", "state": "Washington", "country": "United States", "postalcode": "98104-7097", "address_string": "701 5th Ave Ste 113, Seattle, WA 98104-7097"}}, {"location_id": "21132069", "name": "Just Poke", "distance": "0.05466238378836136", "bearing": "northwest", "address_obj": {"street1": "701 5th Ave", "street2": "Ave #205, Food Court", "city": "Seattle", "state": "Washington", "country": "United States", "postalcode": "98104-7097", "address_string": "701 5th Ave Ave #205, Food Court, Seattle, WA 98104-7097"}}, {"location_id": "4517942", "name": "Basil Box", "distance": "0.05466238378836136", "bearing": "northwest", "address_obj": {"street1": "701 5th Ave Ste 105", "city": "Seattle", "state": "Washington", "country": "United States", "postalcode": "98104-1952", "address_string": "701 5th Ave Ste 105, Seattle, WA 98104-1952"}}, {"location_id": "4325775", "name": "Jimmy Johns", "distance": "0.05466238378836136", "bearing": "northwest", "address_obj": {"street1": "701 5th Ave", "street2": "Ste 211", "city": "Seattle", "state": "Washington", "country": "United States", "postalcode": "98104-7097", "address_string": "701 5th Ave Ste 211, Seattle, WA 98104-7097"}}, {"location_id": "432725", "name": "Market Fresh", "distance": "0.05466238378836136", "bearing": "northwest", "address_obj": {"street1": "701 5th Ave Ste 107", "street2": "", "city": "Seattle", "state": "Washington", "country": "United States", "postalcode": "98104-7027", "address_string": "701 5th Ave Ste 107, Seattle, WA 98104-7027"}}, {"location_id": "432724", "name": "Bebas & Amigos", "distance": "0.06625371582984987", "bearing": "north", "address_obj": {"street1": "700 5th Ave", "street2": "Ste 604", "city": "Seattle", "state": "Washington", "country": "United States", "postalcode": "98104-5058", "address_string": "700 5th Ave Ste 604, Seattle, WA 98104-5058"}}]}