{"data": [{"location_id": "21059395", "name": "Lotte Hotel Seattle", "distance": "0.10119429961564891", "bearing": "north", "address_obj": {"street1": "809 5th Ave", "street2": "16th Floor", "city": "Seattle", "state": "Washington", "country": "United States", "postalcode": "98104-1663", "address_string": "809 5th Ave 16th Floor, Seattle, WA 98104-1663"}}, {"location_id": "100554", "name": "Renaissance Seattle Hotel", "distance": "0.19847099509874883", "bearing": "north", "address_obj": {"street1": "515 Madison Street", "street2": "", "city": "Seattle", "state": "Washington", "country": "United States", "postalcode": "98104", "address_string": "515 Madison Street, Seattle, WA 98104"}}, {"location_id": "100569", "name": "Hotel Sorrento", "distance": "0.3872975800211607", "bearing": "northeast", "address_obj": {"street1": "900 Madison St", "street2": "", "city": "Seattle", "state": "Washington", "country": "United States", "postalcode": "98104-1234", "address_string": "900 Madison St, Seattle, WA 98104-1234"}}, {"location_id": "13142954", "name": "Embassy Suites by Hilton Seattle Downtown Pioneer Square", "distance": "0.39996914641140857", "bearing": "south", "address_obj": {"street1": "255 South King Street", "city": "Seattle", "state": "Washington", "country": "United States", "postalcode": "98104", "address_string": "255 South King Street, Seattle, WA 98104"}}, {"location_id": "290883", "name": "Panama Hotel", "distance": "0.32604259618153825", "bearing": "southeast", "address_obj": {"street1": "605 1/2 S Main St", "street2": "", "city": "Seattle", "state": "Washington", "country": "United States", "postalcode": "98104-2717", "address_string": "605 1/2 S Main St, Seattle, WA 98104-2717"}}, {"location_id": "12657999", "name": "SLS Seattle", "distance": "0.12804630977091455", "bearing": "northwest", "address_obj": {"street1": "801 5th Ave", "city": "Seattle", "state": "Washington", "country": "United States", "postalcode": "98104-1608", "address_string": "801 5th Ave, Seattle, WA 98104-1608"}}, {"location_id": "677260", "name": "The Arctic Club Seattle - A Doubletree By Hilton Hotel", "distance": "0.09003689913834449", "bearing": "west", "address_obj": {"street1": "700 3rd Ave.", "street2": "", "city": "Seattle", "state": "Washington", "country": "United States", "postalcode": "98104", "address_string": "700 3rd Ave., Seattle, WA 98104"}}, {"location_id": "100527", "name": "Crowne Plaza Seattle-downtown By Ihg", "distance": "0.31742548359120926", "bearing": "north", "address_obj": {"street1": "1113 6th Avenue", "street2": "", "city": "Seattle", "state": "Washington", "country": "United States", "postalcode": "98101", "address_string": "1113 6th Avenue, Seattle, WA 98101"}}, {"location_id": "100585", "name": "Kimpton Hotel Vintage Seattle", "distance": "0.28829058766967314", "bearing": "north", "address_obj": {"street1": "1100 5th Ave", "street2": "", "city": "Seattle", "state": "Washington", "country": "United States", "postalcode": "98101", "address_string": "1100 5th Ave, Seattle, WA 98101"}}, {"location_id": "100547", "name": "Executive Hotel Pacific Downtown Seattle", "distance": "0.2741982778869062", "bearing": "northwest", "address_obj": {"street1": "400 Spring St", "street2": "", "city": "Seattle", "state": "Washington", "country": "United States", "postalcode": "98104-1114", "address_string": "400 Spring St, Seattle, WA 98104-1114"}}]}