{"data": [{"location_id": "27020811", "name": "Gallery 110", "distance": "0.17784565450286208", "bearing": "south", "address_obj": {"street1": "110 3rd Ave S", "city": "Seattle", "state": "Washington", "country": "United States", "postalcode": "98104-2606", "address_string": "110 3rd Ave S, Seattle, WA 98104-2606"}}, {"location_id": "28182720", "name": "Studio 103", "distance": "0.1976340188897814", "bearing": "south", "address_obj": {"street1": "306 S Washington St", "city": "Seattle", "state": "Washington", "country": "United States", "postalcode": "98104-2616", "address_string": "306 S Washington St, Seattle, WA 98104-2616"}}, {"location_id": "28182738", "name": "City Hall Park", "distance": "0.1326064076579781", "bearing": "south", "address_obj": {"street1": "500 3rd Ave", "city": "Seattle", "state": "Washington", "country": "United States", "postalcode": "98104-2305", "address_string": "500 3rd Ave, Seattle, WA 98104-2305"}}, {"location_id": "27037052", "name": "Women Painters of Washington Gallery", "distance": "0.05257014415171802", "bearing": "northwest", "address_obj": {"street1": "701 5th Ave", "city": "Seattle", "state": "Washington", "country": "United States", "postalcode": "98104-1952", "address_string": "701 5th Ave, Seattle, WA 98104-1952"}}, {"location_id": "143564", "name": "Sky View Observatory", "distance": "0.05074220931528789", "bearing": "northwest", "address_obj": {"street1": "700 4th Ave", "street2": "73rd Floor, Columbia Center", "city": "Seattle", "state": "Washington", "country": "United States", "postalcode": "98104-7097", "address_string": "700 4th Ave 73rd Floor, Columbia Center, Seattle, WA 98104-7097"}}, {"location_id": "28182760", "name": "Method Gallery", "distance": "0.1633704746895975", "bearing": "south", "address_obj": {"street1": "106 3rd Ave S", "city": "Seattle", "state": "Washington", "country": "United States", "postalcode": "98104-2606", "address_string": "106 3rd Ave S, Seattle, WA 98104-2606"}}, {"location_id": "13085832", "name": "Core Gallery", "distance": "0.18041579718308964", "bearing": "south", "address_obj": {"street1": "117 Prefontaine Pl S", "city": "Seattle", "state": "Washington", "country": "United States", "postalcode": "98104-2672", "address_string": "117 Prefontaine Pl S, Seattle, WA 98104-2672"}}, {"location_id": "27042686", "name": "Tashiro Caplan Artist Lofts", "distance": "0.18304018871800845", "bearing": "south", "address_obj": {"street1": "115 Prefontaine Pl S", "city": "Seattle", "state": "Washington", "country": "United States", "postalcode": "98104-2629", "address_string": "115 Prefontaine Pl S, Seattle, WA 98104-2629"}}, {"location_id": "128536", "name": "Center on Contemporary Art", "distance": "0.18471325914807635", "bearing": "south", "address_obj": {"street1": "114 3rd Ave S", "street2": "Seattle Design Center, Suite P258", "city": "Seattle", "state": "Washington", "country": "United States", "postalcode": "98104-2606", "address_string": "114 3rd Ave S Seattle Design Center, Suite P258, Seattle, WA 98104-2606"}}, {"location_id": "603458", "name": "Greg Kucera Gallery", "distance": "0.23339917133944718", "bearing": "south", "address_obj": {"street1": "212 3rd Ave S", "street2": "", "city": "Seattle", "state": "Washington", "country": "United States", "postalcode": "98104-2608", "address_string": "212 3rd Ave S, Seattle, WA 98104-2608"}}]}