{"data": [{"id": 462482038, "is_blessed": false, "caption": "Lobby", "published_date": "2020-07-16T20:42:29.498Z", "images": {"thumbnail": {"height": 50, "width": 50, "url": "https://media-cdn.tripadvisor.com/media/photo-t/1b/90/ea/76/doubletree-by-hilton.jpg"}, "small": {"height": 150, "width": 150, "url": "https://media-cdn.tripadvisor.com/media/photo-l/1b/90/ea/76/doubletree-by-hilton.jpg"}, "medium": {"height": 167, "width": 250, "url": "https://media-cdn.tripadvisor.com/media/photo-f/1b/90/ea/76/doubletree-by-hilton.jpg"}, "large": {"height": 367, "width": 550, "url": "https://media-cdn.tripadvisor.com/media/photo-s/1b/90/ea/76/doubletree-by-hilton.jpg"}, "original": {"height": 853, "width": 1280, "url": "https://media-cdn.tripadvisor.com/media/photo-m/1280/1b/90/ea/76/doubletree-by-hilton.jpg"}}, "album": "Hotel & Grounds", "source": {"name": "Management", "localized_name": "Management"}, "user": {"username": "Management"}}, {"id": 462482034, "is_blessed": false, "caption": "Reception", "published_date": "2020-07-16T20:42:25.203Z", "images": {"thumbnail": {"height": 50, "width": 50, "url": "https://media-cdn.tripadvisor.com/media/photo-t/1b/90/ea/72/doubletree-by-hilton.jpg"}, "small": {"height": 150, "width": 150, "url": "https://media-cdn.tripadvisor.com/media/photo-l/1b/90/ea/72/doubletree-by-hilton.jpg"}, "medium": {"height": 167, "width": 250, "url": "https://media-cdn.tripadvisor.com/media/photo-f/1b/90/ea/72/doubletree-by-hilton.jpg"}, "large": {"height": 367, "width": 550, "url": "https://media-cdn.tripadvisor.com/media/photo-s/1b/90/ea/72/doubletree-by-hilton.jpg"}, "original": {"height": 853, "width": 1280, "url": "https://media-cdn.tripadvisor.com/media/photo-m/1280/1b/90/ea/72/doubletree-by-hilton.jpg"}}, "album": "Hotel & Grounds", "source": {"name": "Management", "localized_name": "Management"}, "user": {"username": "Management"}}, {"id": 462482025, "is_blessed": false, "caption": "Boardroom", "published_date": "2020-07-16T20:42:21.076Z", "images": {"thumbnail": {"height": 50, "width": 50, "url": "https://media-cdn.tripadvisor.com/media/photo-t/1b/90/ea/69/doubletree-by-hilton.jpg"}, "small": {"height": 150, "width": 150, "url": "https://media-cdn.tripadvisor.com/media/photo-l/1b/90/ea/69/doubletree-by-hilton.jpg"}, "medium": {"height": 167, "width": 250, "url": "https://media-cdn.tripadvisor.com/media/photo-f/1b/90/ea/69/doubletree-by-hilton.jpg"}, "large": {"height": 367, "width": 550, "url": "https://media-cdn.tripadvisor.com/media/photo-s/1b/90/ea/69/doubletree-by-hilton.jpg"}, "original": {"height": 853, "width": 1280, "url": "https://media-cdn.tripadvisor.com/media/photo-m/1280/1b/90/ea/69/doubletree-by-hilton.jpg"}}, "album": "Business Center/Function Rooms", "source": {"name": "Management", "localized_name": "Management"}, "user": {"username": "Management"}}, {"id": 462482047, "is_blessed": false, "caption": "King Room", "published_date": "2020-07-16T20:42:37.66Z", "images": {"thumbnail": {"height": 50, "width": 50, "url": "https://media-cdn.tripadvisor.com/media/photo-t/1b/90/ea/7f/doubletree-by-hilton.jpg"}, "small": {"height": 150, "width": 150, "url": "https://media-cdn.tripadvisor.com/media/photo-l/1b/90/ea/7f/doubletree-by-hilton.jpg"}, "medium": {"height": 167, "width": 250, "url": "https://media-cdn.tripadvisor.com/media/photo-f/1b/90/ea/7f/doubletree-by-hilton.jpg"}, "large": {"height": 367, "width": 550, "url": "https://media-cdn.tripadvisor.com/media/photo-s/1b/90/ea/7f/doubletree-by-hilton.jpg"}, "original": {"height": 853, "width": 1280, "url": "https://media-cdn.tripadvisor.com/media/photo-m/1280/1b/90/ea/7f/doubletree-by-hilton.jpg"}}, "album": "Room/Suite", "source": {"name": "Management", "localized_name": "Management"}, "user": {"username": "Management"}}]}