{"location_id": "23743982", "name": "Courtyard Antiques & Home Decor", "description": "We're Courtyard Antiques & Home Decor and we've been an antique store here in Olympia, WA since 2019. We offer home decor, wall art, antiques, seasonal items, clothing, furniture, and much more. We're looking forward to growing our business to continue to serve Lacey, Tumwater, and surrounding areas. We'd like to personally invite you to stop by for your next antique purchase!", "web_url": "https://www.tripadvisor.com/Attraction_Review-g58653-d23743982-Reviews-Courtyard_Antiques_Home_Decor-Olympia_Washington.html?m=66827", "address_obj": {"street1": "705 4th Ave E", "city": "Olympia", "state": "Washington", "country": "United States", "postalcode": "98506", "address_string": "705 4th Ave E, Olympia, WA 98506"}, "ancestors": [{"level": "City", "name": "Olympia", "location_id": "58653"}, {"abbrv": "WA", "level": "State", "name": "Washington", "location_id": "28968"}, {"level": "Country", "name": "United States", "location_id": "191"}], "latitude": "47.045128", "longitude": "-122.89389", "timezone": "America/Los_Angeles", "email": "courtyardantiquesandhome@gmail.com", "phone": "+1 360-352-3864", "website": "http://www.courtyardantiquesolympia.com", "write_review": "https://www.tripadvisor.com/UserReview-g58653-d23743982-Courtyard_Antiques_Home_Decor-Olympia_Washington.html?m=66827", "num_reviews": "0", "photo_count": "45", "see_all_photos": "https://www.tripadvisor.com/Attraction_Review-g58653-d23743982-m66827-Reviews-Courtyard_Antiques_Home_Decor-Olympia_Washington.html#photos", "hours": {"periods": [{"open": {"day": 1, "time": "1000"}, "close": {"day": 1, "time": "1700"}}, {"open": {"day": 2, "time": "1000"}, "close": {"day": 2, "time": "1700"}}, {"open": {"day": 3, "time": "1000"}, "close": {"day": 3, "time": "1700"}}, {"open": {"day": 4, "time": "1000"}, "close": {"day": 4, "time": "1700"}}, {"open": {"day": 5, "time": "1000"}, "close": {"day": 5, "time": "1700"}}, {"open": {"day": 6, "time": "1000"}, "close": {"day": 6, "time": "1700"}}, {"open": {"day": 7, "time": "1000"}, "close": {"day": 7, "time": "1700"}}], "weekday_text": ["Monday: 10:00 - 17:00", "Tuesday: 10:00 - 17:00", "Wednesday: 10:00 - 17:00", "Thursday: 10:00 - 17:00", "Friday: 10:00 - 17:00", "Saturday: 10:00 - 17:00", "Sunday: 10:00 - 17:00"]}, "category": {"name": "attraction", "localized_name": "Attraction"}, "subcategory": [{"name": "shopping", "localized_name": "Shopping"}], "groups": [{"name": "Shopping", "localized_name": "Shopping", "categories": [{"name": "Antique Stores", "localized_name": "Antique Stores"}]}], "neighborhood_info": [], "trip_types": [{"name": "business", "localized_name": "Business", "value": "0"}, {"name": "couples", "localized_name": "Couples", "value": "0"}, {"name": "solo", "localized_name": "Solo travel", "value": "0"}, {"name": "family", "localized_name": "Family", "value": "0"}, {"name": "friends", "localized_name": "Friends getaway", "value": "0"}], "awards": []}