{"location_id": "100527", "name": "Crowne Plaza Seattle-downtown By Ihg", "description": "Experience the best of Seattle at the award-winning Crowne Plaza Seattle-Downtown. Our modern hotel near Lumens Field offers the inviting atmosphere and modern luxuries you need to make the most of your stay. Host your upcoming meeting or event in our stylish event venues. Choose from 10 meeting rooms with over 10,000 sq ft of total space. Headed by our dedicated Meetings Director, our friendly and professional staff is here to make sure all the details are executed smoothly. We also offer adaptive workspaces for brainstorming sessions, solo work, and more. Get a great night's sleep in our guest rooms and suites with panoramic windows, productive workstations, and Beekman 1802 natural bath amenities. Be your best self with access to our 24-hour onsite fitness center offering free weights and cardio machines. Savor classic American entrees and craft beverages at our downtown Seattle restaurant, Regatta Bar and Grille.", "web_url": "https://www.tripadvisor.com/Hotel_Review-g60878-d100527-Reviews-Crowne_Plaza_Seattle_downtown_By_Ihg-Seattle_Washington.html?m=66827", "address_obj": {"street1": "1113 6th Avenue", "street2": "", "city": "Seattle", "state": "Washington", "country": "United States", "postalcode": "98101", "address_string": "1113 6th Avenue, Seattle, WA 98101"}, "ancestors": [{"level": "City", "name": "Seattle", "location_id": "60878"}, {"abbrv": "WA", "level": "State", "name": "Washington", "location_id": "28968"}, {"level": "Country", "name": "United States", "location_id": "191"}], "latitude": "47.608208", "longitude": "-122.332115", "timezone": "America/Los_Angeles", "phone": "18778595095", "write_review": "https://www.tripadvisor.com/UserReview-g60878-d100527-Crowne_Plaza_Seattle_downtown_By_Ihg-Seattle_Washington.html?m=66827", "ranking_data": {"geo_location_id": "60878", "ranking_string": "#60 of 118 hotels in Seattle", "geo_location_name": "Seattle", "ranking_out_of": "118", "ranking": "60"}, "rating": "4.1", "rating_image_url": "https://www.tripadvisor.com/img/cdsi/img2/ratings/traveler/4.0-66827-5.svg", "num_reviews": "1836", "review_rating_count": {"1": "49", "2": "89", "3": "248", "4": "754", "5": "696"}, "subratings": {"0": {"name": "rate_location", "localized_name": "Location", "rating_image_url": "https://static.tacdn.com/img2/ratings/traveler/ss4.5.svg", "value": "4.5"}, "1": {"name": "rate_sleep", "localized_name": "Sleep Quality", "rating_image_url": "https://static.tacdn.com/img2/ratings/traveler/ss4.5.svg", "value": "4.3"}, "2": {"name": "rate_room", "localized_name": "Rooms", "rating_image_url": "https://static.tacdn.com/img2/ratings/traveler/ss4.0.svg", "value": "4.2"}, "3": {"name": "rate_service", "localized_name": "Service", "rating_image_url": "https://static.tacdn.com/img2/ratings/traveler/ss4.0.svg", "value": "4.2"}, "4": {"name": "rate_value", "localized_name": "Value", "rating_image_url": "https://static.tacdn.com/img2/ratings/traveler/ss4.0.svg", "value": "3.9"}, "5": {"name": "rate_cleanliness", "localized_name": "Cleanliness", "rating_image_url": "https://static.tacdn.com/img2/ratings/traveler/ss4.5.svg", "value": "4.4"}}, "photo_count": "729", "see_all_photos": "https://www.tripadvisor.com/Hotel_Review-g60878-d100527-m66827-Reviews-Crowne_Plaza_Seattle_downtown_By_Ihg-Seattle_Washington.html#photos", "price_level": "$$$$", "hours": {"periods": [{"open": {"day": 1, "time": "0000"}, "close": {"day": 1, "time": "0000"}}, {"open": {"day": 2, "time": "0000"}, "close": {"day": 2, "time": "0000"}}, {"open": {"day": 3, "time": "0000"}, "close": {"day": 3, "time": "0000"}}, {"open": {"day": 4, "time": "0000"}, "close": {"day": 4, "time": "0000"}}, {"open": {"day": 5, "time": "0000"}, "close": {"day": 5, "time": "0000"}}, {"open": {"day": 6, "time": "0000"}, "close": {"day": 6, "time": "0000"}}, {"open": {"day": 7, "time": "0000"}, "close": {"day": 7, "time": "0000"}}], "weekday_text": ["Monday: 00:00 - 00:00", "Tuesday: 00:00 - 00:00", "Wednesday: 00:00 - 00:00", "Thursday: 00:00 - 00:00", "Friday: 00:00 - 00:00", "Saturday: 00:00 - 00:00", "Sunday: 00:00 - 00:00"]}, "amenities": ["Internet", "Kids Activities", "Suites", "Room service", "Free Internet", "Wheelchair access", "Restaurant", "Wifi", "Public Wifi", "Free Wifi", "Paid Wifi", "Dry Cleaning", "Meeting rooms", "Non-smoking rooms", "Business center", "Fitness center", "Laundry Service", "Concierge", "Banquet Room", "Air conditioning", "Multilingual Staff", "Accessible rooms", "Refrigerator in room", "Conference Facilities", "Non-smoking hotel", "Safe", "Flatscreen TV", "Breakfast Available", "Parking", "Facilities for Disabled Guests", "Housekeeping", "Kids Stay Free", "Allergy-free Room", "ATM On Site", "Baggage Storage", "Bath / Shower", "Blackout Curtains", "Bottled Water", "Breakfast in the Room", "Cable / Satellite TV", "24-Hour Check-in", "Express Check-in / Check-out", "Chinese", "Clothes Rack", "Coffee / Tea Maker", "Complimentary Tea", "Convenience Store", "Desk", "Dining Area", "English", "Complimentary Instant Coffee", "Complimentary Toiletries", "Free Wifi in the Business Center", "Free Wired Internet in the Business Center", "24-Hour Front Desk", "Hair Dryer", "Interconnected room(s) available", "Iron", "Kids' Meals", "Landmark View", "Laptop Safe", "On-Demand Movies", "Parking Garage", "Private Bathrooms", "Paid Private Parking On-site", "Paid Public Parking Nearby", "Seating Area", "24-Hour Security", "Secured Parking", "Separate Living Room", "Sofa", "Sofa Bed", "Soundproof Rooms", "Spanish", "Special Diet Menus", "Street Parking", "Telephone", "Umbrella", "Valet Parking", "Vending Machine", "Wake Up Service / Alarm Clock", "Walk-in Shower", "Wardrobe / Closet", "Wine / Champagne"], "parent_brand": "InterContinental", "brand": "Crowne Plaza", "category": {"name": "hotel", "localized_name": "Hotel"}, "subcategory": [{"name": "hotel", "localized_name": "Hotel"}], "styles": ["Great View", "Quiet"], "neighborhood_info": [], "trip_types": [{"name": "business", "localized_name": "Business", "value": "488"}, {"name": "couples", "localized_name": "Couples", "value": "518"}, {"name": "solo", "localized_name": "Solo travel", "value": "144"}, {"name": "family", "localized_name": "Family", "value": "353"}, {"name": "friends", "localized_name": "Friends getaway", "value": "174"}], "awards": []}