{"location_id": "288740", "name": "Tacoma Art Museum", "description": "Celebrating 81 years, Tacoma Art Museum is an anchor in the city\u2019s downtown and a gathering place for connecting people through art via thoughtful exhibitions, exciting events, and enriching programs. The museum\u2019s collection of more than 4,500 works emphasizes the art and artists of the Northwest and broader western region. Highlights of the collection include: -the largest retrospective museum collection of glass art by Tacoma native Dale Chihuly on continued view; -the largest collection of studio art jewelry by Northwest artists; -key holdings in 19th century European and 20th-century American art; -one of the finest collections of Japanese woodblock prints on the West Coast; and -the Haub Family Collection, one of the nation\u2019s premier western American art collections, with approximately 300 works spanning 200 years. The Haub Family Collection is the first major museum collection of western American art in the Pacific Northwestern region. Named by USA Today as one of the \u201cTop 10 Great Places to See Art in Smaller Cities,\u201d the museum has developed a national reputation for presenting art in a thought-provoking yet accessible manner, with a strong commitment to Northwest art through its acquisition and exhibition programs. In addition to dynamic exhibitions, nationally touring shows, and historical retrospectives, TAM serves the diverse communities of the region through innovative programming and learning opportunities for all ages, including free community events. TAM is located in Tacoma\u2019s Museum District, near the Museum of Glass, the Washington State History Museum, Children\u2019s Museum of Tacoma, and historic Union Station.", "web_url": "https://www.tripadvisor.com/Attraction_Review-g58775-d288740-Reviews-Tacoma_Art_Museum-Tacoma_Washington.html?m=66827", "address_obj": {"street1": "1701 Pacific Ave", "street2": "", "city": "Tacoma", "state": "Washington", "country": "United States", "postalcode": "98402-3214", "address_string": "1701 Pacific Ave, Tacoma, WA 98402-3214"}, "ancestors": [{"level": "City", "name": "Tacoma", "location_id": "58775"}, {"abbrv": "WA", "level": "State", "name": "Washington", "location_id": "28968"}, {"level": "Country", "name": "United States", "location_id": "191"}], "latitude": "47.24778", "longitude": "-122.4365", "timezone": "America/Los_Angeles", "email": "info@tacomaartmuseum.org", "phone": "+1 253-272-4258", "website": "http://www.tacomaartmuseum.org/", "write_review": "https://www.tripadvisor.com/UserReview-g58775-d288740-Tacoma_Art_Museum-Tacoma_Washington.html?m=66827", "ranking_data": {"geo_location_id": "58775", "ranking_string": "#8 of 140 things to do in Tacoma", "geo_location_name": "Tacoma", "ranking_out_of": "140", "ranking": "8"}, "rating": "4.4", "rating_image_url": "https://www.tripadvisor.com/img/cdsi/img2/ratings/traveler/4.5-66827-5.svg", "num_reviews": "267", "review_rating_count": {"1": "2", "2": "6", "3": "28", "4": "83", "5": "148"}, "photo_count": "127", "see_all_photos": "https://www.tripadvisor.com/Attraction_Review-g58775-d288740-m66827-Reviews-Tacoma_Art_Museum-Tacoma_Washington.html#photos", "hours": {"periods": [{"open": {"day": 2, "time": "1000"}, "close": {"day": 2, "time": "1700"}}, {"open": {"day": 3, "time": "1000"}, "close": {"day": 3, "time": "1700"}}, {"open": {"day": 4, "time": "1000"}, "close": {"day": 4, "time": "1700"}}, {"open": {"day": 5, "time": "1000"}, "close": {"day": 5, "time": "1700"}}, {"open": {"day": 6, "time": "1000"}, "close": {"day": 6, "time": "1700"}}, {"open": {"day": 7, "time": "1000"}, "close": {"day": 7, "time": "1700"}}], "weekday_text": ["Monday: Closed", "Tuesday: 10:00 - 17:00", "Wednesday: 10:00 - 17:00", "Thursday: 10:00 - 17:00", "Friday: 10:00 - 17:00", "Saturday: 10:00 - 17:00", "Sunday: 10:00 - 17:00"]}, "category": {"name": "attraction", "localized_name": "Attraction"}, "subcategory": [{"name": "museums", "localized_name": "Museums"}, {"name": "attractions", "localized_name": "Attractions"}], "groups": [{"name": "Museums", "localized_name": "Museums", "categories": [{"name": "Art Museums", "localized_name": "Art Museums"}]}], "neighborhood_info": [], "trip_types": [{"name": "business", "localized_name": "Business", "value": "7"}, {"name": "couples", "localized_name": "Couples", "value": "82"}, {"name": "solo", "localized_name": "Solo travel", "value": "29"}, {"name": "family", "localized_name": "Family", "value": "45"}, {"name": "friends", "localized_name": "Friends getaway", "value": "56"}], "awards": []}