{"location_id": "27071046", "name": "Seattle Kombucha Company", "web_url": "https://www.tripadvisor.com/Attraction_Review-g58775-d27071046-Reviews-Seattle_Kombucha_Company-Tacoma_Washington.html?m=66827", "address_obj": {"street1": "2510 S Holgate St", "city": "Tacoma", "state": "Washington", "country": "United States", "postalcode": "98402-1203", "address_string": "2510 S Holgate St, Tacoma, WA 98402-1203"}, "ancestors": [{"level": "City", "name": "Tacoma", "location_id": "58775"}, {"abbrv": "WA", "level": "State", "name": "Washington", "location_id": "28968"}, {"level": "Country", "name": "United States", "location_id": "191"}], "latitude": "47.2384", "longitude": "-122.4377", "timezone": "America/Los_Angeles", "phone": "+1 425-985-2364", "website": "http://www.seattlekombucha.com", "write_review": "https://www.tripadvisor.com/UserReview-g58775-d27071046-Seattle_Kombucha_Company-Tacoma_Washington.html?m=66827", "ranking_data": {"geo_location_id": "58775", "ranking_string": "#46 of 140 things to do in Tacoma", "geo_location_name": "Tacoma", "ranking_out_of": "140", "ranking": "46"}, "rating": "5.0", "rating_image_url": "https://www.tripadvisor.com/img/cdsi/img2/ratings/traveler/5.0-66827-5.svg", "num_reviews": "1", "review_rating_count": {"1": "0", "2": "0", "3": "0", "4": "0", "5": "1"}, "photo_count": "0", "see_all_photos": "https://www.tripadvisor.com/Attraction_Review-g58775-d27071046-m66827-Reviews-Seattle_Kombucha_Company-Tacoma_Washington.html#photos", "category": {"name": "attraction", "localized_name": "Attraction"}, "subcategory": [{"name": "food_drink", "localized_name": "Food & Drink"}, {"name": "activities", "localized_name": "Activities"}], "groups": [{"name": "Food & Drink", "localized_name": "Food & Drink", "categories": [{"name": "Breweries", "localized_name": "Breweries"}]}], "neighborhood_info": [], "trip_types": [{"name": "business", "localized_name": "Business", "value": "0"}, {"name": "couples", "localized_name": "Couples", "value": "0"}, {"name": "solo", "localized_name": "Solo travel", "value": "0"}, {"name": "family", "localized_name": "Family", "value": "0"}, {"name": "friends", "localized_name": "Friends getaway", "value": "1"}], "awards": []}