{"location_id": "9859932", "name": "Towneplace Suites Olympia", "web_url": "https://www.tripadvisor.com/Hotel_Review-g58653-d9859932-Reviews-Towneplace_Suites_Olympia-Olympia_Washington.html?m=66827", "address_obj": {"street1": "900 Capitol Way South", "city": "Olympia", "state": "Washington", "country": "United States", "postalcode": "98501", "address_string": "900 Capitol Way South, Olympia, WA 98501"}, "ancestors": [{"level": "City", "name": "Olympia", "location_id": "58653"}, {"abbrv": "WA", "level": "State", "name": "Washington", "location_id": "28968"}, {"level": "Country", "name": "United States", "location_id": "191"}], "latitude": "47.040527", "longitude": "-122.90077", "timezone": "America/Los_Angeles", "phone": "18446310595", "write_review": "https://www.tripadvisor.com/UserReview-g58653-d9859932-Towneplace_Suites_Olympia-Olympia_Washington.html?m=66827", "ranking_data": {"geo_location_id": "58653", "ranking_string": "#5 of 8 hotels in Olympia", "geo_location_name": "Olympia", "ranking_out_of": "8", "ranking": "5"}, "rating": "3.9", "rating_image_url": "https://www.tripadvisor.com/img/cdsi/img2/ratings/traveler/4.0-66827-5.svg", "num_reviews": "81", "review_rating_count": {"1": "5", "2": "5", "3": "14", "4": "28", "5": "29"}, "subratings": {"0": {"name": "rate_location", "localized_name": "Location", "rating_image_url": "https://static.tacdn.com/img2/ratings/traveler/ss4.5.svg", "value": "4.7"}, "1": {"name": "rate_sleep", "localized_name": "Sleep Quality", "rating_image_url": "https://static.tacdn.com/img2/ratings/traveler/ss4.0.svg", "value": "4.1"}, "2": {"name": "rate_room", "localized_name": "Rooms", "rating_image_url": "https://static.tacdn.com/img2/ratings/traveler/ss4.0.svg", "value": "4.0"}, "3": {"name": "rate_service", "localized_name": "Service", "rating_image_url": "https://static.tacdn.com/img2/ratings/traveler/ss4.0.svg", "value": "4.1"}, "4": {"name": "rate_value", "localized_name": "Value", "rating_image_url": "https://static.tacdn.com/img2/ratings/traveler/ss4.5.svg", "value": "4.3"}, "5": {"name": "rate_cleanliness", "localized_name": "Cleanliness", "rating_image_url": "https://static.tacdn.com/img2/ratings/traveler/ss4.5.svg", "value": "4.4"}}, "photo_count": "102", "see_all_photos": "https://www.tripadvisor.com/Hotel_Review-g58653-d9859932-m66827-Reviews-Towneplace_Suites_Olympia-Olympia_Washington.html#photos", "price_level": "$$$", "hours": {"periods": [{"open": {"day": 1, "time": "0000"}, "close": {"day": 1, "time": "0000"}}, {"open": {"day": 2, "time": "0000"}, "close": {"day": 2, "time": "0000"}}, {"open": {"day": 3, "time": "0000"}, "close": {"day": 3, "time": "0000"}}, {"open": {"day": 4, "time": "0000"}, "close": {"day": 4, "time": "0000"}}, {"open": {"day": 5, "time": "0000"}, "close": {"day": 5, "time": "0000"}}, {"open": {"day": 6, "time": "0000"}, "close": {"day": 6, "time": "0000"}}, {"open": {"day": 7, "time": "0000"}, "close": {"day": 7, "time": "0000"}}], "weekday_text": ["Monday: 00:00 - 00:00", "Tuesday: 00:00 - 00:00", "Wednesday: 00:00 - 00:00", "Thursday: 00:00 - 00:00", "Friday: 00:00 - 00:00", "Saturday: 00:00 - 00:00", "Sunday: 00:00 - 00:00"]}, "amenities": ["Pets Allowed", "Breakfast included", "Fitness center", "Internet", "Suites", "Free Internet", "Wheelchair access", "Wifi", "Public Wifi", "Free Wifi", "Non-smoking rooms", "Laundry Service", "Air conditioning", "Family Rooms", "Self-Serve Laundry", "Refrigerator in room", "Non-smoking hotel", "Flatscreen TV", "Parking", "Facilities for Disabled Guests", "Housekeeping", "English", "Kids Activities", "Free parking", "Restaurant", "Kitchenette", "Dry Cleaning", "Meeting rooms", "Tennis Court", "Business center", "Multilingual Staff", "Breakfast Available", "Kids Stay Free", "Convenience Store", "24-Hour Front Desk", "Parking Garage", "Vending Machine", "Beach Access"], "parent_brand": "Marriott", "brand": "TownePlace Suites (Marriott Bonvoy)", "category": {"name": "hotel", "localized_name": "Hotel"}, "subcategory": [{"name": "hotel", "localized_name": "Hotel"}], "styles": ["Trendy", "Quiet"], "neighborhood_info": [], "trip_types": [{"name": "business", "localized_name": "Business", "value": "20"}, {"name": "couples", "localized_name": "Couples", "value": "26"}, {"name": "solo", "localized_name": "Solo travel", "value": "4"}, {"name": "family", "localized_name": "Family", "value": "19"}, {"name": "friends", "localized_name": "Friends getaway", "value": "1"}], "awards": []}