{"location_id": "17731679", "name": "Sam Choy's Poke to the Max - Tacoma", "description": "We are a Hawaiian restaurant serving poke, kalua pork, garlic chicken and other island dishes.", "web_url": "https://www.tripadvisor.com/Restaurant_Review-g58775-d17731679-Reviews-Sam_Choy_s_Poke_to_the_Max_Tacoma-Tacoma_Washington.html?m=66827", "address_obj": {"street1": "1716 Pacific Ave", "city": "Tacoma", "state": "Washington", "country": "United States", "postalcode": "98402-3215", "address_string": "1716 Pacific Ave, Tacoma, WA 98402-3215"}, "ancestors": [{"level": "City", "name": "Tacoma", "location_id": "58775"}, {"abbrv": "WA", "level": "State", "name": "Washington", "location_id": "28968"}, {"level": "Country", "name": "United States", "location_id": "191"}], "latitude": "47.24635", "longitude": "-122.43735", "timezone": "America/Los_Angeles", "email": "northwest@samchoyspoke.com", "phone": "+1 253-627-4099", "website": "http://samchoyspoke.com", "write_review": "https://www.tripadvisor.com/UserReview-g58775-d17731679-Sam_Choy_s_Poke_to_the_Max_Tacoma-Tacoma_Washington.html?m=66827", "ranking_data": {"geo_location_id": "58775", "ranking_string": "#291 of 837 Places to Eat in Tacoma", "geo_location_name": "Tacoma", "ranking_out_of": "837", "ranking": "291"}, "rating": "4.5", "rating_image_url": "https://www.tripadvisor.com/img/cdsi/img2/ratings/traveler/4.5-66827-5.svg", "num_reviews": "2", "review_rating_count": {"1": "0", "2": "0", "3": "0", "4": "1", "5": "1"}, "subratings": {"0": {"name": "rate_food", "localized_name": "Food", "rating_image_url": "https://static.tacdn.com/img2/ratings/traveler/ss5.0.svg", "value": "5.0"}, "1": {"name": "rate_service", "localized_name": "Service", "rating_image_url": "https://static.tacdn.com/img2/ratings/traveler/ss5.0.svg", "value": "5.0"}, "2": {"name": "rate_value", "localized_name": "Value", "rating_image_url": "https://static.tacdn.com/img2/ratings/traveler/ss4.0.svg", "value": "4.0"}}, "photo_count": "3", "see_all_photos": "https://www.tripadvisor.com/Restaurant_Review-g58775-d17731679-m66827-Reviews-Sam_Choy_s_Poke_to_the_Max_Tacoma-Tacoma_Washington.html#photos", "price_level": "$", "hours": {"periods": [{"open": {"day": 1, "time": "1100"}, "close": {"day": 1, "time": "1900"}}, {"open": {"day": 2, "time": "1100"}, "close": {"day": 2, "time": "1900"}}, {"open": {"day": 3, "time": "1100"}, "close": {"day": 3, "time": "1900"}}, {"open": {"day": 4, "time": "1100"}, "close": {"day": 4, "time": "1900"}}, {"open": {"day": 5, "time": "1100"}, "close": {"day": 5, "time": "1900"}}, {"open": {"day": 6, "time": "1100"}, "close": {"day": 6, "time": "1900"}}, {"open": {"day": 7, "time": "1100"}, "close": {"day": 7, "time": "1900"}}], "weekday_text": ["Monday: 11:00 - 19:00", "Tuesday: 11:00 - 19:00", "Wednesday: 11:00 - 19:00", "Thursday: 11:00 - 19:00", "Friday: 11:00 - 19:00", "Saturday: 11:00 - 19:00", "Sunday: 11:00 - 19:00"]}, "features": [], "cuisine": [{"name": "asian", "localized_name": "Asian"}, {"name": "fusion", "localized_name": "Fusion"}, {"name": "hawaiian", "localized_name": "Hawaiian"}], "category": {"name": "restaurant", "localized_name": "Restaurant"}, "subcategory": [{"name": "sit_down", "localized_name": "Sit down"}], "neighborhood_info": [], "trip_types": [{"name": "business", "localized_name": "Business", "value": "0"}, {"name": "couples", "localized_name": "Couples", "value": "0"}, {"name": "solo", "localized_name": "Solo travel", "value": "0"}, {"name": "family", "localized_name": "Family", "value": "0"}, {"name": "friends", "localized_name": "Friends getaway", "value": "0"}], "awards": []}