{"location_id": "6875589", "name": "Harlequin Productions", "description": "Harlequin seeks to invigorate, educate, and empower our community to feel more, think more, play more, and judge less through the mirror of real live theatre.", "web_url": "https://www.tripadvisor.com/Attraction_Review-g58653-d6875589-Reviews-Harlequin_Productions-Olympia_Washington.html?m=66827", "address_obj": {"street1": "202 4th Ave E", "city": "Olympia", "state": "Washington", "country": "United States", "postalcode": "98501-1105", "address_string": "202 4th Ave E, Olympia, WA 98501-1105"}, "ancestors": [{"level": "City", "name": "Olympia", "location_id": "58653"}, {"abbrv": "WA", "level": "State", "name": "Washington", "location_id": "28968"}, {"level": "Country", "name": "United States", "location_id": "191"}], "latitude": "47.04505", "longitude": "-122.90034", "timezone": "America/Los_Angeles", "email": "boxoffice@harlequinproductions.org", "phone": "+1 360-786-0151", "website": "http://www.harlequinproductions.org", "write_review": "https://www.tripadvisor.com/UserReview-g58653-d6875589-Harlequin_Productions-Olympia_Washington.html?m=66827", "ranking_data": {"geo_location_id": "58653", "ranking_string": "#2 of 5 Concerts &amp; Shows in Olympia", "geo_location_name": "Olympia", "ranking_out_of": "5", "ranking": "2"}, "rating": "4.1", "rating_image_url": "https://www.tripadvisor.com/img/cdsi/img2/ratings/traveler/4.0-66827-5.svg", "num_reviews": "10", "review_rating_count": {"1": "1", "2": "0", "3": "2", "4": "1", "5": "6"}, "photo_count": "26", "see_all_photos": "https://www.tripadvisor.com/Attraction_Review-g58653-d6875589-m66827-Reviews-Harlequin_Productions-Olympia_Washington.html#photos", "hours": {"periods": [{"open": {"day": 2, "time": "1200"}, "close": {"day": 2, "time": "1800"}}, {"open": {"day": 3, "time": "1200"}, "close": {"day": 3, "time": "1800"}}, {"open": {"day": 4, "time": "1200"}, "close": {"day": 4, "time": "1800"}}, {"open": {"day": 5, "time": "1200"}, "close": {"day": 5, "time": "1800"}}, {"open": {"day": 6, "time": "1200"}, "close": {"day": 6, "time": "1800"}}], "weekday_text": ["Monday: Closed", "Tuesday: 12:00 - 18:00", "Wednesday: 12:00 - 18:00", "Thursday: 12:00 - 18:00", "Friday: 12:00 - 18:00", "Saturday: 12:00 - 18:00", "Sunday: Closed"]}, "category": {"name": "attraction", "localized_name": "Attraction"}, "subcategory": [{"name": "theater_concerts", "localized_name": "Concerts & Shows"}, {"name": "activities", "localized_name": "Activities"}], "groups": [{"name": "Concerts & Shows", "localized_name": "Concerts & Shows", "categories": [{"name": "Performances", "localized_name": "Performances"}, {"name": "Theaters", "localized_name": "Theaters"}]}], "neighborhood_info": [], "trip_types": [{"name": "business", "localized_name": "Business", "value": "0"}, {"name": "couples", "localized_name": "Couples", "value": "3"}, {"name": "solo", "localized_name": "Solo travel", "value": "0"}, {"name": "family", "localized_name": "Family", "value": "0"}, {"name": "friends", "localized_name": "Friends getaway", "value": "4"}], "awards": []}