{"location_id": "27826040", "name": "Wild Man Brewing Gastropub", "web_url": "https://www.tripadvisor.com/Restaurant_Review-g58653-d27826040-Reviews-Wild_Man_Brewing_Gastropub-Olympia_Washington.html?m=66827", "address_obj": {"street1": "414 4th Ave E", "city": "Olympia", "state": "Washington", "country": "United States", "postalcode": "98501-1109", "address_string": "414 4th Ave E, Olympia, WA 98501-1109"}, "ancestors": [{"level": "City", "name": "Olympia", "location_id": "58653"}, {"abbrv": "WA", "level": "State", "name": "Washington", "location_id": "28968"}, {"level": "Country", "name": "United States", "location_id": "191"}], "latitude": "47.045307", "longitude": "-122.89727", "timezone": "America/Los_Angeles", "phone": "+1 360-489-0734", "website": "http://www.wildmanbrewing.com", "write_review": "https://www.tripadvisor.com/UserReview-g58653-d27826040-Wild_Man_Brewing_Gastropub-Olympia_Washington.html?m=66827", "num_reviews": "0", "subratings": {}, "photo_count": "0", "see_all_photos": "https://www.tripadvisor.com/Restaurant_Review-g58653-d27826040-m66827-Reviews-Wild_Man_Brewing_Gastropub-Olympia_Washington.html#photos", "features": [], "cuisine": [], "category": {"name": "restaurant", "localized_name": "Restaurant"}, "subcategory": [], "neighborhood_info": [], "trip_types": [{"name": "business", "localized_name": "Business", "value": "0"}, {"name": "couples", "localized_name": "Couples", "value": "0"}, {"name": "solo", "localized_name": "Solo travel", "value": "0"}, {"name": "family", "localized_name": "Family", "value": "0"}, {"name": "friends", "localized_name": "Friends getaway", "value": "0"}], "awards": []}