{"location_id": "27076576", "name": "Tollefson Plaza", "web_url": "https://www.tripadvisor.com/Attraction_Review-g58775-d27076576-Reviews-Tollefson_Plaza-Tacoma_Washington.html?m=66827", "address_obj": {"street1": "1548 Pacific Ave", "city": "Tacoma", "state": "Washington", "country": "United States", "postalcode": "98402-4202", "address_string": "1548 Pacific Ave, Tacoma, WA 98402-4202"}, "ancestors": [{"level": "City", "name": "Tacoma", "location_id": "58775"}, {"abbrv": "WA", "level": "State", "name": "Washington", "location_id": "28968"}, {"level": "Country", "name": "United States", "location_id": "191"}], "latitude": "47.247856", "longitude": "-122.437775", "timezone": "America/Los_Angeles", "website": "https://www.facebook.com/178870232156340", "write_review": "https://www.tripadvisor.com/UserReview-g58775-d27076576-Tollefson_Plaza-Tacoma_Washington.html?m=66827", "num_reviews": "0", "photo_count": "0", "see_all_photos": "https://www.tripadvisor.com/Attraction_Review-g58775-d27076576-m66827-Reviews-Tollefson_Plaza-Tacoma_Washington.html#photos", "category": {"name": "attraction", "localized_name": "Attraction"}, "subcategory": [{"name": "landmarks", "localized_name": "Sights & Landmarks"}, {"name": "attractions", "localized_name": "Attractions"}], "groups": [{"name": "Sights & Landmarks", "localized_name": "Sights & Landmarks", "categories": [{"name": "Points of Interest & Landmarks", "localized_name": "Points of Interest & Landmarks"}]}], "neighborhood_info": [], "trip_types": [{"name": "business", "localized_name": "Business", "value": "0"}, {"name": "couples", "localized_name": "Couples", "value": "0"}, {"name": "solo", "localized_name": "Solo travel", "value": "0"}, {"name": "family", "localized_name": "Family", "value": "0"}, {"name": "friends", "localized_name": "Friends getaway", "value": "0"}], "awards": []}