{"location_id": "126102", "name": "Doubletree By Hilton Olympia Downtown Capitol District", "description": "Daily Mandatory Charge includes:  Tourism Promotion Area Fee\nSet just off I-5, in Downtown Olympia, Washington, the DoubleTree by Hilton Olympia Downtown Capitol District offers spacious accommodations, fantastic business and leisure amenities and a prime location just minutes from shopping, dining and leisure options. This Olympia, WA hotel also offers easy access to the State Capitol Building and Museum and Capitol Lake. Take the family for a fun day out at the Hands On Children's Museum, explore the eclectic shops, cafes and restaurants of Downtown Olympia and discover the Farmers Market at Percival Landing  one of Olympias many waterfront parks. Our friendly staff look forward to welcoming you at check-in with a warm, chocolate chip cookie.  \n\nThis modern hotel in Olympia, WA, offers a 24-hour business center, the latest A/V technology, two conference rooms and a board room, making it ideal for successful business or social events.", "web_url": "https://www.tripadvisor.com/Hotel_Review-g58653-d126102-Reviews-Doubletree_By_Hilton_Olympia_Downtown_Capitol_District-Olympia_Washington.html?m=66827", "address_obj": {"street1": "415 Capitol Way North", "street2": "", "city": "Olympia", "state": "Washington", "country": "United States", "postalcode": "98501", "address_string": "415 Capitol Way North, Olympia, WA 98501"}, "ancestors": [{"level": "City", "name": "Olympia", "location_id": "58653"}, {"abbrv": "WA", "level": "State", "name": "Washington", "location_id": "28968"}, {"level": "Country", "name": "United States", "location_id": "191"}], "latitude": "47.047844", "longitude": "-122.90271", "timezone": "America/Los_Angeles", "phone": "18556050318", "write_review": "https://www.tripadvisor.com/UserReview-g58653-d126102-Doubletree_By_Hilton_Olympia_Downtown_Capitol_District-Olympia_Washington.html?m=66827", "ranking_data": {"geo_location_id": "58653", "ranking_string": "#4 of 8 hotels in Olympia", "geo_location_name": "Olympia", "ranking_out_of": "8", "ranking": "4"}, "rating": "4.2", "rating_image_url": "https://www.tripadvisor.com/img/cdsi/img2/ratings/traveler/4.0-66827-5.svg", "num_reviews": "835", "review_rating_count": {"1": "23", "2": "47", "3": "98", "4": "258", "5": "409"}, "subratings": {"0": {"name": "rate_location", "localized_name": "Location", "rating_image_url": "https://static.tacdn.com/img2/ratings/traveler/ss4.5.svg", "value": "4.6"}, "1": {"name": "rate_sleep", "localized_name": "Sleep Quality", "rating_image_url": "https://static.tacdn.com/img2/ratings/traveler/ss4.5.svg", "value": "4.4"}, "2": {"name": "rate_room", "localized_name": "Rooms", "rating_image_url": "https://static.tacdn.com/img2/ratings/traveler/ss4.5.svg", "value": "4.3"}, "3": {"name": "rate_service", "localized_name": "Service", "rating_image_url": "https://static.tacdn.com/img2/ratings/traveler/ss4.5.svg", "value": "4.4"}, "4": {"name": "rate_value", "localized_name": "Value", "rating_image_url": "https://static.tacdn.com/img2/ratings/traveler/ss4.0.svg", "value": "4.1"}, "5": {"name": "rate_cleanliness", "localized_name": "Cleanliness", "rating_image_url": "https://static.tacdn.com/img2/ratings/traveler/ss4.5.svg", "value": "4.5"}}, "photo_count": "157", "see_all_photos": "https://www.tripadvisor.com/Hotel_Review-g58653-d126102-m66827-Reviews-Doubletree_By_Hilton_Olympia_Downtown_Capitol_District-Olympia_Washington.html#photos", "price_level": "$$$", "hours": {"periods": [{"open": {"day": 1, "time": "0000"}, "close": {"day": 1, "time": "0000"}}, {"open": {"day": 2, "time": "0000"}, "close": {"day": 2, "time": "0000"}}, {"open": {"day": 3, "time": "0000"}, "close": {"day": 3, "time": "0000"}}, {"open": {"day": 4, "time": "0000"}, "close": {"day": 4, "time": "0000"}}, {"open": {"day": 5, "time": "0000"}, "close": {"day": 5, "time": "0000"}}, {"open": {"day": 6, "time": "0000"}, "close": {"day": 6, "time": "0000"}}, {"open": {"day": 7, "time": "0000"}, "close": {"day": 7, "time": "0000"}}], "weekday_text": ["Monday: 00:00 - 00:00", "Tuesday: 00:00 - 00:00", "Wednesday: 00:00 - 00:00", "Thursday: 00:00 - 00:00", "Friday: 00:00 - 00:00", "Saturday: 00:00 - 00:00", "Sunday: 00:00 - 00:00"]}, "amenities": ["Pool", "Internet", "Kids Activities", "Suites", "Wheelchair access", "Restaurant", "Bar/Lounge", "Pets Allowed", "Wifi", "Public Wifi", "Paid Internet", "Meeting rooms", "Hot Tub", "Non-smoking rooms", "Business center", "Fitness center", "Laundry Service", "Banquet Room", "Air conditioning", "Family Rooms", "Multilingual Staff", "Accessible rooms", "Microwave", "Refrigerator in room", "Conference Facilities", "Non-smoking hotel", "Safe", "Flatscreen TV", "Indoor pool", "Breakfast Available", "Parking", "Facilities for Disabled Guests", "Housekeeping", "ATM On Site", "Baggage Storage", "Bath / Shower", "BBQ Facilities", "Blackout Curtains", "Cable / Satellite TV", "Express Check-in / Check-out", "Children's Television Networks", "Coffee / Tea Maker", "Desk", "English", "Filipino", "Fireplace", "First Aid Kit", "Complimentary Toiletries", "Free Wired Internet in the Business Center", "24-Hour Front Desk", "Gift Shop", "Hair Dryer", "Highchairs Available", "Iron", "Laptop Safe", "Outdoor Furniture", "Paid Private Parking On-site", "Paid Public Parking Nearby", "Seating Area", "Shared Lounge / TV Area", "Sofa", "Sofa Bed", "Spanish", "Street Parking", "Telephone", "Wake Up Service / Alarm Clock", "Walk-in Shower", "Beach Access"], "parent_brand": "Hilton Worldwide", "brand": "DoubleTree by Hilton", "category": {"name": "hotel", "localized_name": "Hotel"}, "subcategory": [{"name": "hotel", "localized_name": "Hotel"}], "styles": ["Quiet", "Centrally Located"], "neighborhood_info": [], "trip_types": [{"name": "business", "localized_name": "Business", "value": "284"}, {"name": "couples", "localized_name": "Couples", "value": "201"}, {"name": "solo", "localized_name": "Solo travel", "value": "40"}, {"name": "family", "localized_name": "Family", "value": "215"}, {"name": "friends", "localized_name": "Friends getaway", "value": "42"}], "awards": []}