{"location_id": "21059395", "name": "Lotte Hotel Seattle", "description": "Rising from 5th Avenue and Marion Street in supreme style, Lotte Hotel Seattle presents the pinnacle of luxury escapism in a class all its own-through infinitely spacious suites, contemporary dining experiences, and distinctly high-touch service that's simply unforgettable. Two buildings-one the embodiment of the city's storied history, the other a sparkling modern tower-converging into one to create a reimagining of Seattle luxury.", "web_url": "https://www.tripadvisor.com/Hotel_Review-g60878-d21059395-Reviews-Lotte_Hotel_Seattle-Seattle_Washington.html?m=66827", "address_obj": {"street1": "809 5th Ave", "street2": "16th Floor", "city": "Seattle", "state": "Washington", "country": "United States", "postalcode": "98104-1663", "address_string": "809 5th Ave 16th Floor, Seattle, WA 98104-1663"}, "ancestors": [{"level": "City", "name": "Seattle", "location_id": "60878"}, {"abbrv": "WA", "level": "State", "name": "Washington", "location_id": "28968"}, {"level": "Country", "name": "United States", "location_id": "191"}], "latitude": "47.60521", "longitude": "-122.330795", "timezone": "America/Los_Angeles", "phone": "12068957757", "write_review": "https://www.tripadvisor.com/UserReview-g60878-d21059395-Lotte_Hotel_Seattle-Seattle_Washington.html?m=66827", "ranking_data": {"geo_location_id": "60878", "ranking_string": "#1 of 118 hotels in Seattle", "geo_location_name": "Seattle", "ranking_out_of": "118", "ranking": "1"}, "rating": "4.8", "rating_image_url": "https://www.tripadvisor.com/img/cdsi/img2/ratings/traveler/5.0-66827-5.svg", "num_reviews": "1047", "review_rating_count": {"1": "12", "2": "19", "3": "18", "4": "36", "5": "962"}, "subratings": {"0": {"name": "rate_location", "localized_name": "Location", "rating_image_url": "https://static.tacdn.com/img2/ratings/traveler/ss5.0.svg", "value": "4.8"}, "1": {"name": "rate_sleep", "localized_name": "Sleep Quality", "rating_image_url": "https://static.tacdn.com/img2/ratings/traveler/ss5.0.svg", "value": "4.8"}, "2": {"name": "rate_room", "localized_name": "Rooms", "rating_image_url": "https://static.tacdn.com/img2/ratings/traveler/ss5.0.svg", "value": "4.8"}, "3": {"name": "rate_service", "localized_name": "Service", "rating_image_url": "https://static.tacdn.com/img2/ratings/traveler/ss5.0.svg", "value": "4.8"}, "4": {"name": "rate_value", "localized_name": "Value", "rating_image_url": "https://static.tacdn.com/img2/ratings/traveler/ss4.5.svg", "value": "4.7"}, "5": {"name": "rate_cleanliness", "localized_name": "Cleanliness", "rating_image_url": "https://static.tacdn.com/img2/ratings/traveler/ss5.0.svg", "value": "4.9"}}, "photo_count": "902", "see_all_photos": "https://www.tripadvisor.com/Hotel_Review-g60878-d21059395-m66827-Reviews-Lotte_Hotel_Seattle-Seattle_Washington.html#photos", "price_level": "$$$$", "hours": {"periods": [{"open": {"day": 1, "time": "0000"}, "close": {"day": 1, "time": "0000"}}, {"open": {"day": 2, "time": "0000"}, "close": {"day": 2, "time": "0000"}}, {"open": {"day": 3, "time": "0000"}, "close": {"day": 3, "time": "0000"}}, {"open": {"day": 4, "time": "0000"}, "close": {"day": 4, "time": "0000"}}, {"open": {"day": 5, "time": "0000"}, "close": {"day": 5, "time": "0000"}}, {"open": {"day": 6, "time": "0000"}, "close": {"day": 6, "time": "0000"}}, {"open": {"day": 7, "time": "0000"}, "close": {"day": 7, "time": "0000"}}], "weekday_text": ["Monday: 00:00 - 00:00", "Tuesday: 00:00 - 00:00", "Wednesday: 00:00 - 00:00", "Thursday: 00:00 - 00:00", "Friday: 00:00 - 00:00", "Saturday: 00:00 - 00:00", "Sunday: 00:00 - 00:00"]}, "amenities": ["24-Hour Front Desk", "Suites", "Room service", "Wheelchair access", "Restaurant", "Bar/Lounge", "Pets Allowed", "Spa", "Wifi", "Free Wifi", "Dry Cleaning", "Meeting rooms", "Non-smoking rooms", "Business center", "Fitness center", "Laundry Service", "Concierge", "Banquet Room", "Air conditioning", "Multilingual Staff", "Accessible rooms", "Non-smoking hotel", "Safe", "Breakfast Available", "Parking", "Facilities for Disabled Guests", "Housekeeping", "Additional Bathroom", "Allergy-free Room", "Baggage Storage", "Bath / Shower", "Bathrobes", "Blackout Curtains", "Bottled Water", "Breakfast in the Room", "24-Hour Check-in", "Chinese", "Coffee / Tea Maker", "Complimentary Tea", "Desk", "Doorperson", "English", "Facial Treatments", "Fitness / Spa Locker Rooms", "Complimentary Instant Coffee", "Complimentary Toiletries", "Hair Dryer", "Interconnected room(s) available", "Iron", "Ironing Service", "Korean", "Massage", "Private Check-in / Check-out", "Seating Area", "24-Hour Security", "Secured Parking", "Soundproof Rooms", "Special Diet Menus", "Steam Room", "Taxi Service", "Telephone", "Wake Up Service / Alarm Clock", "Internet", "Free Internet", "Public Wifi", "Family Rooms", "Minibar", "Conference Facilities", "Flatscreen TV", "Sauna", "Air Purifier", "ATM On Site", "Body Wrap", "Cable / Satellite TV", "Car Hire", "Express Check-in / Check-out", "Clothes Rack", "Coffee Shop", "Couples Massage", "Currency Exchange", "Dining Area", "Electric Kettle", "Filipino", "First Aid Kit", "Complimentary Welcome Drink", "Free Wifi in the Business Center", "Free Wired Internet in the Business Center", "French", "Full Body Massage", "Hand Massage", "Happy Hour", "Head Massage", "Highchairs Available", "Kids' Meals", "Laptop Safe", "Makeup Services", "Neck Massage", "Newspaper", "Private Bathrooms", "Sofa", "Spanish", "Strollers", "Tile / Marble Floor", "Umbrella", "Valet Parking", "VIP Room Facilities", "Walk-in Shower", "Wardrobe / Closet", "Photo Copier / Fax In Business Center"], "parent_brand": "Hotel Lotte Co., Ltd.", "brand": "Lotte Hotels & Resorts", "category": {"name": "hotel", "localized_name": "Hotel"}, "subcategory": [{"name": "hotel", "localized_name": "Hotel"}], "styles": ["Charming", "City View"], "neighborhood_info": [], "trip_types": [{"name": "business", "localized_name": "Business", "value": "238"}, {"name": "couples", "localized_name": "Couples", "value": "331"}, {"name": "solo", "localized_name": "Solo travel", "value": "63"}, {"name": "family", "localized_name": "Family", "value": "231"}, {"name": "friends", "localized_name": "Friends getaway", "value": "64"}], "awards": [{"award_type": "Travelers Choice Best of the Best", "year": "2024", "images": {"tiny": "https://static.tacdn.com/img2/travelers_choice/widgets/tchotel_bob_2024_L.png", "small": "https://static.tacdn.com/img2/travelers_choice/widgets/tchotel_bob_2024_L.png", "large": "https://static.tacdn.com/img2/travelers_choice/widgets/tchotel_bob_2024_L.png"}, "categories": ["PetFriendly", "Top"], "display_name": "Travelers Choice Best of the Best"}, {"award_type": "Travelers Choice", "year": "2024", "images": {"tiny": "https://static.tacdn.com/img2/travelers_choice/widgets/tchotel_2024_L.png", "small": "https://static.tacdn.com/img2/travelers_choice/widgets/tchotel_2024_L.png", "large": "https://static.tacdn.com/img2/travelers_choice/widgets/tchotel_2024_L.png"}, "categories": [], "display_name": "Travelers Choice"}]}