{"location_id": "13142954", "name": "Embassy Suites by Hilton Seattle Downtown Pioneer Square", "description": "Daily Mandatory Charge includes: Seattle Tourism Improvement Area (STIA). New downtown Seattle suite-style hotel with wet bar, Amazon Echo, 50-inch TV/Chromecast, and work area. Our rates include free breakfast and Evening Reception* daily. Enjoy our complimentary health club with state-of-the-art gym featuring a Peloton\u00ae Bike with toe cages, indoor pool, and outdoor sun deck. Dine in our 24 hour restaurant or enjoy a cocktail and light bite in our local bar, Zephyr. We are in the transportation hub of the city next to King St. Station and Airport/City light rail station. Located in the arts and entertainment district and near city ferries, dining, shopping and cafes. *Service of alcohol subject to state and local laws. Must be of legal drinking age.", "web_url": "https://www.tripadvisor.com/Hotel_Review-g60878-d13142954-Reviews-Embassy_Suites_by_Hilton_Seattle_Downtown_Pioneer_Square-Seattle_Washington.html?m=66827", "address_obj": {"street1": "255 South King Street", "city": "Seattle", "state": "Washington", "country": "United States", "postalcode": "98104", "address_string": "255 South King Street, Seattle, WA 98104"}, "ancestors": [{"level": "City", "name": "Seattle", "location_id": "60878"}, {"abbrv": "WA", "level": "State", "name": "Washington", "location_id": "28968"}, {"level": "Country", "name": "United States", "location_id": "191"}], "latitude": "47.59808", "longitude": "-122.33093", "timezone": "America/Los_Angeles", "phone": "18556050319", "write_review": "https://www.tripadvisor.com/UserReview-g60878-d13142954-Embassy_Suites_by_Hilton_Seattle_Downtown_Pioneer_Square-Seattle_Washington.html?m=66827", "ranking_data": {"geo_location_id": "60878", "ranking_string": "#2 of 118 hotels in Seattle", "geo_location_name": "Seattle", "ranking_out_of": "118", "ranking": "2"}, "rating": "4.7", "rating_image_url": "https://www.tripadvisor.com/img/cdsi/img2/ratings/traveler/4.5-66827-5.svg", "num_reviews": "1885", "review_rating_count": {"1": "21", "2": "33", "3": "66", "4": "176", "5": "1589"}, "subratings": {"0": {"name": "rate_location", "localized_name": "Location", "rating_image_url": "https://static.tacdn.com/img2/ratings/traveler/ss5.0.svg", "value": "4.8"}, "1": {"name": "rate_sleep", "localized_name": "Sleep Quality", "rating_image_url": "https://static.tacdn.com/img2/ratings/traveler/ss4.5.svg", "value": "4.7"}, "2": {"name": "rate_room", "localized_name": "Rooms", "rating_image_url": "https://static.tacdn.com/img2/ratings/traveler/ss4.5.svg", "value": "4.7"}, "3": {"name": "rate_service", "localized_name": "Service", "rating_image_url": "https://static.tacdn.com/img2/ratings/traveler/ss4.5.svg", "value": "4.7"}, "4": {"name": "rate_value", "localized_name": "Value", "rating_image_url": "https://static.tacdn.com/img2/ratings/traveler/ss4.5.svg", "value": "4.4"}, "5": {"name": "rate_cleanliness", "localized_name": "Cleanliness", "rating_image_url": "https://static.tacdn.com/img2/ratings/traveler/ss4.5.svg", "value": "4.7"}}, "photo_count": "1113", "see_all_photos": "https://www.tripadvisor.com/Hotel_Review-g60878-d13142954-m66827-Reviews-Embassy_Suites_by_Hilton_Seattle_Downtown_Pioneer_Square-Seattle_Washington.html#photos", "price_level": "$$$$", "hours": {"periods": [{"open": {"day": 1, "time": "0000"}, "close": {"day": 1, "time": "0000"}}, {"open": {"day": 2, "time": "0000"}, "close": {"day": 2, "time": "0000"}}, {"open": {"day": 3, "time": "0000"}, "close": {"day": 3, "time": "0000"}}, {"open": {"day": 4, "time": "0000"}, "close": {"day": 4, "time": "0000"}}, {"open": {"day": 5, "time": "0000"}, "close": {"day": 5, "time": "0000"}}, {"open": {"day": 6, "time": "0000"}, "close": {"day": 6, "time": "0000"}}, {"open": {"day": 7, "time": "0000"}, "close": {"day": 7, "time": "0000"}}], "weekday_text": ["Monday: 00:00 - 00:00", "Tuesday: 00:00 - 00:00", "Wednesday: 00:00 - 00:00", "Thursday: 00:00 - 00:00", "Friday: 00:00 - 00:00", "Saturday: 00:00 - 00:00", "Sunday: 00:00 - 00:00"]}, "amenities": ["Pool", "Internet", "Kids Activities", "Suites", "Room service", "Free Internet", "Wheelchair access", "Restaurant", "Bar/Lounge", "Pets Allowed", "Kitchenette", "Wifi", "Public Wifi", "Free Wifi", "Breakfast included", "Dry Cleaning", "Meeting rooms", "Hot Tub", "Non-smoking rooms", "Business center", "Fitness center", "Laundry Service", "Concierge", "Banquet Room", "Air conditioning", "Family Rooms", "Multilingual Staff", "Self-Serve Laundry", "Accessible rooms", "Microwave", "Refrigerator in room", "Conference Facilities", "Non-smoking hotel", "Safe", "Heated pool", "Flatscreen TV", "Breakfast Buffet", "Indoor pool", "Breakfast Available", "Parking", "Facilities for Disabled Guests", "Kids Stay Free", "Electric vehicle charging station", "Allergy-free Room", "ATM On Site", "Baggage Storage", "Blackout Curtains", "Express Check-in / Check-out", "Clothes Rack", "Coffee / Tea Maker", "Convenience Store", "Desk", "English", "Complimentary Toiletries", "24-Hour Front Desk", "Hair Dryer", "Iron", "Ironing Service", "Kid-Friendly Buffet", "Landmark View", "Parking Garage", "Pool / Beach Towels", "Paid Private Parking On-site", "Paid Private Parking Nearby", "Seating Area", "24-Hour Security", "Secured Parking", "Snack Bar", "Sofa Bed", "Spanish", "Telephone", "Valet Parking", "Wake Up Service / Alarm Clock"], "parent_brand": "Hilton Worldwide", "brand": "Embassy Suites by Hilton", "category": {"name": "hotel", "localized_name": "Hotel"}, "subcategory": [{"name": "hotel", "localized_name": "Hotel"}], "styles": ["Modern", "Business"], "neighborhood_info": [], "trip_types": [{"name": "business", "localized_name": "Business", "value": "367"}, {"name": "couples", "localized_name": "Couples", "value": "382"}, {"name": "solo", "localized_name": "Solo travel", "value": "87"}, {"name": "family", "localized_name": "Family", "value": "620"}, {"name": "friends", "localized_name": "Friends getaway", "value": "149"}], "awards": [{"award_type": "Travelers Choice", "year": "2024", "images": {"tiny": "https://static.tacdn.com/img2/travelers_choice/widgets/tchotel_2024_L.png", "small": "https://static.tacdn.com/img2/travelers_choice/widgets/tchotel_2024_L.png", "large": "https://static.tacdn.com/img2/travelers_choice/widgets/tchotel_2024_L.png"}, "categories": [], "display_name": "Travelers Choice"}]}