{"data": [{"id": 322572250, "is_blessed": false, "caption": "Bronze Sculpture by Deborah Butterfield", "published_date": "2018-06-09T18:08:55.113Z", "images": {"thumbnail": {"height": 50, "width": 50, "url": "https://media-cdn.tripadvisor.com/media/photo-t/13/3a/0f/da/bronze-sculpture-by-deborah.jpg"}, "small": {"height": 150, "width": 150, "url": "https://media-cdn.tripadvisor.com/media/photo-l/13/3a/0f/da/bronze-sculpture-by-deborah.jpg"}, "medium": {"height": 188, "width": 250, "url": "https://media-cdn.tripadvisor.com/media/photo-f/13/3a/0f/da/bronze-sculpture-by-deborah.jpg"}, "large": {"height": 413, "width": 550, "url": "https://media-cdn.tripadvisor.com/media/photo-s/13/3a/0f/da/bronze-sculpture-by-deborah.jpg"}, "original": {"height": 960, "width": 1280, "url": "https://media-cdn.tripadvisor.com/media/photo-m/1280/13/3a/0f/da/bronze-sculpture-by-deborah.jpg"}}, "album": "Other", "source": {"name": "Traveler", "localized_name": "Traveler"}, "user": {"username": "I6569KKmarkk"}}, {"id": 322572263, "is_blessed": false, "caption": "HISAIBA, 2016 Unique cast bronze 40.5 x 50 x 11.5 inches", "published_date": "2018-06-09T18:08:59.491Z", "images": {"thumbnail": {"height": 50, "width": 50, "url": "https://media-cdn.tripadvisor.com/media/photo-t/13/3a/0f/e7/hisaiba-2016-unique-cast.jpg"}, "small": {"height": 150, "width": 150, "url": "https://media-cdn.tripadvisor.com/media/photo-l/13/3a/0f/e7/hisaiba-2016-unique-cast.jpg"}, "medium": {"height": 188, "width": 250, "url": "https://media-cdn.tripadvisor.com/media/photo-f/13/3a/0f/e7/hisaiba-2016-unique-cast.jpg"}, "large": {"height": 413, "width": 550, "url": "https://media-cdn.tripadvisor.com/media/photo-s/13/3a/0f/e7/hisaiba-2016-unique-cast.jpg"}, "original": {"height": 960, "width": 1280, "url": "https://media-cdn.tripadvisor.com/media/photo-m/1280/13/3a/0f/e7/hisaiba-2016-unique-cast.jpg"}}, "album": "Other", "source": {"name": "Traveler", "localized_name": "Traveler"}, "user": {"username": "I6569KKmarkk"}}, {"id": 322572241, "is_blessed": false, "caption": "Bronze Sculpture by Deborah Butterfield", "published_date": "2018-06-09T18:08:49.781Z", "images": {"thumbnail": {"height": 50, "width": 50, "url": "https://media-cdn.tripadvisor.com/media/photo-t/13/3a/0f/d1/bronze-sculpture-by-deborah.jpg"}, "small": {"height": 150, "width": 150, "url": "https://media-cdn.tripadvisor.com/media/photo-l/13/3a/0f/d1/bronze-sculpture-by-deborah.jpg"}, "medium": {"height": 188, "width": 250, "url": "https://media-cdn.tripadvisor.com/media/photo-f/13/3a/0f/d1/bronze-sculpture-by-deborah.jpg"}, "large": {"height": 413, "width": 550, "url": "https://media-cdn.tripadvisor.com/media/photo-s/13/3a/0f/d1/bronze-sculpture-by-deborah.jpg"}, "original": {"height": 960, "width": 1280, "url": "https://media-cdn.tripadvisor.com/media/photo-m/1280/13/3a/0f/d1/bronze-sculpture-by-deborah.jpg"}}, "album": "Other", "source": {"name": "Traveler", "localized_name": "Traveler"}, "user": {"username": "I6569KKmarkk"}}]}