{"data": [{"id": 781162262, "is_blessed": false, "caption": "", "published_date": "2025-01-14T15:46:32.887Z", "images": {"thumbnail": {"height": 50, "width": 50, "url": "https://media-cdn.tripadvisor.com/media/photo-t/2e/8f/97/16/caption.jpg"}, "small": {"height": 150, "width": 150, "url": "https://media-cdn.tripadvisor.com/media/photo-l/2e/8f/97/16/caption.jpg"}, "medium": {"height": 167, "width": 250, "url": "https://media-cdn.tripadvisor.com/media/photo-f/2e/8f/97/16/caption.jpg"}, "large": {"height": 367, "width": 550, "url": "https://media-cdn.tripadvisor.com/media/photo-s/2e/8f/97/16/caption.jpg"}, "original": {"height": 853, "width": 1280, "url": "https://media-cdn.tripadvisor.com/media/photo-m/1280/2e/8f/97/16/caption.jpg"}}, "album": "Hotel & Grounds", "source": {"name": "Management", "localized_name": "Management"}, "user": {"username": "Management"}}, {"id": 781162894, "is_blessed": false, "caption": "", "published_date": "2025-01-14T15:54:52.98Z", "images": {"thumbnail": {"height": 50, "width": 50, "url": "https://media-cdn.tripadvisor.com/media/photo-t/2e/8f/99/8e/caption.jpg"}, "small": {"height": 150, "width": 150, "url": "https://media-cdn.tripadvisor.com/media/photo-l/2e/8f/99/8e/caption.jpg"}, "medium": {"height": 167, "width": 250, "url": "https://media-cdn.tripadvisor.com/media/photo-f/2e/8f/99/8e/caption.jpg"}, "large": {"height": 367, "width": 550, "url": "https://media-cdn.tripadvisor.com/media/photo-s/2e/8f/99/8e/caption.jpg"}, "original": {"height": 853, "width": 1280, "url": "https://media-cdn.tripadvisor.com/media/photo-m/1280/2e/8f/99/8e/caption.jpg"}}, "album": "Room/Suite", "source": {"name": "Management", "localized_name": "Management"}, "user": {"username": "Management"}}, {"id": 781162893, "is_blessed": false, "caption": "", "published_date": "2025-01-14T15:54:52.963Z", "images": {"thumbnail": {"height": 50, "width": 50, "url": "https://media-cdn.tripadvisor.com/media/photo-t/2e/8f/99/8d/caption.jpg"}, "small": {"height": 150, "width": 150, "url": "https://media-cdn.tripadvisor.com/media/photo-l/2e/8f/99/8d/caption.jpg"}, "medium": {"height": 167, "width": 250, "url": "https://media-cdn.tripadvisor.com/media/photo-f/2e/8f/99/8d/caption.jpg"}, "large": {"height": 367, "width": 550, "url": "https://media-cdn.tripadvisor.com/media/photo-s/2e/8f/99/8d/caption.jpg"}, "original": {"height": 853, "width": 1280, "url": "https://media-cdn.tripadvisor.com/media/photo-m/1280/2e/8f/99/8d/caption.jpg"}}, "album": "Dining    ", "source": {"name": "Management", "localized_name": "Management"}, "user": {"username": "Management"}}, {"id": 781162892, "is_blessed": false, "caption": "", "published_date": "2025-01-14T15:54:52.945Z", "images": {"thumbnail": {"height": 50, "width": 50, "url": "https://media-cdn.tripadvisor.com/media/photo-t/2e/8f/99/8c/caption.jpg"}, "small": {"height": 150, "width": 150, "url": "https://media-cdn.tripadvisor.com/media/photo-l/2e/8f/99/8c/caption.jpg"}, "medium": {"height": 167, "width": 250, "url": "https://media-cdn.tripadvisor.com/media/photo-f/2e/8f/99/8c/caption.jpg"}, "large": {"height": 367, "width": 550, "url": "https://media-cdn.tripadvisor.com/media/photo-s/2e/8f/99/8c/caption.jpg"}, "original": {"height": 853, "width": 1280, "url": "https://media-cdn.tripadvisor.com/media/photo-m/1280/2e/8f/99/8c/caption.jpg"}}, "album": "Dining    ", "source": {"name": "Management", "localized_name": "Management"}, "user": {"username": "Management"}}]}