{"location_id": "609660", "name": "Comfort Inn & Suites Downtown Tacoma", "description": "The Comfort Inn & Suites Downtown Tacoma is a full service hotel conveniently located steps from the Tacoma Dome. With easy access to downtown Tacoma, the Convention Center and the area's newly revitalized waterfront, you will find the Comfort Inn & Suites Downtown Tacoma the perfect starting point for your South Sound adventure. The hotel is within walking distance of a variety of transportation options including the free Link Tram to downtown Tacoma, the Sounder Train, and the Tacoma Dome Transit Center. Our 162 refurbished guest sleeping rooms are designed for comfort. Completely remodeled in 2006 and refurbished in 2019, the Comfort Inn & Suites Downtown Tacoma is a 100% non-smoking property and features complimentary high-speed WIFI, HDTV, clock radios, coffeemakers, microwaves, refrigerators, irons and ironing boards, and hairdryers. Our guests enjoy complimentary Grab & Go breakfast and free parking in our underground garage.", "web_url": "https://www.tripadvisor.com/Hotel_Review-g58775-d609660-Reviews-Comfort_Inn_Suites_Downtown_Tacoma-Tacoma_Washington.html?m=66827", "address_obj": {"street1": "2611 East E St", "street2": "", "city": "Tacoma", "state": "Washington", "country": "United States", "postalcode": "98421-1225", "address_string": "2611 East E St, Tacoma, WA 98421-1225"}, "ancestors": [{"level": "City", "name": "Tacoma", "location_id": "58775"}, {"abbrv": "WA", "level": "State", "name": "Washington", "location_id": "28968"}, {"level": "Country", "name": "United States", "location_id": "191"}], "latitude": "47.238533", "longitude": "-122.42718", "timezone": "America/Los_Angeles", "phone": "12534659323", "write_review": "https://www.tripadvisor.com/UserReview-g58775-d609660-Comfort_Inn_Suites_Downtown_Tacoma-Tacoma_Washington.html?m=66827", "ranking_data": {"geo_location_id": "58775", "ranking_string": "#12 of 28 hotels in Tacoma", "geo_location_name": "Tacoma", "ranking_out_of": "28", "ranking": "12"}, "rating": "3.5", "rating_image_url": "https://www.tripadvisor.com/img/cdsi/img2/ratings/traveler/3.5-66827-5.svg", "num_reviews": "1005", "review_rating_count": {"1": "133", "2": "94", "3": "205", "4": "303", "5": "270"}, "subratings": {"0": {"name": "rate_location", "localized_name": "Location", "rating_image_url": "https://static.tacdn.com/img2/ratings/traveler/ss4.0.svg", "value": "4.1"}, "1": {"name": "rate_sleep", "localized_name": "Sleep Quality", "rating_image_url": "https://static.tacdn.com/img2/ratings/traveler/ss4.0.svg", "value": "3.9"}, "2": {"name": "rate_room", "localized_name": "Rooms", "rating_image_url": "https://static.tacdn.com/img2/ratings/traveler/ss4.0.svg", "value": "3.8"}, "3": {"name": "rate_service", "localized_name": "Service", "rating_image_url": "https://static.tacdn.com/img2/ratings/traveler/ss4.0.svg", "value": "3.8"}, "4": {"name": "rate_value", "localized_name": "Value", "rating_image_url": "https://static.tacdn.com/img2/ratings/traveler/ss3.5.svg", "value": "3.7"}, "5": {"name": "rate_cleanliness", "localized_name": "Cleanliness", "rating_image_url": "https://static.tacdn.com/img2/ratings/traveler/ss4.0.svg", "value": "4.0"}}, "photo_count": "263", "see_all_photos": "https://www.tripadvisor.com/Hotel_Review-g58775-d609660-m66827-Reviews-Comfort_Inn_Suites_Downtown_Tacoma-Tacoma_Washington.html#photos", "price_level": "$$", "amenities": ["Free parking", "Free Wifi", "Breakfast included", "Wheelchair access", "Meeting rooms", "Non-smoking rooms", "Banquet Room", "Air conditioning", "Multilingual Staff", "Accessible rooms", "Microwave", "Refrigerator in room", "Non-smoking hotel", "Flatscreen TV", "Breakfast Available", "Facilities for Disabled Guests", "Housekeeping", "English", "24-Hour Front Desk", "Suites", "Conference Facilities", "Bath / Shower", "Blackout Curtains", "Cable / Satellite TV", "24-Hour Check-in", "Express Check-in / Check-out", "Coffee / Tea Maker", "Desk", "Complimentary Toiletries", "Free Wifi in the Business Center", "Iron", "Landmark View", "Parking Garage", "Private Bathrooms", "Radio", "Seating Area", "Sofa", "Sofa Bed", "Spanish", "Telephone", "Vending Machine", "Wardrobe / Closet"], "parent_brand": "Choice Hotels International, Inc.", "brand": "Comfort Inn", "category": {"name": "hotel", "localized_name": "Hotel"}, "subcategory": [{"name": "hotel", "localized_name": "Hotel"}], "styles": ["Classic", "Green"], "neighborhood_info": [], "trip_types": [{"name": "business", "localized_name": "Business", "value": "229"}, {"name": "couples", "localized_name": "Couples", "value": "274"}, {"name": "solo", "localized_name": "Solo travel", "value": "70"}, {"name": "family", "localized_name": "Family", "value": "255"}, {"name": "friends", "localized_name": "Friends getaway", "value": "114"}], "awards": []}