{"data": [{"id": 169354482, "is_blessed": false, "caption": "Front Desk at the Panama Hotel", "published_date": "2016-01-20T20:28:24.53Z", "images": {"thumbnail": {"height": 50, "width": 50, "url": "https://media-cdn.tripadvisor.com/media/photo-t/0a/18/24/f2/front-desk--v9399383.jpg"}, "small": {"height": 150, "width": 150, "url": "https://media-cdn.tripadvisor.com/media/photo-l/0a/18/24/f2/front-desk--v9399383.jpg"}, "medium": {"height": 205, "width": 250, "url": "https://media-cdn.tripadvisor.com/media/photo-f/0a/18/24/f2/front-desk--v9399383.jpg"}, "large": {"height": 367, "width": 550, "url": "https://media-cdn.tripadvisor.com/media/oyster/550/0a/18/24/f2/front-desk--v9399383.jpg"}, "original": {"height": 1733, "width": 2600, "url": "https://media-cdn.tripadvisor.com/media/oyster/2600/0a/18/24/f2/front-desk--v9399383.jpg"}}, "album": "The Hotel", "source": {"name": "Expert", "localized_name": "Expert"}}, {"id": 169354480, "is_blessed": false, "caption": "Front Desk at the Panama Hotel", "published_date": "2016-01-20T20:28:24.261Z", "images": {"thumbnail": {"height": 50, "width": 50, "url": "https://media-cdn.tripadvisor.com/media/photo-t/0a/18/24/f0/front-desk--v9399382.jpg"}, "small": {"height": 150, "width": 150, "url": "https://media-cdn.tripadvisor.com/media/photo-l/0a/18/24/f0/front-desk--v9399382.jpg"}, "medium": {"height": 205, "width": 250, "url": "https://media-cdn.tripadvisor.com/media/photo-f/0a/18/24/f0/front-desk--v9399382.jpg"}, "large": {"height": 367, "width": 550, "url": "https://media-cdn.tripadvisor.com/media/oyster/550/0a/18/24/f0/front-desk--v9399382.jpg"}, "original": {"height": 1733, "width": 2600, "url": "https://media-cdn.tripadvisor.com/media/oyster/2600/0a/18/24/f0/front-desk--v9399382.jpg"}}, "album": "The Hotel", "source": {"name": "Expert", "localized_name": "Expert"}}, {"id": 169354453, "is_blessed": false, "caption": "Street at the Panama Hotel", "published_date": "2016-01-20T20:28:18.291Z", "images": {"thumbnail": {"height": 50, "width": 50, "url": "https://media-cdn.tripadvisor.com/media/photo-t/0a/18/24/d5/street--v9399375.jpg"}, "small": {"height": 150, "width": 150, "url": "https://media-cdn.tripadvisor.com/media/photo-l/0a/18/24/d5/street--v9399375.jpg"}, "medium": {"height": 205, "width": 250, "url": "https://media-cdn.tripadvisor.com/media/photo-f/0a/18/24/d5/street--v9399375.jpg"}, "large": {"height": 367, "width": 550, "url": "https://media-cdn.tripadvisor.com/media/oyster/550/0a/18/24/d5/street--v9399375.jpg"}, "original": {"height": 1733, "width": 2600, "url": "https://media-cdn.tripadvisor.com/media/oyster/2600/0a/18/24/d5/street--v9399375.jpg"}}, "album": "The Hotel", "source": {"name": "Expert", "localized_name": "Expert"}}, {"id": 169354428, "is_blessed": false, "caption": "Tea & Coffee House at the Panama Hotel", "published_date": "2016-01-20T20:28:13.474Z", "images": {"thumbnail": {"height": 50, "width": 50, "url": "https://media-cdn.tripadvisor.com/media/photo-t/0a/18/24/bc/tea-and-coffee-house--v9399374.jpg"}, "small": {"height": 150, "width": 150, "url": "https://media-cdn.tripadvisor.com/media/photo-l/0a/18/24/bc/tea-and-coffee-house--v9399374.jpg"}, "medium": {"height": 205, "width": 250, "url": "https://media-cdn.tripadvisor.com/media/photo-f/0a/18/24/bc/tea-and-coffee-house--v9399374.jpg"}, "large": {"height": 367, "width": 550, "url": "https://media-cdn.tripadvisor.com/media/oyster/550/0a/18/24/bc/tea-and-coffee-house--v9399374.jpg"}, "original": {"height": 1733, "width": 2600, "url": "https://media-cdn.tripadvisor.com/media/oyster/2600/0a/18/24/bc/tea-and-coffee-house--v9399374.jpg"}}, "album": "Restaurants and Bars", "source": {"name": "Expert", "localized_name": "Expert"}}]}