{"data": [{"id": 577335872, "is_blessed": false, "caption": "Adding color to project ", "published_date": "2022-03-10T15:56:11.61Z", "images": {"thumbnail": {"height": 50, "width": 50, "url": "https://media-cdn.tripadvisor.com/media/photo-t/22/69/72/40/adding-color-to-project.jpg"}, "medium": {"height": 200, "width": 180, "url": "https://media-cdn.tripadvisor.com/media/photo-i/22/69/72/40/adding-color-to-project.jpg"}, "small": {"height": 150, "width": 150, "url": "https://media-cdn.tripadvisor.com/media/photo-l/22/69/72/40/adding-color-to-project.jpg"}, "large": {"height": 450, "width": 203, "url": "https://media-cdn.tripadvisor.com/media/photo-s/22/69/72/40/adding-color-to-project.jpg"}, "original": {"height": 1280, "width": 576, "url": "https://media-cdn.tripadvisor.com/media/photo-m/1280/22/69/72/40/adding-color-to-project.jpg"}}, "album": "Other", "source": {"name": "Traveler", "localized_name": "Traveler"}, "user": {"username": "cat11603"}}, {"id": 424137500, "is_blessed": false, "caption": "Patrick Cahill is passionate about Tacoma and the craft of glass blowing. ", "published_date": "2019-09-16T17:37:33.256Z", "images": {"thumbnail": {"height": 50, "width": 50, "url": "https://media-cdn.tripadvisor.com/media/photo-t/19/47/d3/1c/patrick-cahill-is-passionate.jpg"}, "small": {"height": 150, "width": 150, "url": "https://media-cdn.tripadvisor.com/media/photo-l/19/47/d3/1c/patrick-cahill-is-passionate.jpg"}, "medium": {"height": 167, "width": 250, "url": "https://media-cdn.tripadvisor.com/media/photo-f/19/47/d3/1c/patrick-cahill-is-passionate.jpg"}, "large": {"height": 367, "width": 550, "url": "https://media-cdn.tripadvisor.com/media/photo-s/19/47/d3/1c/patrick-cahill-is-passionate.jpg"}, "original": {"height": 853, "width": 1280, "url": "https://media-cdn.tripadvisor.com/media/photo-m/1280/19/47/d3/1c/patrick-cahill-is-passionate.jpg"}}, "album": "Other", "source": {"name": "Traveler", "localized_name": "Traveler"}, "user": {"username": "TravelTacoma253"}}]}