{"location_id": "28182738", "name": "City Hall Park", "web_url": "https://www.tripadvisor.com/Attraction_Review-g60878-d28182738-Reviews-City_Hall_Park-Seattle_Washington.html?m=66827", "address_obj": {"street1": "500 3rd Ave", "city": "Seattle", "state": "Washington", "country": "United States", "postalcode": "98104-2305", "address_string": "500 3rd Ave, Seattle, WA 98104-2305"}, "ancestors": [{"level": "City", "name": "Seattle", "location_id": "60878"}, {"abbrv": "WA", "level": "State", "name": "Washington", "location_id": "28968"}, {"level": "Country", "name": "United States", "location_id": "191"}], "latitude": "47.60194", "longitude": "-122.33052", "timezone": "America/Los_Angeles", "phone": "+1 206-684-4075", "website": "https://www.facebook.com/133008650073017", "write_review": "https://www.tripadvisor.com/UserReview-g60878-d28182738-City_Hall_Park-Seattle_Washington.html?m=66827", "num_reviews": "0", "photo_count": "0", "see_all_photos": "https://www.tripadvisor.com/Attraction_Review-g60878-d28182738-m66827-Reviews-City_Hall_Park-Seattle_Washington.html#photos", "category": {"name": "attraction", "localized_name": "Attraction"}, "subcategory": [{"name": "nature_parks", "localized_name": "Nature & Parks"}, {"name": "attractions", "localized_name": "Attractions"}], "groups": [{"name": "Nature & Parks", "localized_name": "Nature & Parks", "categories": [{"name": "Parks", "localized_name": "Parks"}]}], "neighborhood_info": [], "trip_types": [{"name": "business", "localized_name": "Business", "value": "0"}, {"name": "couples", "localized_name": "Couples", "value": "0"}, {"name": "solo", "localized_name": "Solo travel", "value": "0"}, {"name": "family", "localized_name": "Family", "value": "0"}, {"name": "friends", "localized_name": "Friends getaway", "value": "0"}], "awards": []}