{"location_id": "432724", "name": "Bebas & Amigos", "web_url": "https://www.tripadvisor.com/Restaurant_Review-g60878-d432724-Reviews-Bebas_Amigos-Seattle_Washington.html?m=66827", "address_obj": {"street1": "700 5th Ave", "street2": "Ste 604", "city": "Seattle", "state": "Washington", "country": "United States", "postalcode": "98104-5058", "address_string": "700 5th Ave Ste 604, Seattle, WA 98104-5058"}, "ancestors": [{"level": "City", "name": "Seattle", "location_id": "60878"}, {"abbrv": "WA", "level": "State", "name": "Washington", "location_id": "28968"}, {"level": "Country", "name": "United States", "location_id": "191"}], "latitude": "47.60479", "longitude": "-122.3301", "timezone": "America/Los_Angeles", "phone": "+1 206-622-7085", "website": "https://www.facebook.com/janna202020/", "write_review": "https://www.tripadvisor.com/UserReview-g60878-d432724-Bebas_Amigos-Seattle_Washington.html?m=66827", "ranking_data": {"geo_location_id": "60878", "ranking_string": "#2,257 of 3,934 Places to Eat in Seattle", "geo_location_name": "Seattle", "ranking_out_of": "3934", "ranking": "2257"}, "rating": "5.0", "rating_image_url": "https://www.tripadvisor.com/img/cdsi/img2/ratings/traveler/5.0-66827-5.svg", "num_reviews": "1", "review_rating_count": {"1": "0", "2": "0", "3": "0", "4": "0", "5": "1"}, "subratings": {}, "photo_count": "1", "see_all_photos": "https://www.tripadvisor.com/Restaurant_Review-g60878-d432724-m66827-Reviews-Bebas_Amigos-Seattle_Washington.html#photos", "hours": {"periods": [{"open": {"day": 1, "time": "0700"}, "close": {"day": 1, "time": "1400"}}, {"open": {"day": 2, "time": "0700"}, "close": {"day": 2, "time": "1400"}}, {"open": {"day": 3, "time": "0700"}, "close": {"day": 3, "time": "1400"}}, {"open": {"day": 4, "time": "0700"}, "close": {"day": 4, "time": "1400"}}, {"open": {"day": 5, "time": "0700"}, "close": {"day": 5, "time": "1400"}}], "weekday_text": ["Monday: 07:00 - 14:00", "Tuesday: 07:00 - 14:00", "Wednesday: 07:00 - 14:00", "Thursday: 07:00 - 14:00", "Friday: 07:00 - 14:00", "Saturday: Closed", "Sunday: Closed"]}, "features": [], "cuisine": [{"name": "deli", "localized_name": "Deli"}], "category": {"name": "restaurant", "localized_name": "Restaurant"}, "subcategory": [{"name": "fast_food", "localized_name": "Fast food"}], "neighborhood_info": [{"location_id": "20933756", "name": "Downtown"}], "trip_types": [{"name": "business", "localized_name": "Business", "value": "0"}, {"name": "couples", "localized_name": "Couples", "value": "1"}, {"name": "solo", "localized_name": "Solo travel", "value": "0"}, {"name": "family", "localized_name": "Family", "value": "0"}, {"name": "friends", "localized_name": "Friends getaway", "value": "0"}], "awards": []}