{"data": [{"id": 315045095, "is_blessed": false, "caption": "Bar area", "published_date": "2018-04-28T15:47:16.526Z", "images": {"thumbnail": {"height": 50, "width": 50, "url": "https://media-cdn.tripadvisor.com/media/photo-t/12/c7/34/e7/bar-area.jpg"}, "small": {"height": 150, "width": 150, "url": "https://media-cdn.tripadvisor.com/media/photo-l/12/c7/34/e7/bar-area.jpg"}, "medium": {"height": 188, "width": 250, "url": "https://media-cdn.tripadvisor.com/media/photo-f/12/c7/34/e7/bar-area.jpg"}, "large": {"height": 413, "width": 550, "url": "https://media-cdn.tripadvisor.com/media/photo-s/12/c7/34/e7/bar-area.jpg"}, "original": {"height": 960, "width": 1280, "url": "https://media-cdn.tripadvisor.com/media/photo-m/1280/12/c7/34/e7/bar-area.jpg"}}, "album": "Other", "source": {"name": "Traveler", "localized_name": "Traveler"}, "user": {"username": "AreWeHavingFunYet"}}, {"id": 717991828, "is_blessed": false, "caption": "", "published_date": "2023-11-11T22:03:44.109Z", "images": {"thumbnail": {"height": 50, "width": 50, "url": "https://media-cdn.tripadvisor.com/media/photo-t/2a/cb/af/94/caption.jpg"}, "small": {"height": 150, "width": 150, "url": "https://media-cdn.tripadvisor.com/media/photo-l/2a/cb/af/94/caption.jpg"}, "medium": {"height": 113, "width": 250, "url": "https://media-cdn.tripadvisor.com/media/photo-f/2a/cb/af/94/caption.jpg"}, "large": {"height": 248, "width": 550, "url": "https://media-cdn.tripadvisor.com/media/photo-s/2a/cb/af/94/caption.jpg"}, "original": {"height": 576, "width": 1280, "url": "https://media-cdn.tripadvisor.com/media/photo-m/1280/2a/cb/af/94/caption.jpg"}}, "album": "Other", "source": {"name": "Traveler", "localized_name": "Traveler"}, "user": {"username": "undgrad01"}}, {"id": 717991827, "is_blessed": false, "caption": "", "published_date": "2023-11-11T22:03:44.095Z", "images": {"thumbnail": {"height": 50, "width": 50, "url": "https://media-cdn.tripadvisor.com/media/photo-t/2a/cb/af/93/caption.jpg"}, "small": {"height": 150, "width": 150, "url": "https://media-cdn.tripadvisor.com/media/photo-l/2a/cb/af/93/caption.jpg"}, "medium": {"height": 113, "width": 250, "url": "https://media-cdn.tripadvisor.com/media/photo-f/2a/cb/af/93/caption.jpg"}, "large": {"height": 248, "width": 550, "url": "https://media-cdn.tripadvisor.com/media/photo-s/2a/cb/af/93/caption.jpg"}, "original": {"height": 576, "width": 1280, "url": "https://media-cdn.tripadvisor.com/media/photo-m/1280/2a/cb/af/93/caption.jpg"}}, "album": "Other", "source": {"name": "Traveler", "localized_name": "Traveler"}, "user": {"username": "undgrad01"}}, {"id": 717991826, "is_blessed": false, "caption": "", "published_date": "2023-11-11T22:03:44.082Z", "images": {"thumbnail": {"height": 50, "width": 50, "url": "https://media-cdn.tripadvisor.com/media/photo-t/2a/cb/af/92/caption.jpg"}, "small": {"height": 150, "width": 150, "url": "https://media-cdn.tripadvisor.com/media/photo-l/2a/cb/af/92/caption.jpg"}, "medium": {"height": 113, "width": 250, "url": "https://media-cdn.tripadvisor.com/media/photo-f/2a/cb/af/92/caption.jpg"}, "large": {"height": 248, "width": 550, "url": "https://media-cdn.tripadvisor.com/media/photo-s/2a/cb/af/92/caption.jpg"}, "original": {"height": 576, "width": 1280, "url": "https://media-cdn.tripadvisor.com/media/photo-m/1280/2a/cb/af/92/caption.jpg"}}, "album": "Other", "source": {"name": "Traveler", "localized_name": "Traveler"}, "user": {"username": "undgrad01"}}]}