{"data": [{"id": 175468604, "is_blessed": false, "caption": "", "published_date": "2016-02-28T22:53:27.689Z", "images": {"thumbnail": {"height": 50, "width": 50, "url": "https://media-cdn.tripadvisor.com/media/photo-t/0a/75/70/3c/towneplace-suites-olympia.jpg"}, "small": {"height": 150, "width": 150, "url": "https://media-cdn.tripadvisor.com/media/photo-l/0a/75/70/3c/towneplace-suites-olympia.jpg"}, "medium": {"height": 188, "width": 250, "url": "https://media-cdn.tripadvisor.com/media/photo-f/0a/75/70/3c/towneplace-suites-olympia.jpg"}, "large": {"height": 413, "width": 550, "url": "https://media-cdn.tripadvisor.com/media/photo-s/0a/75/70/3c/towneplace-suites-olympia.jpg"}, "original": {"height": 1500, "width": 2000, "url": "https://media-cdn.tripadvisor.com/media/photo-o/0a/75/70/3c/towneplace-suites-olympia.jpg"}}, "album": "Hotel & Grounds", "source": {"name": "Traveler", "localized_name": "Traveler"}, "user": {"username": "Family0fTravelers_5"}}, {"id": 175468597, "is_blessed": false, "caption": "", "published_date": "2016-02-28T22:53:24.014Z", "images": {"thumbnail": {"height": 50, "width": 50, "url": "https://media-cdn.tripadvisor.com/media/photo-t/0a/75/70/35/towneplace-suites-olympia.jpg"}, "small": {"height": 150, "width": 150, "url": "https://media-cdn.tripadvisor.com/media/photo-l/0a/75/70/35/towneplace-suites-olympia.jpg"}, "medium": {"height": 188, "width": 250, "url": "https://media-cdn.tripadvisor.com/media/photo-f/0a/75/70/35/towneplace-suites-olympia.jpg"}, "large": {"height": 413, "width": 550, "url": "https://media-cdn.tripadvisor.com/media/photo-s/0a/75/70/35/towneplace-suites-olympia.jpg"}, "original": {"height": 1500, "width": 2000, "url": "https://media-cdn.tripadvisor.com/media/photo-o/0a/75/70/35/towneplace-suites-olympia.jpg"}}, "album": "Hotel & Grounds", "source": {"name": "Traveler", "localized_name": "Traveler"}, "user": {"username": "Family0fTravelers_5"}}, {"id": 734561357, "is_blessed": false, "caption": "", "published_date": "2024-04-03T23:42:33.28Z", "images": {"thumbnail": {"height": 50, "width": 50, "url": "https://media-cdn.tripadvisor.com/media/photo-t/2b/c8/84/4d/caption.jpg"}, "small": {"height": 150, "width": 150, "url": "https://media-cdn.tripadvisor.com/media/photo-l/2b/c8/84/4d/caption.jpg"}, "medium": {"height": 188, "width": 250, "url": "https://media-cdn.tripadvisor.com/media/photo-f/2b/c8/84/4d/caption.jpg"}, "large": {"height": 413, "width": 550, "url": "https://media-cdn.tripadvisor.com/media/photo-s/2b/c8/84/4d/caption.jpg"}, "original": {"height": 960, "width": 1280, "url": "https://media-cdn.tripadvisor.com/media/photo-m/1280/2b/c8/84/4d/caption.jpg"}}, "album": "Other", "source": {"name": "Traveler", "localized_name": "Traveler"}, "user": {"username": "KarenParkhouse"}}, {"id": 734561335, "is_blessed": false, "caption": "", "published_date": "2024-04-03T23:42:05.051Z", "images": {"thumbnail": {"height": 50, "width": 50, "url": "https://media-cdn.tripadvisor.com/media/photo-t/2b/c8/84/37/caption.jpg"}, "small": {"height": 150, "width": 150, "url": "https://media-cdn.tripadvisor.com/media/photo-l/2b/c8/84/37/caption.jpg"}, "medium": {"height": 188, "width": 250, "url": "https://media-cdn.tripadvisor.com/media/photo-f/2b/c8/84/37/caption.jpg"}, "large": {"height": 413, "width": 550, "url": "https://media-cdn.tripadvisor.com/media/photo-s/2b/c8/84/37/caption.jpg"}, "original": {"height": 960, "width": 1280, "url": "https://media-cdn.tripadvisor.com/media/photo-m/1280/2b/c8/84/37/caption.jpg"}}, "album": "Other", "source": {"name": "Traveler", "localized_name": "Traveler"}, "user": {"username": "KarenParkhouse"}}]}