{"data": [{"id": 501399952, "is_blessed": false, "caption": "might have been da poke musubi, but not sure", "published_date": "2021-09-13T17:41:40.575Z", "images": {"thumbnail": {"height": 50, "width": 50, "url": "https://media-cdn.tripadvisor.com/media/photo-t/1d/e2/c1/90/might-have-been-da-poke.jpg"}, "small": {"height": 150, "width": 150, "url": "https://media-cdn.tripadvisor.com/media/photo-l/1d/e2/c1/90/might-have-been-da-poke.jpg"}, "medium": {"height": 200, "width": 180, "url": "https://media-cdn.tripadvisor.com/media/photo-i/1d/e2/c1/90/might-have-been-da-poke.jpg"}, "large": {"height": 450, "width": 338, "url": "https://media-cdn.tripadvisor.com/media/photo-s/1d/e2/c1/90/might-have-been-da-poke.jpg"}, "original": {"height": 1365, "width": 1024, "url": "https://media-cdn.tripadvisor.com/media/photo-w/1d/e2/c1/90/might-have-been-da-poke.jpg"}}, "album": "Other", "source": {"name": "Traveler", "localized_name": "Traveler"}, "user": {"username": "abien"}}, {"id": 501399950, "is_blessed": false, "caption": "poke rice bowl with 1/2 salmon, 1/2 ahi", "published_date": "2021-09-13T17:41:38.785Z", "images": {"thumbnail": {"height": 50, "width": 50, "url": "https://media-cdn.tripadvisor.com/media/photo-t/1d/e2/c1/8e/2-ahi.jpg"}, "small": {"height": 150, "width": 150, "url": "https://media-cdn.tripadvisor.com/media/photo-l/1d/e2/c1/8e/2-ahi.jpg"}, "medium": {"height": 200, "width": 180, "url": "https://media-cdn.tripadvisor.com/media/photo-i/1d/e2/c1/8e/2-ahi.jpg"}, "large": {"height": 450, "width": 338, "url": "https://media-cdn.tripadvisor.com/media/photo-s/1d/e2/c1/8e/2-ahi.jpg"}, "original": {"height": 1365, "width": 1024, "url": "https://media-cdn.tripadvisor.com/media/photo-w/1d/e2/c1/8e/2-ahi.jpg"}}, "album": "Other", "source": {"name": "Traveler", "localized_name": "Traveler"}, "user": {"username": "abien"}}, {"id": 501399944, "is_blessed": false, "caption": "reconstructed musubi", "published_date": "2021-09-13T17:41:36.481Z", "images": {"thumbnail": {"height": 50, "width": 50, "url": "https://media-cdn.tripadvisor.com/media/photo-t/1d/e2/c1/88/reconstructed-musubi.jpg"}, "small": {"height": 150, "width": 150, "url": "https://media-cdn.tripadvisor.com/media/photo-l/1d/e2/c1/88/reconstructed-musubi.jpg"}, "medium": {"height": 200, "width": 180, "url": "https://media-cdn.tripadvisor.com/media/photo-i/1d/e2/c1/88/reconstructed-musubi.jpg"}, "large": {"height": 450, "width": 338, "url": "https://media-cdn.tripadvisor.com/media/photo-s/1d/e2/c1/88/reconstructed-musubi.jpg"}, "original": {"height": 1365, "width": 1024, "url": "https://media-cdn.tripadvisor.com/media/photo-w/1d/e2/c1/88/reconstructed-musubi.jpg"}}, "album": "Other", "source": {"name": "Traveler", "localized_name": "Traveler"}, "user": {"username": "abien"}}]}