{"location_id": "100569", "name": "Hotel Sorrento", "description": "Welcoming travelers since 1909, Hotel Sorrento is Seattle's iconic boutique hotel, suited for travelers that appreciate the finer details, with a blend of historic charm and contemporary urban luxury. Guest will experience Hotel Sorrento nestled in Seattle's historic First Hill, this hotel offers an individualized, intuitive experience. Elegantly designed rooms and designer suites boast the comforts of home with the indulgence of relaxation. In addition to the celebrated in-room dining service, Guest are invited to STELLA a premier all-day restaurant and bar showcasing a world class cocktail program, dynamic wine offerings, and coastal Italian inspired cuisine featuring fresh, locally sourced produce, meats and seafood.", "web_url": "https://www.tripadvisor.com/Hotel_Review-g60878-d100569-Reviews-Hotel_Sorrento-Seattle_Washington.html?m=66827", "address_obj": {"street1": "900 Madison St", "street2": "", "city": "Seattle", "state": "Washington", "country": "United States", "postalcode": "98104-1234", "address_string": "900 Madison St, Seattle, WA 98104-1234"}, "ancestors": [{"level": "City", "name": "Seattle", "location_id": "60878"}, {"abbrv": "WA", "level": "State", "name": "Washington", "location_id": "28968"}, {"level": "Country", "name": "United States", "location_id": "191"}], "latitude": "47.608994", "longitude": "-122.32684", "timezone": "America/Los_Angeles", "phone": "18004261265", "write_review": "https://www.tripadvisor.com/UserReview-g60878-d100569-Hotel_Sorrento-Seattle_Washington.html?m=66827", "ranking_data": {"geo_location_id": "60878", "ranking_string": "#31 of 118 hotels in Seattle", "geo_location_name": "Seattle", "ranking_out_of": "118", "ranking": "31"}, "rating": "4.4", "rating_image_url": "https://www.tripadvisor.com/img/cdsi/img2/ratings/traveler/4.5-66827-5.svg", "num_reviews": "1829", "review_rating_count": {"1": "40", "2": "80", "3": "149", "4": "418", "5": "1142"}, "subratings": {"0": {"name": "rate_sleep", "localized_name": "Sleep Quality", "rating_image_url": "https://static.tacdn.com/img2/ratings/traveler/ss4.5.svg", "value": "4.5"}, "1": {"name": "rate_location", "localized_name": "Location", "rating_image_url": "https://static.tacdn.com/img2/ratings/traveler/ss4.5.svg", "value": "4.4"}, "2": {"name": "rate_room", "localized_name": "Rooms", "rating_image_url": "https://static.tacdn.com/img2/ratings/traveler/ss4.5.svg", "value": "4.4"}, "3": {"name": "rate_service", "localized_name": "Service", "rating_image_url": "https://static.tacdn.com/img2/ratings/traveler/ss4.5.svg", "value": "4.6"}, "4": {"name": "rate_value", "localized_name": "Value", "rating_image_url": "https://static.tacdn.com/img2/ratings/traveler/ss4.5.svg", "value": "4.3"}, "5": {"name": "rate_cleanliness", "localized_name": "Cleanliness", "rating_image_url": "https://static.tacdn.com/img2/ratings/traveler/ss4.5.svg", "value": "4.7"}}, "photo_count": "399", "see_all_photos": "https://www.tripadvisor.com/Hotel_Review-g60878-d100569-m66827-Reviews-Hotel_Sorrento-Seattle_Washington.html#photos", "price_level": "$$$$", "amenities": ["ATM On Site", "Bathrobes", "Free Wifi", "Suites", "Bar/Lounge", "Room service", "Wheelchair access", "Restaurant", "Pets Allowed", "Dry Cleaning", "Meeting rooms", "Non-smoking rooms", "Business center", "Fitness center", "Laundry Service", "Concierge", "Banquet Room", "Air conditioning", "Multilingual Staff", "Accessible rooms", "Conference Facilities", "Non-smoking hotel", "Flatscreen TV", "Breakfast Available", "Facilities for Disabled Guests", "Housekeeping", "Bath / Shower", "Bottled Water", "24-Hour Check-in", "Coffee / Tea Maker", "Desk", "English", "24-Hour Front Desk", "Paid Private Parking Nearby", "Kids Stay Free", "Baggage Storage", "Blackout Curtains", "Board Games / Puzzles", "Breakfast in the Room", "Bridal Suite", "Cable / Satellite TV", "Car Hire", "Express Check-in / Check-out", "Children's Television Networks", "Clothes Rack", "Complimentary Tea", "Doorperson", "Electric Kettle", "First Aid Kit", "Complimentary Instant Coffee", "Complimentary Toiletries", "Free Wifi in the Business Center", "Hair Dryer", "Happy Hour", "Highchairs Available", "Interconnected room(s) available", "Iron", "Ironing Service", "Kids' Meals", "Newspaper", "Outdoor Dining Area", "Outdoor Fireplace", "Outdoor Furniture", "Paid Public Parking Nearby", "Radio", "Seating Area", "24-Hour Security", "Secured Parking", "Shared Lounge / TV Area", "Sofa", "Spanish", "Special Diet Menus", "Street Parking", "Taxi Service", "Telephone", "Tile / Marble Floor", "Valet Parking", "Wake Up Service / Alarm Clock", "Wardrobe / Closet", "Wine / Champagne", "Photo Copier / Fax In Business Center"], "category": {"name": "hotel", "localized_name": "Hotel"}, "subcategory": [{"name": "hotel", "localized_name": "Hotel"}], "styles": ["Quaint", "Historic Hotel"], "neighborhood_info": [{"location_id": "20933756", "name": "Downtown"}], "trip_types": [{"name": "business", "localized_name": "Business", "value": "399"}, {"name": "couples", "localized_name": "Couples", "value": "665"}, {"name": "solo", "localized_name": "Solo travel", "value": "135"}, {"name": "family", "localized_name": "Family", "value": "275"}, {"name": "friends", "localized_name": "Friends getaway", "value": "140"}], "awards": []}