{"data": [{"id": 376354866, "is_blessed": false, "caption": "Ascend to the city\u2019s highest peak\u2026no hiking boots required. Stretch your imagination, change your outlook, get a new perspective at Sky View Observatory, the tallest observatory in the Pacific Northwest!\u00a0", "published_date": "2019-02-11T18:28:44.377Z", "images": {"thumbnail": {"height": 50, "width": 50, "url": "https://media-cdn.tripadvisor.com/media/photo-t/16/6e/b8/32/ascend-to-the-city-s.jpg"}, "small": {"height": 150, "width": 150, "url": "https://media-cdn.tripadvisor.com/media/photo-l/16/6e/b8/32/ascend-to-the-city-s.jpg"}, "medium": {"height": 141, "width": 250, "url": "https://media-cdn.tripadvisor.com/media/photo-f/16/6e/b8/32/ascend-to-the-city-s.jpg"}, "large": {"height": 309, "width": 550, "url": "https://media-cdn.tripadvisor.com/media/photo-s/16/6e/b8/32/ascend-to-the-city-s.jpg"}, "original": {"height": 720, "width": 1280, "url": "https://media-cdn.tripadvisor.com/media/photo-m/1280/16/6e/b8/32/ascend-to-the-city-s.jpg"}}, "album": "Other", "source": {"name": "Management", "localized_name": "Management"}, "user": {"username": "Management"}}, {"id": 467635274, "is_blessed": false, "caption": "Sunset View of Elliott Bay", "published_date": "2020-08-26T22:55:58.424Z", "images": {"thumbnail": {"height": 50, "width": 50, "url": "https://media-cdn.tripadvisor.com/media/photo-t/1b/df/8c/4a/sunset-view-of-elliott.jpg"}, "small": {"height": 150, "width": 150, "url": "https://media-cdn.tripadvisor.com/media/photo-l/1b/df/8c/4a/sunset-view-of-elliott.jpg"}, "medium": {"height": 167, "width": 250, "url": "https://media-cdn.tripadvisor.com/media/photo-f/1b/df/8c/4a/sunset-view-of-elliott.jpg"}, "large": {"height": 367, "width": 550, "url": "https://media-cdn.tripadvisor.com/media/photo-s/1b/df/8c/4a/sunset-view-of-elliott.jpg"}, "original": {"height": 853, "width": 1280, "url": "https://media-cdn.tripadvisor.com/media/photo-m/1280/1b/df/8c/4a/sunset-view-of-elliott.jpg"}}, "album": "Other", "source": {"name": "Management", "localized_name": "Management"}, "user": {"username": "Management"}}, {"id": 467635269, "is_blessed": false, "caption": "North View of Downtown Seattle", "published_date": "2020-08-26T22:55:54.049Z", "images": {"thumbnail": {"height": 50, "width": 50, "url": "https://media-cdn.tripadvisor.com/media/photo-t/1b/df/8c/45/north-view-of-downtown.jpg"}, "small": {"height": 150, "width": 150, "url": "https://media-cdn.tripadvisor.com/media/photo-l/1b/df/8c/45/north-view-of-downtown.jpg"}, "medium": {"height": 167, "width": 250, "url": "https://media-cdn.tripadvisor.com/media/photo-f/1b/df/8c/45/north-view-of-downtown.jpg"}, "large": {"height": 367, "width": 550, "url": "https://media-cdn.tripadvisor.com/media/photo-s/1b/df/8c/45/north-view-of-downtown.jpg"}, "original": {"height": 853, "width": 1280, "url": "https://media-cdn.tripadvisor.com/media/photo-m/1280/1b/df/8c/45/north-view-of-downtown.jpg"}}, "album": "Other", "source": {"name": "Management", "localized_name": "Management"}, "user": {"username": "Management"}}, {"id": 467635267, "is_blessed": false, "caption": "New Floor-To-Ceiling Windows at Sunset", "published_date": "2020-08-26T22:55:49.783Z", "images": {"thumbnail": {"height": 50, "width": 50, "url": "https://media-cdn.tripadvisor.com/media/photo-t/1b/df/8c/43/new-floor-to-ceiling.jpg"}, "small": {"height": 150, "width": 150, "url": "https://media-cdn.tripadvisor.com/media/photo-l/1b/df/8c/43/new-floor-to-ceiling.jpg"}, "medium": {"height": 167, "width": 250, "url": "https://media-cdn.tripadvisor.com/media/photo-f/1b/df/8c/43/new-floor-to-ceiling.jpg"}, "large": {"height": 367, "width": 550, "url": "https://media-cdn.tripadvisor.com/media/photo-s/1b/df/8c/43/new-floor-to-ceiling.jpg"}, "original": {"height": 853, "width": 1280, "url": "https://media-cdn.tripadvisor.com/media/photo-m/1280/1b/df/8c/43/new-floor-to-ceiling.jpg"}}, "album": "Other", "source": {"name": "Management", "localized_name": "Management"}, "user": {"username": "Management"}}]}