{"data": [{"id": 482101320, "is_blessed": false, "caption": "", "published_date": "2021-03-12T22:52:52.461Z", "images": {"thumbnail": {"height": 50, "width": 50, "url": "https://media-cdn.tripadvisor.com/media/photo-t/1c/bc/48/48/marriott-tacoma-downtown.jpg"}, "small": {"height": 150, "width": 150, "url": "https://media-cdn.tripadvisor.com/media/photo-l/1c/bc/48/48/marriott-tacoma-downtown.jpg"}, "medium": {"height": 167, "width": 250, "url": "https://media-cdn.tripadvisor.com/media/photo-f/1c/bc/48/48/marriott-tacoma-downtown.jpg"}, "large": {"height": 367, "width": 550, "url": "https://media-cdn.tripadvisor.com/media/photo-s/1c/bc/48/48/marriott-tacoma-downtown.jpg"}, "original": {"height": 853, "width": 1280, "url": "https://media-cdn.tripadvisor.com/media/photo-m/1280/1c/bc/48/48/marriott-tacoma-downtown.jpg"}}, "album": "Hotel & Grounds", "source": {"name": "Management", "localized_name": "Management"}, "user": {"username": "Management"}}, {"id": 482101319, "is_blessed": false, "caption": "", "published_date": "2021-03-12T22:52:51.72Z", "images": {"thumbnail": {"height": 50, "width": 50, "url": "https://media-cdn.tripadvisor.com/media/photo-t/1c/bc/48/47/marriott-tacoma-downtown.jpg"}, "small": {"height": 150, "width": 150, "url": "https://media-cdn.tripadvisor.com/media/photo-l/1c/bc/48/47/marriott-tacoma-downtown.jpg"}, "medium": {"height": 167, "width": 250, "url": "https://media-cdn.tripadvisor.com/media/photo-f/1c/bc/48/47/marriott-tacoma-downtown.jpg"}, "large": {"height": 367, "width": 550, "url": "https://media-cdn.tripadvisor.com/media/photo-s/1c/bc/48/47/marriott-tacoma-downtown.jpg"}, "original": {"height": 853, "width": 1280, "url": "https://media-cdn.tripadvisor.com/media/photo-m/1280/1c/bc/48/47/marriott-tacoma-downtown.jpg"}}, "album": "Hotel & Grounds", "source": {"name": "Management", "localized_name": "Management"}, "user": {"username": "Management"}}, {"id": 482101318, "is_blessed": false, "caption": "", "published_date": "2021-03-12T22:52:51.221Z", "images": {"thumbnail": {"height": 50, "width": 50, "url": "https://media-cdn.tripadvisor.com/media/photo-t/1c/bc/48/46/marriott-tacoma-downtown.jpg"}, "small": {"height": 150, "width": 150, "url": "https://media-cdn.tripadvisor.com/media/photo-l/1c/bc/48/46/marriott-tacoma-downtown.jpg"}, "medium": {"height": 167, "width": 250, "url": "https://media-cdn.tripadvisor.com/media/photo-f/1c/bc/48/46/marriott-tacoma-downtown.jpg"}, "large": {"height": 367, "width": 550, "url": "https://media-cdn.tripadvisor.com/media/photo-s/1c/bc/48/46/marriott-tacoma-downtown.jpg"}, "original": {"height": 853, "width": 1280, "url": "https://media-cdn.tripadvisor.com/media/photo-m/1280/1c/bc/48/46/marriott-tacoma-downtown.jpg"}}, "album": "Room/Suite", "source": {"name": "Management", "localized_name": "Management"}, "user": {"username": "Management"}}, {"id": 482101317, "is_blessed": false, "caption": "", "published_date": "2021-03-12T22:52:50.761Z", "images": {"thumbnail": {"height": 50, "width": 50, "url": "https://media-cdn.tripadvisor.com/media/photo-t/1c/bc/48/45/marriott-tacoma-downtown.jpg"}, "small": {"height": 150, "width": 150, "url": "https://media-cdn.tripadvisor.com/media/photo-l/1c/bc/48/45/marriott-tacoma-downtown.jpg"}, "medium": {"height": 167, "width": 250, "url": "https://media-cdn.tripadvisor.com/media/photo-f/1c/bc/48/45/marriott-tacoma-downtown.jpg"}, "large": {"height": 367, "width": 550, "url": "https://media-cdn.tripadvisor.com/media/photo-s/1c/bc/48/45/marriott-tacoma-downtown.jpg"}, "original": {"height": 853, "width": 1280, "url": "https://media-cdn.tripadvisor.com/media/photo-o/1c/bc/48/45/marriott-tacoma-downtown.jpg"}}, "album": "Business Center/Function Rooms", "source": {"name": "Management", "localized_name": "Management"}, "user": {"username": "Management"}}]}