{"data": [{"id": 435052534, "is_blessed": false, "caption": "City of Tacoma", "published_date": "2019-11-05T03:55:55.857Z", "images": {"thumbnail": {"height": 50, "width": 50, "url": "https://media-cdn.tripadvisor.com/media/photo-t/19/ee/5f/f6/tacoma-dome-hotel.jpg"}, "small": {"height": 150, "width": 150, "url": "https://media-cdn.tripadvisor.com/media/photo-l/19/ee/5f/f6/tacoma-dome-hotel.jpg"}, "medium": {"height": 167, "width": 250, "url": "https://media-cdn.tripadvisor.com/media/photo-f/19/ee/5f/f6/tacoma-dome-hotel.jpg"}, "large": {"height": 367, "width": 550, "url": "https://media-cdn.tripadvisor.com/media/photo-s/19/ee/5f/f6/tacoma-dome-hotel.jpg"}, "original": {"height": 853, "width": 1280, "url": "https://media-cdn.tripadvisor.com/media/photo-m/1280/19/ee/5f/f6/tacoma-dome-hotel.jpg"}}, "album": "View from Room", "source": {"name": "Management", "localized_name": "Management"}, "user": {"username": "Management"}}, {"id": 469415967, "is_blessed": false, "caption": "Hotel Exterior & Entrance", "published_date": "2020-09-10T22:53:34.533Z", "images": {"thumbnail": {"height": 50, "width": 50, "url": "https://media-cdn.tripadvisor.com/media/photo-t/1b/fa/b8/1f/tacoma-dome-hotel.jpg"}, "small": {"height": 150, "width": 150, "url": "https://media-cdn.tripadvisor.com/media/photo-l/1b/fa/b8/1f/tacoma-dome-hotel.jpg"}, "medium": {"height": 188, "width": 250, "url": "https://media-cdn.tripadvisor.com/media/photo-f/1b/fa/b8/1f/tacoma-dome-hotel.jpg"}, "large": {"height": 413, "width": 550, "url": "https://media-cdn.tripadvisor.com/media/photo-s/1b/fa/b8/1f/tacoma-dome-hotel.jpg"}, "original": {"height": 960, "width": 1280, "url": "https://media-cdn.tripadvisor.com/media/photo-m/1280/1b/fa/b8/1f/tacoma-dome-hotel.jpg"}}, "album": "Hotel & Grounds", "source": {"name": "Management", "localized_name": "Management"}, "user": {"username": "Management"}}, {"id": 469412786, "is_blessed": false, "caption": "Main Lobby & Front Desk", "published_date": "2020-09-10T21:54:21.971Z", "images": {"thumbnail": {"height": 50, "width": 50, "url": "https://media-cdn.tripadvisor.com/media/photo-t/1b/fa/ab/b2/main-lobby-front-desk.jpg"}, "small": {"height": 150, "width": 150, "url": "https://media-cdn.tripadvisor.com/media/photo-l/1b/fa/ab/b2/main-lobby-front-desk.jpg"}, "medium": {"height": 171, "width": 250, "url": "https://media-cdn.tripadvisor.com/media/photo-f/1b/fa/ab/b2/main-lobby-front-desk.jpg"}, "large": {"height": 376, "width": 550, "url": "https://media-cdn.tripadvisor.com/media/photo-s/1b/fa/ab/b2/main-lobby-front-desk.jpg"}, "original": {"height": 875, "width": 1280, "url": "https://media-cdn.tripadvisor.com/media/photo-m/1280/1b/fa/ab/b2/main-lobby-front-desk.jpg"}}, "album": "Hotel & Grounds", "source": {"name": "Management", "localized_name": "Management"}, "user": {"username": "Management"}}, {"id": 469413338, "is_blessed": false, "caption": "Main Lobby Seating Area", "published_date": "2020-09-10T22:03:48.007Z", "images": {"thumbnail": {"height": 50, "width": 50, "url": "https://media-cdn.tripadvisor.com/media/photo-t/1b/fa/ad/da/main-lobby-seating-area.jpg"}, "small": {"height": 150, "width": 150, "url": "https://media-cdn.tripadvisor.com/media/photo-l/1b/fa/ad/da/main-lobby-seating-area.jpg"}, "medium": {"height": 152, "width": 250, "url": "https://media-cdn.tripadvisor.com/media/photo-f/1b/fa/ad/da/main-lobby-seating-area.jpg"}, "large": {"height": 335, "width": 550, "url": "https://media-cdn.tripadvisor.com/media/photo-s/1b/fa/ad/da/main-lobby-seating-area.jpg"}, "original": {"height": 779, "width": 1280, "url": "https://media-cdn.tripadvisor.com/media/photo-m/1280/1b/fa/ad/da/main-lobby-seating-area.jpg"}}, "album": "Hotel & Grounds", "source": {"name": "Management", "localized_name": "Management"}, "user": {"username": "Management"}}]}