{"data": [{"id": 109100651, "is_blessed": false, "caption": "Cute inside!", "published_date": "2014-09-10T22:07:49.582Z", "images": {"thumbnail": {"height": 50, "width": 50, "url": "https://media-cdn.tripadvisor.com/media/photo-t/06/80/be/6b/cute-inside.jpg"}, "small": {"height": 150, "width": 150, "url": "https://media-cdn.tripadvisor.com/media/photo-l/06/80/be/6b/cute-inside.jpg"}, "medium": {"height": 188, "width": 250, "url": "https://media-cdn.tripadvisor.com/media/photo-f/06/80/be/6b/cute-inside.jpg"}, "large": {"height": 413, "width": 550, "url": "https://media-cdn.tripadvisor.com/media/photo-s/06/80/be/6b/cute-inside.jpg"}, "original": {"height": 1536, "width": 2048, "url": "https://media-cdn.tripadvisor.com/media/photo-o/06/80/be/6b/cute-inside.jpg"}}, "album": "Other", "source": {"name": "Traveler", "localized_name": "Traveler"}, "user": {"username": "Allyapples28"}}, {"id": 216629412, "is_blessed": false, "caption": "", "published_date": "2016-09-11T00:42:08.31Z", "images": {"thumbnail": {"height": 50, "width": 50, "url": "https://media-cdn.tripadvisor.com/media/photo-t/0c/e9/80/a4/photo3jpg.jpg"}, "small": {"height": 150, "width": 150, "url": "https://media-cdn.tripadvisor.com/media/photo-l/0c/e9/80/a4/photo3jpg.jpg"}, "medium": {"height": 200, "width": 180, "url": "https://media-cdn.tripadvisor.com/media/photo-i/0c/e9/80/a4/photo3jpg.jpg"}, "large": {"height": 450, "width": 337, "url": "https://media-cdn.tripadvisor.com/media/photo-s/0c/e9/80/a4/photo3jpg.jpg"}, "original": {"height": 1280, "width": 960, "url": "https://media-cdn.tripadvisor.com/media/photo-o/0c/e9/80/a4/photo3jpg.jpg"}}, "album": "Other", "source": {"name": "Traveler", "localized_name": "Traveler"}, "user": {"username": "danilynnb2016"}}, {"id": 216629411, "is_blessed": false, "caption": "", "published_date": "2016-09-11T00:42:08.279Z", "images": {"thumbnail": {"height": 50, "width": 50, "url": "https://media-cdn.tripadvisor.com/media/photo-t/0c/e9/80/a3/photo2jpg.jpg"}, "small": {"height": 150, "width": 150, "url": "https://media-cdn.tripadvisor.com/media/photo-l/0c/e9/80/a3/photo2jpg.jpg"}, "medium": {"height": 200, "width": 180, "url": "https://media-cdn.tripadvisor.com/media/photo-i/0c/e9/80/a3/photo2jpg.jpg"}, "large": {"height": 450, "width": 338, "url": "https://media-cdn.tripadvisor.com/media/photo-s/0c/e9/80/a3/photo2jpg.jpg"}, "original": {"height": 2048, "width": 1536, "url": "https://media-cdn.tripadvisor.com/media/photo-o/0c/e9/80/a3/photo2jpg.jpg"}}, "album": "Other", "source": {"name": "Traveler", "localized_name": "Traveler"}, "user": {"username": "danilynnb2016"}}, {"id": 216629410, "is_blessed": false, "caption": "", "published_date": "2016-09-11T00:42:08.253Z", "images": {"thumbnail": {"height": 50, "width": 50, "url": "https://media-cdn.tripadvisor.com/media/photo-t/0c/e9/80/a2/photo1jpg.jpg"}, "small": {"height": 150, "width": 150, "url": "https://media-cdn.tripadvisor.com/media/photo-l/0c/e9/80/a2/photo1jpg.jpg"}, "medium": {"height": 200, "width": 180, "url": "https://media-cdn.tripadvisor.com/media/photo-i/0c/e9/80/a2/photo1jpg.jpg"}, "large": {"height": 450, "width": 338, "url": "https://media-cdn.tripadvisor.com/media/photo-s/0c/e9/80/a2/photo1jpg.jpg"}, "original": {"height": 2048, "width": 1536, "url": "https://media-cdn.tripadvisor.com/media/photo-o/0c/e9/80/a2/photo1jpg.jpg"}}, "album": "Other", "source": {"name": "Traveler", "localized_name": "Traveler"}, "user": {"username": "danilynnb2016"}}]}