{"location_id": "15836839", "name": "Jack in the Box", "description": "Let's face it: you want what you want, when you want it. Jack in the Box serves the whole menu all day long! Everything from burgers to tacos to breakfast in the evening. All cravings are welcome here", "web_url": "https://www.tripadvisor.com/Restaurant_Review-g58653-d15836839-Reviews-Jack_in_the_Box-Olympia_Washington.html?m=66827", "address_obj": {"street1": "520 Plum St SE", "city": "Olympia", "state": "Washington", "country": "United States", "postalcode": "98501-1525", "address_string": "520 Plum St SE, Olympia, WA 98501-1525"}, "ancestors": [{"level": "City", "name": "Olympia", "location_id": "58653"}, {"abbrv": "WA", "level": "State", "name": "Washington", "location_id": "28968"}, {"level": "Country", "name": "United States", "location_id": "191"}], "latitude": "47.04417", "longitude": "-122.8922", "timezone": "America/Los_Angeles", "phone": "+1 360-754-7296", "website": "https://locations.jackinthebox.com/us/wa/olympia/520-plum-st-se?utm_source=trpa&utm_medium=local&utm_campaign=trpa-local", "write_review": "https://www.tripadvisor.com/UserReview-g58653-d15836839-Jack_in_the_Box-Olympia_Washington.html?m=66827", "num_reviews": "0", "subratings": {}, "photo_count": "0", "see_all_photos": "https://www.tripadvisor.com/Restaurant_Review-g58653-d15836839-m66827-Reviews-Jack_in_the_Box-Olympia_Washington.html#photos", "hours": {"periods": [{"open": {"day": 1, "time": "0600"}, "close": {"day": 1, "time": "2200"}}, {"open": {"day": 2, "time": "0600"}, "close": {"day": 2, "time": "2200"}}, {"open": {"day": 3, "time": "0600"}, "close": {"day": 3, "time": "2200"}}, {"open": {"day": 4, "time": "0600"}, "close": {"day": 4, "time": "2200"}}, {"open": {"day": 5, "time": "0600"}, "close": {"day": 5, "time": "2200"}}, {"open": {"day": 6, "time": "0600"}, "close": {"day": 6, "time": "2200"}}, {"open": {"day": 7, "time": "0600"}, "close": {"day": 7, "time": "2200"}}], "weekday_text": ["Monday: 06:00 - 22:00", "Tuesday: 06:00 - 22:00", "Wednesday: 06:00 - 22:00", "Thursday: 06:00 - 22:00", "Friday: 06:00 - 22:00", "Saturday: 06:00 - 22:00", "Sunday: 06:00 - 22:00"]}, "features": ["Drive Thru", "Seating", "Takeout"], "cuisine": [{"name": "mexican", "localized_name": "Mexican"}, {"name": "american", "localized_name": "American"}, {"name": "fast_food", "localized_name": "Fast Food"}], "category": {"name": "restaurant", "localized_name": "Restaurant"}, "subcategory": [{"name": "sit_down", "localized_name": "Sit down"}], "neighborhood_info": [], "trip_types": [{"name": "business", "localized_name": "Business", "value": "0"}, {"name": "couples", "localized_name": "Couples", "value": "0"}, {"name": "solo", "localized_name": "Solo travel", "value": "0"}, {"name": "family", "localized_name": "Family", "value": "0"}, {"name": "friends", "localized_name": "Friends getaway", "value": "0"}], "awards": []}