{"location_id": "143564", "name": "Sky View Observatory", "description": "Private View Packages Now Available! Experience Sky View Observatory exclusively for 1-Hour for yourself and up to 4 people - 5 People total! * Temporarily Closed for General Admission.* Sky View Observatory in downtown Seattle is the ideal first stop on your visit to the Emerald City. Here you can map out your entire Pacific Northwest experience! Sky View is located on the 73rd floor of Columbia Center. At 902 feet, it offers the tallest public viewing area in the Pacific Northwest. The 360-degree panoramic view includes Mt. Rainier, Bellevue, the Cascade Mountains, Mt. Baker, Elliott Bay, the Olympic Mountains, the Space Needle and the city of Seattle.", "web_url": "https://www.tripadvisor.com/Attraction_Review-g60878-d143564-Reviews-Sky_View_Observatory-Seattle_Washington.html?m=66827", "address_obj": {"street1": "700 4th Ave", "street2": "73rd Floor, Columbia Center", "city": "Seattle", "state": "Washington", "country": "United States", "postalcode": "98104-7097", "address_string": "700 4th Ave 73rd Floor, Columbia Center, Seattle, WA 98104-7097"}, "ancestors": [{"level": "City", "name": "Seattle", "location_id": "60878"}, {"abbrv": "WA", "level": "State", "name": "Washington", "location_id": "28968"}, {"level": "Country", "name": "United States", "location_id": "191"}], "latitude": "47.604305", "longitude": "-122.330894", "timezone": "America/Los_Angeles", "email": "news@skyviewobservatory.com", "phone": "+1 206-386-5564", "website": "https://www.skyviewobservatory.com/", "write_review": "https://www.tripadvisor.com/UserReview-g60878-d143564-Sky_View_Observatory-Seattle_Washington.html?m=66827", "ranking_data": {"geo_location_id": "60878", "ranking_string": "#28 of 859 things to do in Seattle", "geo_location_name": "Seattle", "ranking_out_of": "859", "ranking": "28"}, "rating": "4.6", "rating_image_url": "https://www.tripadvisor.com/img/cdsi/img2/ratings/traveler/4.5-66827-5.svg", "num_reviews": "2651", "review_rating_count": {"1": "25", "2": "23", "3": "97", "4": "622", "5": "1884"}, "photo_count": "1613", "see_all_photos": "https://www.tripadvisor.com/Attraction_Review-g60878-d143564-m66827-Reviews-Sky_View_Observatory-Seattle_Washington.html#photos", "hours": {"periods": [{"open": {"day": 4, "time": "1100"}, "close": {"day": 4, "time": "2000"}}, {"open": {"day": 5, "time": "1100"}, "close": {"day": 5, "time": "2000"}}, {"open": {"day": 6, "time": "1100"}, "close": {"day": 6, "time": "2000"}}, {"open": {"day": 7, "time": "1100"}, "close": {"day": 7, "time": "2000"}}], "weekday_text": ["Monday: Closed", "Tuesday: Closed", "Wednesday: Closed", "Thursday: 11:00 - 20:00", "Friday: 11:00 - 20:00", "Saturday: 11:00 - 20:00", "Sunday: 11:00 - 20:00"]}, "category": {"name": "attraction", "localized_name": "Attraction"}, "subcategory": [{"name": "landmarks", "localized_name": "Sights & Landmarks"}, {"name": "attractions", "localized_name": "Attractions"}], "groups": [{"name": "Sights & Landmarks", "localized_name": "Sights & Landmarks", "categories": [{"name": "Architectural Buildings", "localized_name": "Architectural Buildings"}, {"name": "Observation Decks & Towers", "localized_name": "Observation Decks & Towers"}]}], "neighborhood_info": [], "trip_types": [{"name": "business", "localized_name": "Business", "value": "95"}, {"name": "couples", "localized_name": "Couples", "value": "1018"}, {"name": "solo", "localized_name": "Solo travel", "value": "257"}, {"name": "family", "localized_name": "Family", "value": "522"}, {"name": "friends", "localized_name": "Friends getaway", "value": "391"}], "awards": []}