{"location_id": "506440", "name": "Courtyard Tacoma Downtown", "description": "Courtyard by Marriott - Tacoma Downtown fuses its contemporary, urban design with the historic beauty of the 1890s Waddell Building in this revitalized waterfront city.", "web_url": "https://www.tripadvisor.com/Hotel_Review-g58775-d506440-Reviews-Courtyard_Tacoma_Downtown-Tacoma_Washington.html?m=66827", "address_obj": {"street1": "1515 Commerce Street", "street2": "", "city": "Tacoma", "state": "Washington", "country": "United States", "postalcode": "98402", "address_string": "1515 Commerce Street, Tacoma, WA 98402"}, "ancestors": [{"level": "City", "name": "Tacoma", "location_id": "58775"}, {"abbrv": "WA", "level": "State", "name": "Washington", "location_id": "28968"}, {"level": "Country", "name": "United States", "location_id": "191"}], "latitude": "47.248886", "longitude": "-122.43812", "timezone": "America/Los_Angeles", "phone": "18446310595", "write_review": "https://www.tripadvisor.com/UserReview-g58775-d506440-Courtyard_Tacoma_Downtown-Tacoma_Washington.html?m=66827", "ranking_data": {"geo_location_id": "58775", "ranking_string": "#6 of 28 hotels in Tacoma", "geo_location_name": "Tacoma", "ranking_out_of": "28", "ranking": "6"}, "rating": "4.2", "rating_image_url": "https://www.tripadvisor.com/img/cdsi/img2/ratings/traveler/4.0-66827-5.svg", "num_reviews": "411", "review_rating_count": {"1": "14", "2": "15", "3": "36", "4": "169", "5": "177"}, "subratings": {"0": {"name": "rate_location", "localized_name": "Location", "rating_image_url": "https://static.tacdn.com/img2/ratings/traveler/ss4.5.svg", "value": "4.5"}, "1": {"name": "rate_sleep", "localized_name": "Sleep Quality", "rating_image_url": "https://static.tacdn.com/img2/ratings/traveler/ss4.0.svg", "value": "4.2"}, "2": {"name": "rate_room", "localized_name": "Rooms", "rating_image_url": "https://static.tacdn.com/img2/ratings/traveler/ss4.5.svg", "value": "4.3"}, "3": {"name": "rate_service", "localized_name": "Service", "rating_image_url": "https://static.tacdn.com/img2/ratings/traveler/ss4.5.svg", "value": "4.3"}, "4": {"name": "rate_value", "localized_name": "Value", "rating_image_url": "https://static.tacdn.com/img2/ratings/traveler/ss4.0.svg", "value": "3.9"}, "5": {"name": "rate_cleanliness", "localized_name": "Cleanliness", "rating_image_url": "https://static.tacdn.com/img2/ratings/traveler/ss4.5.svg", "value": "4.6"}}, "photo_count": "188", "see_all_photos": "https://www.tripadvisor.com/Hotel_Review-g58775-d506440-m66827-Reviews-Courtyard_Tacoma_Downtown-Tacoma_Washington.html#photos", "price_level": "$$$", "hours": {"periods": [{"open": {"day": 1, "time": "0000"}, "close": {"day": 1, "time": "0000"}}, {"open": {"day": 2, "time": "0000"}, "close": {"day": 2, "time": "0000"}}, {"open": {"day": 3, "time": "0000"}, "close": {"day": 3, "time": "0000"}}, {"open": {"day": 4, "time": "0000"}, "close": {"day": 4, "time": "0000"}}, {"open": {"day": 5, "time": "0000"}, "close": {"day": 5, "time": "0000"}}, {"open": {"day": 6, "time": "0000"}, "close": {"day": 6, "time": "0000"}}, {"open": {"day": 7, "time": "0000"}, "close": {"day": 7, "time": "0000"}}], "weekday_text": ["Monday: 00:00 - 00:00", "Tuesday: 00:00 - 00:00", "Wednesday: 00:00 - 00:00", "Thursday: 00:00 - 00:00", "Friday: 00:00 - 00:00", "Saturday: 00:00 - 00:00", "Sunday: 00:00 - 00:00"]}, "amenities": ["Restaurant", "Internet", "Free Internet", "Wifi", "Fitness center", "Wheelchair access", "Meeting rooms", "Room service", "Laundry Service", "Suites", "Public Wifi", "Dry Cleaning", "Non-smoking rooms", "Business center", "Banquet Room", "Air conditioning", "Microwave", "Conference Facilities", "Non-smoking hotel", "Flatscreen TV", "Parking", "Facilities for Disabled Guests", "Housekeeping", "English", "Iron", "Bar/Lounge", "Family Rooms", "Multilingual Staff", "Self-Serve Laundry", "Accessible rooms", "Safe", "Breakfast Available", "ATM On Site", "Baggage Storage", "Board Games / Puzzles", "Car Hire", "24-Hour Check-in", "Express Check-in / Check-out", "Coffee Shop", "Convenience Store", "First Aid Kit", "Free Wifi in the Business Center", "24-Hour Front Desk", "Gift Shop", "Highchairs Available", "Kids' Meals", "Parking Garage", "Paid Public Parking Nearby", "Salon", "Shared Lounge / TV Area", "Snack Bar", "Taxi Service", "Umbrella", "Valet Parking", "Vending Machine", "Wake Up Service / Alarm Clock", "Washing Machine"], "parent_brand": "Marriott", "brand": "Courtyard (Marriott Bonvoy)", "category": {"name": "hotel", "localized_name": "Hotel"}, "subcategory": [{"name": "hotel", "localized_name": "Hotel"}], "styles": ["Mountain View", "Quiet"], "neighborhood_info": [], "trip_types": [{"name": "business", "localized_name": "Business", "value": "180"}, {"name": "couples", "localized_name": "Couples", "value": "69"}, {"name": "solo", "localized_name": "Solo travel", "value": "19"}, {"name": "family", "localized_name": "Family", "value": "100"}, {"name": "friends", "localized_name": "Friends getaway", "value": "15"}], "awards": []}