{"location_id": "100475", "name": "Red Lion Inn & Suites Olympia, Governor Hotel", "web_url": "https://www.tripadvisor.com/Hotel_Review-g58653-d100475-Reviews-Red_Lion_Inn_Suites_Olympia_Governor_Hotel-Olympia_Washington.html?m=66827", "address_obj": {"street1": "621 Capitol Way South", "street2": "", "city": "Olympia", "state": "Washington", "country": "United States", "postalcode": "98501", "address_string": "621 Capitol Way South, Olympia, WA 98501"}, "ancestors": [{"level": "City", "name": "Olympia", "location_id": "58653"}, {"abbrv": "WA", "level": "State", "name": "Washington", "location_id": "28968"}, {"level": "Country", "name": "United States", "location_id": "191"}], "latitude": "47.04254", "longitude": "-122.90151", "timezone": "America/Los_Angeles", "phone": "15097830611", "write_review": "https://www.tripadvisor.com/UserReview-g58653-d100475-Red_Lion_Inn_Suites_Olympia_Governor_Hotel-Olympia_Washington.html?m=66827", "ranking_data": {"geo_location_id": "58653", "ranking_string": "#6 of 8 hotels in Olympia", "geo_location_name": "Olympia", "ranking_out_of": "8", "ranking": "6"}, "rating": "3.4", "rating_image_url": "https://www.tripadvisor.com/img/cdsi/img2/ratings/traveler/3.5-66827-5.svg", "num_reviews": "658", "review_rating_count": {"1": "81", "2": "99", "3": "135", "4": "180", "5": "163"}, "subratings": {"0": {"name": "rate_location", "localized_name": "Location", "rating_image_url": "https://static.tacdn.com/img2/ratings/traveler/ss4.5.svg", "value": "4.3"}, "1": {"name": "rate_sleep", "localized_name": "Sleep Quality", "rating_image_url": "https://static.tacdn.com/img2/ratings/traveler/ss3.5.svg", "value": "3.7"}, "2": {"name": "rate_room", "localized_name": "Rooms", "rating_image_url": "https://static.tacdn.com/img2/ratings/traveler/ss3.5.svg", "value": "3.5"}, "3": {"name": "rate_service", "localized_name": "Service", "rating_image_url": "https://static.tacdn.com/img2/ratings/traveler/ss4.0.svg", "value": "3.8"}, "4": {"name": "rate_value", "localized_name": "Value", "rating_image_url": "https://static.tacdn.com/img2/ratings/traveler/ss3.5.svg", "value": "3.6"}, "5": {"name": "rate_cleanliness", "localized_name": "Cleanliness", "rating_image_url": "https://static.tacdn.com/img2/ratings/traveler/ss4.0.svg", "value": "3.8"}}, "photo_count": "232", "see_all_photos": "https://www.tripadvisor.com/Hotel_Review-g58653-d100475-m66827-Reviews-Red_Lion_Inn_Suites_Olympia_Governor_Hotel-Olympia_Washington.html#photos", "price_level": "$$", "hours": {"periods": [{"open": {"day": 1, "time": "0000"}, "close": {"day": 1, "time": "0000"}}, {"open": {"day": 2, "time": "0000"}, "close": {"day": 2, "time": "0000"}}, {"open": {"day": 3, "time": "0000"}, "close": {"day": 3, "time": "0000"}}, {"open": {"day": 4, "time": "0000"}, "close": {"day": 4, "time": "0000"}}, {"open": {"day": 5, "time": "0000"}, "close": {"day": 5, "time": "0000"}}, {"open": {"day": 6, "time": "0000"}, "close": {"day": 6, "time": "0000"}}, {"open": {"day": 7, "time": "0000"}, "close": {"day": 7, "time": "0000"}}], "weekday_text": ["Monday: 00:00 - 00:00", "Tuesday: 00:00 - 00:00", "Wednesday: 00:00 - 00:00", "Thursday: 00:00 - 00:00", "Friday: 00:00 - 00:00", "Saturday: 00:00 - 00:00", "Sunday: 00:00 - 00:00"]}, "amenities": ["Free parking", "Free Internet", "Wifi", "Free Wifi", "Breakfast included", "Wheelchair access", "Internet", "Public Wifi", "Meeting rooms", "Non-smoking rooms", "Fitness center", "Banquet Room", "Air conditioning", "Accessible rooms", "Microwave", "Refrigerator in room", "Non-smoking hotel", "Flatscreen TV", "Parking", "Housekeeping", "Bath / Shower", "Coffee / Tea Maker", "Desk", "English", "24-Hour Front Desk", "Telephone", "Vending Machine", "Suites", "Multilingual Staff", "Conference Facilities", "Breakfast Available", "ATM On Site", "Baggage Storage", "Cable / Satellite TV", "Hair Dryer", "Iron", "Private Bathrooms", "Wake Up Service / Alarm Clock", "Beach Access"], "parent_brand": "Red Lion Hotels Corporation", "brand": "Red Lion Inn & Suites", "category": {"name": "hotel", "localized_name": "Hotel"}, "subcategory": [{"name": "hotel", "localized_name": "Hotel"}], "styles": ["Historic Hotel", "Centrally Located"], "neighborhood_info": [], "trip_types": [{"name": "business", "localized_name": "Business", "value": "170"}, {"name": "couples", "localized_name": "Couples", "value": "194"}, {"name": "solo", "localized_name": "Solo travel", "value": "56"}, {"name": "family", "localized_name": "Family", "value": "139"}, {"name": "friends", "localized_name": "Friends getaway", "value": "56"}], "awards": []}