{"location_id": "1312709", "name": "Indochine Asian Dining Lounge", "description": "Indochine is a feast for your senses nestled in the heart of a great Northwest cultural center. Walking into this innovative space is like walking into a piece of artwork. Textures of cherry, iron, fine drapery, brick, and brushed sheet steel are all architecturally assembled in perfect harmony. As you dine, Indochine\u2019s fine and creative cuisine will delight you. The flavors of Thailand, China, India, Japan, and Vietnam meld together to produce a wonderful culinary palette that is sure to impress your\u2019s and your guests\u2019 tastes. In complement to the meal, select from Indochine\u2019s extensive wine list which features flavorsome and aroma rich wines from around the world. To finish your meal, select one of Indochine\u2019s desserts, all of which are made in house, such as Gelato Italian Ice Cream flavors, or Cr\u00e8me Br\u00fbl\u00e9e.", "web_url": "https://www.tripadvisor.com/Restaurant_Review-g58775-d1312709-Reviews-Indochine_Asian_Dining_Lounge-Tacoma_Washington.html?m=66827", "address_obj": {"street1": "1924 Pacific Ave", "street2": "", "city": "Tacoma", "state": "Washington", "country": "United States", "postalcode": "98402", "address_string": "1924 Pacific Ave, Tacoma, WA 98402"}, "ancestors": [{"level": "City", "name": "Tacoma", "location_id": "58775"}, {"abbrv": "WA", "level": "State", "name": "Washington", "location_id": "28968"}, {"level": "Country", "name": "United States", "location_id": "191"}], "latitude": "47.24419", "longitude": "-122.43679", "timezone": "America/Los_Angeles", "email": "info@indochinedowntown.com", "phone": "+1 253-272-8200", "website": "http://indochinedowntown.com/", "write_review": "https://www.tripadvisor.com/UserReview-g58775-d1312709-Indochine_Asian_Dining_Lounge-Tacoma_Washington.html?m=66827", "ranking_data": {"geo_location_id": "58775", "ranking_string": "#11 of 837 Places to Eat in Tacoma", "geo_location_name": "Tacoma", "ranking_out_of": "837", "ranking": "11"}, "rating": "4.2", "rating_image_url": "https://www.tripadvisor.com/img/cdsi/img2/ratings/traveler/4.0-66827-5.svg", "num_reviews": "439", "review_rating_count": {"1": "9", "2": "31", "3": "53", "4": "129", "5": "217"}, "subratings": {"0": {"name": "rate_atmosphere", "localized_name": "Atmosphere", "rating_image_url": "https://static.tacdn.com/img2/ratings/traveler/ss4.5.svg", "value": "4.6"}, "1": {"name": "rate_food", "localized_name": "Food", "rating_image_url": "https://static.tacdn.com/img2/ratings/traveler/ss4.5.svg", "value": "4.3"}, "2": {"name": "rate_service", "localized_name": "Service", "rating_image_url": "https://static.tacdn.com/img2/ratings/traveler/ss4.0.svg", "value": "4.2"}, "3": {"name": "rate_value", "localized_name": "Value", "rating_image_url": "https://static.tacdn.com/img2/ratings/traveler/ss4.0.svg", "value": "3.9"}}, "photo_count": "83", "see_all_photos": "https://www.tripadvisor.com/Restaurant_Review-g58775-d1312709-m66827-Reviews-Indochine_Asian_Dining_Lounge-Tacoma_Washington.html#photos", "price_level": "$$ - $$$", "hours": {"periods": [{"open": {"day": 7, "time": "1600"}, "close": {"day": 7, "time": "2000"}}], "weekday_text": ["Monday: Closed", "Tuesday: Closed", "Wednesday: Closed", "Thursday: Closed", "Friday: Closed", "Saturday: Closed", "Sunday: 16:00 - 20:00"]}, "features": ["Accepts Credit Cards", "Full Bar", "Highchairs Available", "Private Dining", "Reservations", "Seating", "Serves Alcohol", "Table Service", "Takeout", "Wheelchair Accessible"], "cuisine": [{"name": "asian", "localized_name": "Asian"}, {"name": "thai", "localized_name": "Thai"}], "category": {"name": "restaurant", "localized_name": "Restaurant"}, "subcategory": [{"name": "sit_down", "localized_name": "Sit down"}], "neighborhood_info": [], "trip_types": [{"name": "business", "localized_name": "Business", "value": "38"}, {"name": "couples", "localized_name": "Couples", "value": "125"}, {"name": "solo", "localized_name": "Solo travel", "value": "13"}, {"name": "family", "localized_name": "Family", "value": "103"}, {"name": "friends", "localized_name": "Friends getaway", "value": "90"}], "awards": []}