{"location_id": "28168929", "name": "Mosaic Mural Metamorphosis", "web_url": "https://www.tripadvisor.com/Attraction_Review-g58653-d28168929-Reviews-Mosaic_Mural_Metamorphosis-Olympia_Washington.html?m=66827", "address_obj": {"street1": "425 4th Avenue", "street2": "On The Back Side Of Lloyd's Automotive, Which Faces State St", "city": "Olympia", "state": "Washington", "country": "United States", "address_string": "425 4th Avenue On The Back Side Of Lloyd's Automotive, Which Faces State St, Olympia, WA"}, "ancestors": [{"level": "City", "name": "Olympia", "location_id": "58653"}, {"abbrv": "WA", "level": "State", "name": "Washington", "location_id": "28968"}, {"level": "Country", "name": "United States", "location_id": "191"}], "latitude": "47.04578", "longitude": "-122.8972", "timezone": "America/Los_Angeles", "website": "https://jkmosaic.com/metamorphosis", "write_review": "https://www.tripadvisor.com/UserReview-g58653-d28168929-Mosaic_Mural_Metamorphosis-Olympia_Washington.html?m=66827", "ranking_data": {"geo_location_id": "58653", "ranking_string": "#35 of 94 things to do in Olympia", "geo_location_name": "Olympia", "ranking_out_of": "94", "ranking": "35"}, "rating": "5.0", "rating_image_url": "https://www.tripadvisor.com/img/cdsi/img2/ratings/traveler/5.0-66827-5.svg", "num_reviews": "1", "review_rating_count": {"1": "0", "2": "0", "3": "0", "4": "0", "5": "1"}, "photo_count": "1", "see_all_photos": "https://www.tripadvisor.com/Attraction_Review-g58653-d28168929-m66827-Reviews-Mosaic_Mural_Metamorphosis-Olympia_Washington.html#photos", "hours": {"periods": [{"open": {"day": 1, "time": "0000"}, "close": {"day": 1, "time": "0000"}}, {"open": {"day": 2, "time": "0000"}, "close": {"day": 2, "time": "0000"}}, {"open": {"day": 3, "time": "0000"}, "close": {"day": 3, "time": "0000"}}, {"open": {"day": 4, "time": "0000"}, "close": {"day": 4, "time": "0000"}}, {"open": {"day": 5, "time": "0000"}, "close": {"day": 5, "time": "0000"}}, {"open": {"day": 6, "time": "0000"}, "close": {"day": 6, "time": "0000"}}, {"open": {"day": 7, "time": "0000"}, "close": {"day": 7, "time": "0000"}}], "weekday_text": ["Monday: 00:00 - 00:00", "Tuesday: 00:00 - 00:00", "Wednesday: 00:00 - 00:00", "Thursday: 00:00 - 00:00", "Friday: 00:00 - 00:00", "Saturday: 00:00 - 00:00", "Sunday: 00:00 - 00:00"]}, "category": {"name": "attraction", "localized_name": "Attraction"}, "subcategory": [{"name": "landmarks", "localized_name": "Sights & Landmarks"}, {"name": "attractions", "localized_name": "Attractions"}], "groups": [{"name": "Sights & Landmarks", "localized_name": "Sights & Landmarks", "categories": [{"name": "Points of Interest & Landmarks", "localized_name": "Points of Interest & Landmarks"}]}], "neighborhood_info": [], "trip_types": [{"name": "business", "localized_name": "Business", "value": "0"}, {"name": "couples", "localized_name": "Couples", "value": "1"}, {"name": "solo", "localized_name": "Solo travel", "value": "0"}, {"name": "family", "localized_name": "Family", "value": "0"}, {"name": "friends", "localized_name": "Friends getaway", "value": "0"}], "awards": []}