{"data": [{"id": 211864063, "is_blessed": false, "caption": "tofu pad see ew", "published_date": "2016-08-21T18:10:05.522Z", "images": {"thumbnail": {"height": 50, "width": 50, "url": "https://media-cdn.tripadvisor.com/media/photo-t/0c/a0/c9/ff/tofu-pad-see-ew.jpg"}, "small": {"height": 150, "width": 150, "url": "https://media-cdn.tripadvisor.com/media/photo-l/0c/a0/c9/ff/tofu-pad-see-ew.jpg"}, "medium": {"height": 188, "width": 250, "url": "https://media-cdn.tripadvisor.com/media/photo-f/0c/a0/c9/ff/tofu-pad-see-ew.jpg"}, "large": {"height": 413, "width": 550, "url": "https://media-cdn.tripadvisor.com/media/photo-s/0c/a0/c9/ff/tofu-pad-see-ew.jpg"}, "original": {"height": 1500, "width": 2000, "url": "https://media-cdn.tripadvisor.com/media/photo-o/0c/a0/c9/ff/tofu-pad-see-ew.jpg"}}, "album": "Other", "source": {"name": "Traveler", "localized_name": "Traveler"}, "user": {"username": "RedwoodShores305"}}]}