{"location_id": "5432807", "name": "City Grind", "web_url": "https://www.tripadvisor.com/Restaurant_Review-g60878-d5432807-Reviews-City_Grind-Seattle_Washington.html?m=66827", "address_obj": {"street1": "600 4th Ave", "city": "Seattle", "state": "Washington", "country": "United States", "postalcode": "98104-1850", "address_string": "600 4th Ave, Seattle, WA 98104-1850"}, "ancestors": [{"level": "City", "name": "Seattle", "location_id": "60878"}, {"abbrv": "WA", "level": "State", "name": "Washington", "location_id": "28968"}, {"level": "Country", "name": "United States", "location_id": "191"}], "latitude": "47.60382", "longitude": "-122.33005", "timezone": "America/Los_Angeles", "phone": "+1 206-412-3374", "website": "http://catering.citygrindespresso.com", "write_review": "https://www.tripadvisor.com/UserReview-g60878-d5432807-City_Grind-Seattle_Washington.html?m=66827", "ranking_data": {"geo_location_id": "60878", "ranking_string": "#2,324 of 3,934 Places to Eat in Seattle", "geo_location_name": "Seattle", "ranking_out_of": "3934", "ranking": "2324"}, "rating": "4.0", "rating_image_url": "https://www.tripadvisor.com/img/cdsi/img2/ratings/traveler/4.0-66827-5.svg", "num_reviews": "1", "review_rating_count": {"1": "0", "2": "0", "3": "0", "4": "1", "5": "0"}, "subratings": {}, "photo_count": "0", "see_all_photos": "https://www.tripadvisor.com/Restaurant_Review-g60878-d5432807-m66827-Reviews-City_Grind-Seattle_Washington.html#photos", "hours": {"periods": [{"open": {"day": 1, "time": "0700"}, "close": {"day": 1, "time": "1600"}}, {"open": {"day": 2, "time": "0700"}, "close": {"day": 2, "time": "1600"}}, {"open": {"day": 3, "time": "0700"}, "close": {"day": 3, "time": "1600"}}, {"open": {"day": 4, "time": "0700"}, "close": {"day": 4, "time": "1600"}}, {"open": {"day": 5, "time": "0700"}, "close": {"day": 5, "time": "1600"}}], "weekday_text": ["Monday: 07:00 - 16:00", "Tuesday: 07:00 - 16:00", "Wednesday: 07:00 - 16:00", "Thursday: 07:00 - 16:00", "Friday: 07:00 - 16:00", "Saturday: Closed", "Sunday: Closed"]}, "features": [], "cuisine": [], "category": {"name": "restaurant", "localized_name": "Restaurant"}, "subcategory": [], "neighborhood_info": [], "trip_types": [{"name": "business", "localized_name": "Business", "value": "0"}, {"name": "couples", "localized_name": "Couples", "value": "0"}, {"name": "solo", "localized_name": "Solo travel", "value": "1"}, {"name": "family", "localized_name": "Family", "value": "0"}, {"name": "friends", "localized_name": "Friends getaway", "value": "0"}], "awards": []}