{"location_id": "19413310", "name": "Marriott Tacoma Downtown", "description": "Elevate your stay at Marriott Tacoma Downtown. Our four star hotel in Downtown Tacoma WA offers 22 stories comfortable accommodations with contemporary d\u00e9cor and ultramodern on-site amenities. From the moment you walk through the grand entrance, our personable staff is here to make sure you get everything you need for an exceptional travel experience. All rooms & suites boast plush Marriott bedding, HDTVs with premium channels, separate seating areas and LED mirrors and walk-in rainfall showers in the bathrooms. Book select accommodations to enjoy breathtaking views of the Tacoma Waterfront and Mount Rainier. For exclusive perks like our M Club lounge, upgrade to our concierge-level rooms. Maintain your momentum at our onsite fitness center which offers digital on-demand fitness classes. Head to the rooftop pool to relax and take in stunning views of Downtown Tacoma. Whether you're in Tacoma on business or leisure, travel brilliantly at Marriott Tacoma Downtown.", "web_url": "https://www.tripadvisor.com/Hotel_Review-g58775-d19413310-Reviews-Marriott_Tacoma_Downtown-Tacoma_Washington.html?m=66827", "address_obj": {"street1": "1538 Commerce Street", "city": "Tacoma", "state": "Washington", "country": "United States", "postalcode": "98402", "address_string": "1538 Commerce Street, Tacoma, WA 98402"}, "ancestors": [{"level": "City", "name": "Tacoma", "location_id": "58775"}, {"abbrv": "WA", "level": "State", "name": "Washington", "location_id": "28968"}, {"level": "Country", "name": "United States", "location_id": "191"}], "latitude": "47.24832", "longitude": "-122.43931", "timezone": "America/Los_Angeles", "phone": "18449732635", "write_review": "https://www.tripadvisor.com/UserReview-g58775-d19413310-Marriott_Tacoma_Downtown-Tacoma_Washington.html?m=66827", "ranking_data": {"geo_location_id": "58775", "ranking_string": "#14 of 28 hotels in Tacoma", "geo_location_name": "Tacoma", "ranking_out_of": "28", "ranking": "14"}, "rating": "3.0", "rating_image_url": "https://www.tripadvisor.com/img/cdsi/img2/ratings/traveler/3.0-66827-5.svg", "num_reviews": "63", "review_rating_count": {"1": "17", "2": "11", "3": "7", "4": "12", "5": "16"}, "subratings": {"0": {"name": "rate_location", "localized_name": "Location", "rating_image_url": "https://static.tacdn.com/img2/ratings/traveler/ss3.5.svg", "value": "3.6"}, "1": {"name": "rate_sleep", "localized_name": "Sleep Quality", "rating_image_url": "https://static.tacdn.com/img2/ratings/traveler/ss3.0.svg", "value": "3.2"}, "2": {"name": "rate_room", "localized_name": "Rooms", "rating_image_url": "https://static.tacdn.com/img2/ratings/traveler/ss3.5.svg", "value": "3.5"}, "3": {"name": "rate_service", "localized_name": "Service", "rating_image_url": "https://static.tacdn.com/img2/ratings/traveler/ss2.5.svg", "value": "2.6"}, "4": {"name": "rate_value", "localized_name": "Value", "rating_image_url": "https://static.tacdn.com/img2/ratings/traveler/ss2.5.svg", "value": "2.5"}, "5": {"name": "rate_cleanliness", "localized_name": "Cleanliness", "rating_image_url": "https://static.tacdn.com/img2/ratings/traveler/ss3.0.svg", "value": "3.1"}}, "photo_count": "165", "see_all_photos": "https://www.tripadvisor.com/Hotel_Review-g58775-d19413310-m66827-Reviews-Marriott_Tacoma_Downtown-Tacoma_Washington.html#photos", "price_level": "$$$", "hours": {"periods": [{"open": {"day": 1, "time": "0000"}, "close": {"day": 1, "time": "0000"}}, {"open": {"day": 2, "time": "0000"}, "close": {"day": 2, "time": "0000"}}, {"open": {"day": 3, "time": "0000"}, "close": {"day": 3, "time": "0000"}}, {"open": {"day": 4, "time": "0000"}, "close": {"day": 4, "time": "0000"}}, {"open": {"day": 5, "time": "0000"}, "close": {"day": 5, "time": "0000"}}, {"open": {"day": 6, "time": "0000"}, "close": {"day": 6, "time": "0000"}}, {"open": {"day": 7, "time": "0000"}, "close": {"day": 7, "time": "0000"}}], "weekday_text": ["Monday: 00:00 - 00:00", "Tuesday: 00:00 - 00:00", "Wednesday: 00:00 - 00:00", "Thursday: 00:00 - 00:00", "Friday: 00:00 - 00:00", "Saturday: 00:00 - 00:00", "Sunday: 00:00 - 00:00"]}, "amenities": ["Pool", "Wheelchair access", "Restaurant", "Bar/Lounge", "Public Wifi", "Free Wifi", "Meeting rooms", "Business center", "Fitness center", "Concierge", "Air conditioning", "Bath / Shower", "Blackout Curtains", "English", "Kids Activities", "Suites", "Room service", "Dry Cleaning", "Hot Tub", "Non-smoking rooms", "Laundry Service", "Banquet Room", "Refrigerator in room", "Conference Facilities", "Non-smoking hotel", "Flatscreen TV", "Outdoor pool", "Breakfast Available", "Facilities for Disabled Guests", "Housekeeping", "Electric vehicle charging station", "Baggage Storage", "Cable / Satellite TV", "Car Hire", "Coffee / Tea Maker", "Desk", "Complimentary Toiletries", "24-Hour Front Desk", "Hair Dryer", "Iron", "Private Bathrooms", "Paid Private Parking On-site", "Telephone", "Valet Parking", "Wake Up Service / Alarm Clock", "Wine / Champagne", "Photo Copier / Fax In Business Center"], "parent_brand": "Marriott", "brand": "Marriott Hotels (Marriott Bonvoy)", "category": {"name": "hotel", "localized_name": "Hotel"}, "subcategory": [{"name": "hotel", "localized_name": "Hotel"}], "styles": ["City View", "Business"], "neighborhood_info": [], "trip_types": [{"name": "business", "localized_name": "Business", "value": "27"}, {"name": "couples", "localized_name": "Couples", "value": "10"}, {"name": "solo", "localized_name": "Solo travel", "value": "0"}, {"name": "family", "localized_name": "Family", "value": "10"}, {"name": "friends", "localized_name": "Friends getaway", "value": "3"}], "awards": []}