{"location_id": "128536", "name": "Center on Contemporary Art", "description": "This non-profit art center hosts rotating exhibits on the most cutting-edge work the art world has to offer.", "web_url": "https://www.tripadvisor.com/Attraction_Review-g60878-d128536-Reviews-Center_on_Contemporary_Art-Seattle_Washington.html?m=66827", "address_obj": {"street1": "114 3rd Ave S", "street2": "Seattle Design Center, Suite P258", "city": "Seattle", "state": "Washington", "country": "United States", "postalcode": "98104-2606", "address_string": "114 3rd Ave S Seattle Design Center, Suite P258, Seattle, WA 98104-2606"}, "ancestors": [{"level": "City", "name": "Seattle", "location_id": "60878"}, {"abbrv": "WA", "level": "State", "name": "Washington", "location_id": "28968"}, {"level": "Country", "name": "United States", "location_id": "191"}], "latitude": "47.601162", "longitude": "-122.330025", "timezone": "America/Los_Angeles", "email": "info@cocaseattle.org", "phone": "+1 206-728-1980", "website": "http://www.cocaseattle.org/", "write_review": "https://www.tripadvisor.com/UserReview-g60878-d128536-Center_on_Contemporary_Art-Seattle_Washington.html?m=66827", "ranking_data": {"geo_location_id": "60878", "ranking_string": "#293 of 859 things to do in Seattle", "geo_location_name": "Seattle", "ranking_out_of": "859", "ranking": "293"}, "rating": "5.0", "rating_image_url": "https://www.tripadvisor.com/img/cdsi/img2/ratings/traveler/5.0-66827-5.svg", "num_reviews": "1", "review_rating_count": {"1": "0", "2": "0", "3": "0", "4": "0", "5": "1"}, "photo_count": "14", "see_all_photos": "https://www.tripadvisor.com/Attraction_Review-g60878-d128536-m66827-Reviews-Center_on_Contemporary_Art-Seattle_Washington.html#photos", "hours": {"periods": [{"open": {"day": 4, "time": "1100"}, "close": {"day": 4, "time": "1600"}}, {"open": {"day": 5, "time": "1100"}, "close": {"day": 5, "time": "1600"}}, {"open": {"day": 6, "time": "1100"}, "close": {"day": 6, "time": "1600"}}], "weekday_text": ["Monday: Closed", "Tuesday: Closed", "Wednesday: Closed", "Thursday: 11:00 - 16:00", "Friday: 11:00 - 16:00", "Saturday: 11:00 - 16:00", "Sunday: Closed"]}, "category": {"name": "attraction", "localized_name": "Attraction"}, "subcategory": [{"name": "museums", "localized_name": "Museums"}, {"name": "attractions", "localized_name": "Attractions"}], "groups": [{"name": "Museums", "localized_name": "Museums", "categories": [{"name": "Art Museums", "localized_name": "Art Museums"}]}], "neighborhood_info": [{"location_id": "21002021", "name": "Georgetown"}, {"location_id": "20933756", "name": "Downtown"}], "trip_types": [{"name": "business", "localized_name": "Business", "value": "0"}, {"name": "couples", "localized_name": "Couples", "value": "0"}, {"name": "solo", "localized_name": "Solo travel", "value": "0"}, {"name": "family", "localized_name": "Family", "value": "0"}, {"name": "friends", "localized_name": "Friends getaway", "value": "0"}], "awards": []}