{"location_id": "25503500", "name": "Stellar Juices", "web_url": "https://www.tripadvisor.com/Restaurant_Review-g58653-d25503500-Reviews-Stellar_Juices-Olympia_Washington.html?m=66827", "address_obj": {"street1": "623 5th Avenue Southeast", "city": "Olympia", "state": "Washington", "country": "United States", "postalcode": "98501", "address_string": "623 5th Avenue Southeast, Olympia, WA 98501"}, "ancestors": [{"level": "City", "name": "Olympia", "location_id": "58653"}, {"abbrv": "WA", "level": "State", "name": "Washington", "location_id": "28968"}, {"level": "Country", "name": "United States", "location_id": "191"}], "latitude": "47.044434", "longitude": "-122.8943", "timezone": "America/Los_Angeles", "phone": "+1 360-878-2421", "website": "https://stellarjuices.com", "write_review": "https://www.tripadvisor.com/UserReview-g58653-d25503500-Stellar_Juices-Olympia_Washington.html?m=66827", "num_reviews": "0", "subratings": {}, "photo_count": "0", "see_all_photos": "https://www.tripadvisor.com/Restaurant_Review-g58653-d25503500-m66827-Reviews-Stellar_Juices-Olympia_Washington.html#photos", "features": [], "cuisine": [], "category": {"name": "restaurant", "localized_name": "Restaurant"}, "subcategory": [], "neighborhood_info": [], "trip_types": [{"name": "business", "localized_name": "Business", "value": "0"}, {"name": "couples", "localized_name": "Couples", "value": "0"}, {"name": "solo", "localized_name": "Solo travel", "value": "0"}, {"name": "family", "localized_name": "Family", "value": "0"}, {"name": "friends", "localized_name": "Friends getaway", "value": "0"}], "awards": []}