{"location_id": "4255441", "name": "Subway", "description": "Your local Tacoma Subway\u00ae Restaurant, located at 1910 Pacific Avenue brings new bold flavors along with old favorites to satisfied guests every day. We deliver these mouth-watering flavors with our famous Footlongs, 6\" sandwiches, wraps and salads. And we offer a variety of ways to order-quick and easy in the app or online, convenient delivery, come into your neighborhood shop for an in-restaurant meal, or pick up curbside. We're proud to offer a change from same old fast food with fresh cut veggies and toppings with protein choices, fresh-baked bread and let's not forget cookies! And we're happy to help you with any catering needs as well. All Subway\u00ae Restaurants are independently owned and operated by business owners who employ talented Sandwich Artists\u2122.", "web_url": "https://www.tripadvisor.com/Restaurant_Review-g58775-d4255441-Reviews-Subway-Tacoma_Washington.html?m=66827", "address_obj": {"street1": "1910 Pacific Avenue", "city": "Tacoma", "state": "Washington", "country": "United States", "postalcode": "98402", "address_string": "1910 Pacific Avenue, Tacoma, WA 98402"}, "ancestors": [{"level": "City", "name": "Tacoma", "location_id": "58775"}, {"abbrv": "WA", "level": "State", "name": "Washington", "location_id": "28968"}, {"level": "Country", "name": "United States", "location_id": "191"}], "latitude": "47.244694", "longitude": "-122.436935", "timezone": "America/Los_Angeles", "phone": "+1 253-383-5207", "website": "https://restaurants.subway.com/united-states/wa/tacoma/1910-pacific-avenue?utm_source=yext-other&utm_medium=local&utm_term=acq&utm_content=19756&utm_campaign=evergreen-2020&y_source=1_mtq5mtewnzitnzy5lwxvy2f0aw9ulndlynnpdgu%3d", "write_review": "https://www.tripadvisor.com/UserReview-g58775-d4255441-Subway-Tacoma_Washington.html?m=66827", "ranking_data": {"geo_location_id": "58775", "ranking_string": "#413 of 837 Places to Eat in Tacoma", "geo_location_name": "Tacoma", "ranking_out_of": "837", "ranking": "413"}, "rating": "3.6", "rating_image_url": "https://www.tripadvisor.com/img/cdsi/img2/ratings/traveler/3.5-66827-5.svg", "num_reviews": "9", "review_rating_count": {"1": "1", "2": "0", "3": "1", "4": "7", "5": "0"}, "subratings": {"0": {"name": "rate_food", "localized_name": "Food", "rating_image_url": "https://static.tacdn.com/img2/ratings/traveler/ss2.5.svg", "value": "2.5"}, "1": {"name": "rate_atmosphere", "localized_name": "Atmosphere", "rating_image_url": "https://static.tacdn.com/img2/ratings/traveler/ss1.0.svg", "value": "1.0"}, "2": {"name": "rate_service", "localized_name": "Service", "rating_image_url": "https://static.tacdn.com/img2/ratings/traveler/ss2.5.svg", "value": "2.5"}, "3": {"name": "rate_value", "localized_name": "Value", "rating_image_url": "https://static.tacdn.com/img2/ratings/traveler/ss2.5.svg", "value": "2.5"}}, "photo_count": "0", "see_all_photos": "https://www.tripadvisor.com/Restaurant_Review-g58775-d4255441-m66827-Reviews-Subway-Tacoma_Washington.html#photos", "hours": {"periods": [{"open": {"day": 1, "time": "0800"}, "close": {"day": 1, "time": "2200"}}, {"open": {"day": 2, "time": "0800"}, "close": {"day": 2, "time": "2200"}}, {"open": {"day": 3, "time": "0800"}, "close": {"day": 3, "time": "2200"}}, {"open": {"day": 4, "time": "0800"}, "close": {"day": 4, "time": "2200"}}, {"open": {"day": 5, "time": "0800"}, "close": {"day": 5, "time": "2200"}}, {"open": {"day": 6, "time": "0900"}, "close": {"day": 6, "time": "1900"}}, {"open": {"day": 7, "time": "1000"}, "close": {"day": 7, "time": "1800"}}], "weekday_text": ["Monday: 08:00 - 22:00", "Tuesday: 08:00 - 22:00", "Wednesday: 08:00 - 22:00", "Thursday: 08:00 - 22:00", "Friday: 08:00 - 22:00", "Saturday: 09:00 - 19:00", "Sunday: 10:00 - 18:00"]}, "features": [], "cuisine": [{"name": "american", "localized_name": "American"}, {"name": "fast_food", "localized_name": "Fast Food"}, {"name": "deli", "localized_name": "Deli"}], "category": {"name": "restaurant", "localized_name": "Restaurant"}, "subcategory": [{"name": "sit_down", "localized_name": "Sit down"}], "neighborhood_info": [], "trip_types": [{"name": "business", "localized_name": "Business", "value": "1"}, {"name": "couples", "localized_name": "Couples", "value": "2"}, {"name": "solo", "localized_name": "Solo travel", "value": "1"}, {"name": "family", "localized_name": "Family", "value": "2"}, {"name": "friends", "localized_name": "Friends getaway", "value": "3"}], "awards": []}