{"data": [{"id": 773385527, "is_blessed": false, "caption": "", "published_date": "2024-11-11T21:00:57.45Z", "images": {"thumbnail": {"height": 50, "width": 50, "url": "https://media-cdn.tripadvisor.com/media/photo-t/2e/18/ed/37/caption.jpg"}, "small": {"height": 150, "width": 150, "url": "https://media-cdn.tripadvisor.com/media/photo-l/2e/18/ed/37/caption.jpg"}, "medium": {"height": 167, "width": 250, "url": "https://media-cdn.tripadvisor.com/media/photo-f/2e/18/ed/37/caption.jpg"}, "large": {"height": 367, "width": 550, "url": "https://media-cdn.tripadvisor.com/media/photo-s/2e/18/ed/37/caption.jpg"}, "original": {"height": 853, "width": 1280, "url": "https://media-cdn.tripadvisor.com/media/photo-m/1280/2e/18/ed/37/caption.jpg"}}, "album": "Room/Suite", "source": {"name": "Management", "localized_name": "Management"}, "user": {"username": "Management"}}, {"id": 93476279, "is_blessed": false, "caption": "Tacoma Dome", "published_date": "2014-03-15T13:32:17.821Z", "images": {"thumbnail": {"height": 50, "width": 50, "url": "https://media-cdn.tripadvisor.com/media/photo-t/05/92/55/b7/holiday-inn-express-tacoma.jpg"}, "small": {"height": 150, "width": 150, "url": "https://media-cdn.tripadvisor.com/media/photo-l/05/92/55/b7/holiday-inn-express-tacoma.jpg"}, "medium": {"height": 187, "width": 250, "url": "https://media-cdn.tripadvisor.com/media/photo-f/05/92/55/b7/holiday-inn-express-tacoma.jpg"}, "large": {"height": 412, "width": 550, "url": "https://media-cdn.tripadvisor.com/media/photo-s/05/92/55/b7/holiday-inn-express-tacoma.jpg"}, "original": {"height": 1500, "width": 2000, "url": "https://media-cdn.tripadvisor.com/media/photo-o/05/92/55/b7/holiday-inn-express-tacoma.jpg"}}, "album": "View from Room", "source": {"name": "Traveler", "localized_name": "Traveler"}, "user": {"username": "Martingignac"}}, {"id": 636795541, "is_blessed": false, "caption": "Accessible room with King-size bed.", "published_date": "2022-09-19T10:16:33.551Z", "images": {"thumbnail": {"height": 50, "width": 50, "url": "https://media-cdn.tripadvisor.com/media/photo-t/25/f4/ba/95/accessible-room-with.jpg"}, "medium": {"height": 200, "width": 180, "url": "https://media-cdn.tripadvisor.com/media/photo-i/25/f4/ba/95/accessible-room-with.jpg"}, "small": {"height": 150, "width": 150, "url": "https://media-cdn.tripadvisor.com/media/photo-l/25/f4/ba/95/accessible-room-with.jpg"}, "large": {"height": 450, "width": 292, "url": "https://media-cdn.tripadvisor.com/media/photo-s/25/f4/ba/95/accessible-room-with.jpg"}, "original": {"height": 1577, "width": 1024, "url": "https://media-cdn.tripadvisor.com/media/photo-w/25/f4/ba/95/accessible-room-with.jpg"}}, "album": "Hotel & Grounds", "source": {"name": "Traveler", "localized_name": "Traveler"}, "user": {"username": "102terys"}}, {"id": 487435465, "is_blessed": false, "caption": "", "published_date": "2021-05-30T03:53:32.667Z", "images": {"thumbnail": {"height": 50, "width": 50, "url": "https://media-cdn.tripadvisor.com/media/photo-t/1d/0d/ac/c9/holiday-inn-express-tacoma.jpg"}, "small": {"height": 150, "width": 150, "url": "https://media-cdn.tripadvisor.com/media/photo-l/1d/0d/ac/c9/holiday-inn-express-tacoma.jpg"}, "medium": {"height": 200, "width": 180, "url": "https://media-cdn.tripadvisor.com/media/photo-i/1d/0d/ac/c9/holiday-inn-express-tacoma.jpg"}, "large": {"height": 450, "width": 338, "url": "https://media-cdn.tripadvisor.com/media/photo-s/1d/0d/ac/c9/holiday-inn-express-tacoma.jpg"}, "original": {"height": 1365, "width": 1024, "url": "https://media-cdn.tripadvisor.com/media/photo-w/1d/0d/ac/c9/holiday-inn-express-tacoma.jpg"}}, "album": "Other", "source": {"name": "Traveler", "localized_name": "Traveler"}, "user": {"username": "Typicaltravelerhendo"}}]}