{"data": [{"id": 359939604, "is_blessed": false, "caption": "Sunrise Point near Vashon Island", "published_date": "2018-11-20T20:27:17.563Z", "images": {"thumbnail": {"height": 50, "width": 50, "url": "https://media-cdn.tripadvisor.com/media/photo-t/15/74/3e/14/sunrise-point-near-vashon.jpg"}, "small": {"height": 150, "width": 150, "url": "https://media-cdn.tripadvisor.com/media/photo-l/15/74/3e/14/sunrise-point-near-vashon.jpg"}, "medium": {"height": 200, "width": 250, "url": "https://media-cdn.tripadvisor.com/media/photo-f/15/74/3e/14/sunrise-point-near-vashon.jpg"}, "large": {"height": 440, "width": 550, "url": "https://media-cdn.tripadvisor.com/media/photo-s/15/74/3e/14/sunrise-point-near-vashon.jpg"}, "original": {"height": 1024, "width": 1280, "url": "https://media-cdn.tripadvisor.com/media/photo-m/1280/15/74/3e/14/sunrise-point-near-vashon.jpg"}}, "album": "Other", "source": {"name": "Traveler", "localized_name": "Traveler"}, "user": {"username": "chrislY3964AG"}}]}