{"data": [{"id": 30054125, "is_blessed": false, "caption": "Seattle, Washington", "published_date": "2011-03-18T19:55:15.555Z", "images": {"thumbnail": {"height": 50, "width": 50, "url": "https://media-cdn.tripadvisor.com/media/photo-t/01/ca/96/ed/seattle-washington.jpg"}, "small": {"height": 150, "width": 150, "url": "https://media-cdn.tripadvisor.com/media/photo-l/01/ca/96/ed/seattle-washington.jpg"}, "medium": {"height": 167, "width": 250, "url": "https://media-cdn.tripadvisor.com/media/photo-f/01/ca/96/ed/seattle-washington.jpg"}, "large": {"height": 367, "width": 550, "url": "https://media-cdn.tripadvisor.com/media/photo-s/01/ca/96/ed/seattle-washington.jpg"}}, "album": "Other", "source": {"name": "Management", "localized_name": "Management"}, "user": {"username": "Management"}}, {"id": 120622670, "is_blessed": false, "caption": "Upgrade to one of our 29 Executive Suites and enjoy additional perks such as a living room", "published_date": "2015-01-12T22:02:57.186Z", "images": {"thumbnail": {"height": 50, "width": 50, "url": "https://media-cdn.tripadvisor.com/media/photo-t/07/30/8e/4e/upgrade-to-one-of-our.jpg"}, "small": {"height": 150, "width": 150, "url": "https://media-cdn.tripadvisor.com/media/photo-l/07/30/8e/4e/upgrade-to-one-of-our.jpg"}, "medium": {"height": 167, "width": 250, "url": "https://media-cdn.tripadvisor.com/media/photo-f/07/30/8e/4e/upgrade-to-one-of-our.jpg"}, "large": {"height": 367, "width": 550, "url": "https://media-cdn.tripadvisor.com/media/photo-s/07/30/8e/4e/upgrade-to-one-of-our.jpg"}, "original": {"height": 428, "width": 640, "url": "https://media-cdn.tripadvisor.com/media/photo-o/07/30/8e/4e/upgrade-to-one-of-our.jpg"}}, "album": "Room/Suite", "source": {"name": "Management", "localized_name": "Management"}, "user": {"username": "Management"}}, {"id": 169865495, "is_blessed": false, "caption": "Lobby at the Crowne Plaza Seattle Downtown Area", "published_date": "2016-01-23T15:47:28.858Z", "images": {"thumbnail": {"height": 50, "width": 50, "url": "https://media-cdn.tripadvisor.com/media/photo-t/0a/1f/f1/17/lobby--v10268996.jpg"}, "small": {"height": 150, "width": 150, "url": "https://media-cdn.tripadvisor.com/media/photo-l/0a/1f/f1/17/lobby--v10268996.jpg"}, "medium": {"height": 205, "width": 250, "url": "https://media-cdn.tripadvisor.com/media/photo-f/0a/1f/f1/17/lobby--v10268996.jpg"}, "large": {"height": 367, "width": 550, "url": "https://media-cdn.tripadvisor.com/media/oyster/550/0a/1f/f1/17/lobby--v10268996.jpg"}, "original": {"height": 1733, "width": 2600, "url": "https://media-cdn.tripadvisor.com/media/oyster/2600/0a/1f/f1/17/lobby--v10268996.jpg"}}, "album": "The Hotel", "source": {"name": "Expert", "localized_name": "Expert"}}, {"id": 169865395, "is_blessed": false, "caption": "The Single King Room at the Crowne Plaza Seattle Downtown Area", "published_date": "2016-01-23T15:46:59.449Z", "images": {"thumbnail": {"height": 50, "width": 50, "url": "https://media-cdn.tripadvisor.com/media/photo-t/0a/1f/f0/b3/single-king-room--v10269163.jpg"}, "small": {"height": 150, "width": 150, "url": "https://media-cdn.tripadvisor.com/media/photo-l/0a/1f/f0/b3/single-king-room--v10269163.jpg"}, "medium": {"height": 205, "width": 250, "url": "https://media-cdn.tripadvisor.com/media/photo-f/0a/1f/f0/b3/single-king-room--v10269163.jpg"}, "large": {"height": 367, "width": 550, "url": "https://media-cdn.tripadvisor.com/media/oyster/550/0a/1f/f0/b3/single-king-room--v10269163.jpg"}, "original": {"height": 1733, "width": 2600, "url": "https://media-cdn.tripadvisor.com/media/oyster/2600/0a/1f/f0/b3/single-king-room--v10269163.jpg"}}, "album": "Single King Room", "source": {"name": "Expert", "localized_name": "Expert"}}]}