{"location_id": "26356718", "name": "Legends Arcade", "description": "Legends Arcade brings back that fun nostalgic feel of arcade life where one token can give you a whole adventure. With modern mood lighting, a good selection of brews, and a carefully curated soundtrack, Legends Arcade is a one-of-a-kind experience for all ages. In addition to our unique assortment of 50+ arcade machines (retro + modern), pinball and leisure games, we also feature a well-stocked snack bar featuring canned beers, seltzers, and ciders, as well as a variety of juices and sodas. And our selection of chips, candy, and local goodies have your snack needs covered. All ages and family friendly.", "web_url": "https://www.tripadvisor.com/Attraction_Review-g58653-d26356718-Reviews-Legends_Arcade-Olympia_Washington.html?m=66827", "address_obj": {"street1": "109 State Ave NE", "city": "Olympia", "state": "Washington", "country": "United States", "address_string": "109 State Ave NE, Olympia, WA"}, "ancestors": [{"level": "City", "name": "Olympia", "location_id": "58653"}, {"abbrv": "WA", "level": "State", "name": "Washington", "location_id": "28968"}, {"level": "Country", "name": "United States", "location_id": "191"}], "latitude": "47.045525", "longitude": "-122.90135", "timezone": "America/Los_Angeles", "email": "hello@legends-arcade.com", "phone": "+1 360-334-7732", "website": "http://www.legends-arcade.com", "write_review": "https://www.tripadvisor.com/UserReview-g58653-d26356718-Legends_Arcade-Olympia_Washington.html?m=66827", "num_reviews": "0", "photo_count": "0", "see_all_photos": "https://www.tripadvisor.com/Attraction_Review-g58653-d26356718-m66827-Reviews-Legends_Arcade-Olympia_Washington.html#photos", "hours": {"periods": [{"open": {"day": 1, "time": "1200"}, "close": {"day": 1, "time": "2300"}}, {"open": {"day": 2, "time": "1200"}, "close": {"day": 2, "time": "2300"}}, {"open": {"day": 3, "time": "1200"}, "close": {"day": 3, "time": "2300"}}, {"open": {"day": 4, "time": "1200"}, "close": {"day": 4, "time": "2300"}}, {"open": {"day": 5, "time": "1200"}, "close": {"day": 5, "time": "0100"}}, {"open": {"day": 6, "time": "1200"}, "close": {"day": 6, "time": "0100"}}, {"open": {"day": 7, "time": "1200"}, "close": {"day": 7, "time": "2300"}}], "weekday_text": ["Monday: 12:00 - 23:00", "Tuesday: 12:00 - 23:00", "Wednesday: 12:00 - 23:00", "Thursday: 12:00 - 23:00", "Friday: 12:00 - 01:00", "Saturday: 12:00 - 01:00", "Sunday: 12:00 - 23:00"]}, "category": {"name": "attraction", "localized_name": "Attraction"}, "subcategory": [{"name": "fun_games", "localized_name": "Fun & Games"}, {"name": "activities", "localized_name": "Activities"}], "groups": [{"name": "Fun & Games", "localized_name": "Fun & Games", "categories": [{"name": "Game & Entertainment Centers", "localized_name": "Game & Entertainment Centers"}]}], "neighborhood_info": [], "trip_types": [{"name": "business", "localized_name": "Business", "value": "0"}, {"name": "couples", "localized_name": "Couples", "value": "0"}, {"name": "solo", "localized_name": "Solo travel", "value": "0"}, {"name": "family", "localized_name": "Family", "value": "0"}, {"name": "friends", "localized_name": "Friends getaway", "value": "0"}], "awards": []}