{"location_id": "27072730", "name": "Ossa Skinworks", "web_url": "https://www.tripadvisor.com/Attraction_Review-g58653-d27072730-Reviews-Ossa_Skinworks-Olympia_Washington.html?m=66827", "address_obj": {"street1": "109 Capitol Way N", "city": "Olympia", "state": "Washington", "country": "United States", "postalcode": "98501", "address_string": "109 Capitol Way N, Olympia, WA 98501"}, "ancestors": [{"level": "City", "name": "Olympia", "location_id": "58653"}, {"abbrv": "WA", "level": "State", "name": "Washington", "location_id": "28968"}, {"level": "Country", "name": "United States", "location_id": "191"}], "latitude": "47.04529", "longitude": "-122.901886", "timezone": "America/Los_Angeles", "phone": "+1 360-584-9394", "website": "https://ossaskinworks.com/", "write_review": "https://www.tripadvisor.com/UserReview-g58653-d27072730-Ossa_Skinworks-Olympia_Washington.html?m=66827", "num_reviews": "0", "photo_count": "7", "see_all_photos": "https://www.tripadvisor.com/Attraction_Review-g58653-d27072730-m66827-Reviews-Ossa_Skinworks-Olympia_Washington.html#photos", "category": {"name": "attraction", "localized_name": "Attraction"}, "subcategory": [{"name": "wellness_spas", "localized_name": "Spas & Wellness"}, {"name": "activities", "localized_name": "Activities"}], "groups": [{"name": "Spas & Wellness", "localized_name": "Spas & Wellness", "categories": [{"name": "Spas", "localized_name": "Spas"}]}], "neighborhood_info": [], "trip_types": [{"name": "business", "localized_name": "Business", "value": "0"}, {"name": "couples", "localized_name": "Couples", "value": "0"}, {"name": "solo", "localized_name": "Solo travel", "value": "0"}, {"name": "family", "localized_name": "Family", "value": "0"}, {"name": "friends", "localized_name": "Friends getaway", "value": "0"}], "awards": []}