{"data": [{"id": 317359375, "is_blessed": false, "caption": "", "published_date": "2018-05-11T16:13:43.861Z", "images": {"thumbnail": {"height": 50, "width": 50, "url": "https://media-cdn.tripadvisor.com/media/photo-t/12/ea/85/0f/embassy-suites-by-hilton.jpg"}, "small": {"height": 150, "width": 150, "url": "https://media-cdn.tripadvisor.com/media/photo-l/12/ea/85/0f/embassy-suites-by-hilton.jpg"}, "medium": {"height": 167, "width": 250, "url": "https://media-cdn.tripadvisor.com/media/photo-f/12/ea/85/0f/embassy-suites-by-hilton.jpg"}, "large": {"height": 367, "width": 550, "url": "https://media-cdn.tripadvisor.com/media/photo-s/12/ea/85/0f/embassy-suites-by-hilton.jpg"}, "original": {"height": 1333, "width": 2000, "url": "https://media-cdn.tripadvisor.com/media/photo-o/12/ea/85/0f/embassy-suites-by-hilton.jpg"}}, "album": "Hotel & Grounds", "source": {"name": "Management", "localized_name": "Management"}, "user": {"username": "Management"}}, {"id": 331184058, "is_blessed": false, "caption": "", "published_date": "2018-07-17T21:26:21.987Z", "images": {"thumbnail": {"height": 50, "width": 50, "url": "https://media-cdn.tripadvisor.com/media/photo-t/13/bd/77/ba/embassy-suites-by-hilton.jpg"}, "small": {"height": 150, "width": 150, "url": "https://media-cdn.tripadvisor.com/media/photo-l/13/bd/77/ba/embassy-suites-by-hilton.jpg"}, "medium": {"height": 167, "width": 250, "url": "https://media-cdn.tripadvisor.com/media/photo-f/13/bd/77/ba/embassy-suites-by-hilton.jpg"}, "large": {"height": 367, "width": 550, "url": "https://media-cdn.tripadvisor.com/media/photo-s/13/bd/77/ba/embassy-suites-by-hilton.jpg"}, "original": {"height": 853, "width": 1280, "url": "https://media-cdn.tripadvisor.com/media/photo-m/1280/13/bd/77/ba/embassy-suites-by-hilton.jpg"}}, "album": "Hotel & Grounds", "source": {"name": "Management", "localized_name": "Management"}, "user": {"username": "Management"}}, {"id": 317359422, "is_blessed": false, "caption": "", "published_date": "2018-05-11T16:14:03.434Z", "images": {"thumbnail": {"height": 50, "width": 50, "url": "https://media-cdn.tripadvisor.com/media/photo-t/12/ea/85/3e/embassy-suites-by-hilton.jpg"}, "small": {"height": 150, "width": 150, "url": "https://media-cdn.tripadvisor.com/media/photo-l/12/ea/85/3e/embassy-suites-by-hilton.jpg"}, "medium": {"height": 167, "width": 250, "url": "https://media-cdn.tripadvisor.com/media/photo-f/12/ea/85/3e/embassy-suites-by-hilton.jpg"}, "large": {"height": 367, "width": 550, "url": "https://media-cdn.tripadvisor.com/media/photo-s/12/ea/85/3e/embassy-suites-by-hilton.jpg"}, "original": {"height": 1333, "width": 2000, "url": "https://media-cdn.tripadvisor.com/media/photo-o/12/ea/85/3e/embassy-suites-by-hilton.jpg"}}, "album": "Hotel & Grounds", "source": {"name": "Management", "localized_name": "Management"}, "user": {"username": "Management"}}, {"id": 317360035, "is_blessed": false, "caption": "", "published_date": "2018-05-11T16:17:56.794Z", "images": {"thumbnail": {"height": 50, "width": 50, "url": "https://media-cdn.tripadvisor.com/media/photo-t/12/ea/87/a3/embassy-suites-by-hilton.jpg"}, "small": {"height": 150, "width": 150, "url": "https://media-cdn.tripadvisor.com/media/photo-l/12/ea/87/a3/embassy-suites-by-hilton.jpg"}, "medium": {"height": 167, "width": 250, "url": "https://media-cdn.tripadvisor.com/media/photo-f/12/ea/87/a3/embassy-suites-by-hilton.jpg"}, "large": {"height": 367, "width": 550, "url": "https://media-cdn.tripadvisor.com/media/photo-s/12/ea/87/a3/embassy-suites-by-hilton.jpg"}, "original": {"height": 1333, "width": 2000, "url": "https://media-cdn.tripadvisor.com/media/photo-o/12/ea/87/a3/embassy-suites-by-hilton.jpg"}}, "album": "Room/Suite", "source": {"name": "Management", "localized_name": "Management"}, "user": {"username": "Management"}}]}