{"location_id": "150554", "name": "Washington State History Museum", "description": "History museum full of informative displays and artifacts on the history of Washington state.", "web_url": "https://www.tripadvisor.com/Attraction_Review-g58775-d150554-Reviews-Washington_State_History_Museum-Tacoma_Washington.html?m=66827", "address_obj": {"street1": "1911 Pacific Ave", "city": "Tacoma", "state": "Washington", "country": "United States", "postalcode": "98402-3109", "address_string": "1911 Pacific Ave, Tacoma, WA 98402-3109"}, "ancestors": [{"level": "City", "name": "Tacoma", "location_id": "58775"}, {"abbrv": "WA", "level": "State", "name": "Washington", "location_id": "28968"}, {"level": "Country", "name": "United States", "location_id": "191"}], "latitude": "47.24479", "longitude": "-122.43626", "timezone": "America/Los_Angeles", "email": "receptionist@wshs.wa.gov", "phone": "+1 888-238-4373", "website": "http://www.washingtonhistory.org/", "write_review": "https://www.tripadvisor.com/UserReview-g58775-d150554-Washington_State_History_Museum-Tacoma_Washington.html?m=66827", "ranking_data": {"geo_location_id": "58775", "ranking_string": "#10 of 140 things to do in Tacoma", "geo_location_name": "Tacoma", "ranking_out_of": "140", "ranking": "10"}, "rating": "4.4", "rating_image_url": "https://www.tripadvisor.com/img/cdsi/img2/ratings/traveler/4.5-66827-5.svg", "num_reviews": "246", "review_rating_count": {"1": "1", "2": "5", "3": "24", "4": "72", "5": "144"}, "photo_count": "109", "see_all_photos": "https://www.tripadvisor.com/Attraction_Review-g58775-d150554-m66827-Reviews-Washington_State_History_Museum-Tacoma_Washington.html#photos", "hours": {"periods": [{"open": {"day": 2, "time": "1000"}, "close": {"day": 2, "time": "1700"}}, {"open": {"day": 3, "time": "1000"}, "close": {"day": 3, "time": "1700"}}, {"open": {"day": 4, "time": "1000"}, "close": {"day": 4, "time": "1700"}}, {"open": {"day": 5, "time": "1000"}, "close": {"day": 5, "time": "1700"}}, {"open": {"day": 6, "time": "1000"}, "close": {"day": 6, "time": "1700"}}, {"open": {"day": 7, "time": "1000"}, "close": {"day": 7, "time": "1700"}}], "weekday_text": ["Monday: Closed", "Tuesday: 10:00 - 17:00", "Wednesday: 10:00 - 17:00", "Thursday: 10:00 - 17:00", "Friday: 10:00 - 17:00", "Saturday: 10:00 - 17:00", "Sunday: 10:00 - 17:00"]}, "category": {"name": "attraction", "localized_name": "Attraction"}, "subcategory": [{"name": "museums", "localized_name": "Museums"}, {"name": "attractions", "localized_name": "Attractions"}], "groups": [{"name": "Museums", "localized_name": "Museums", "categories": [{"name": "Specialty Museums", "localized_name": "Specialty Museums"}]}], "neighborhood_info": [], "trip_types": [{"name": "business", "localized_name": "Business", "value": "3"}, {"name": "couples", "localized_name": "Couples", "value": "78"}, {"name": "solo", "localized_name": "Solo travel", "value": "20"}, {"name": "family", "localized_name": "Family", "value": "62"}, {"name": "friends", "localized_name": "Friends getaway", "value": "26"}], "awards": []}