{"data": [{"id": 245097733, "is_blessed": false, "caption": "", "published_date": "2017-03-08T03:45:38.385Z", "images": {"thumbnail": {"height": 50, "width": 50, "url": "https://media-cdn.tripadvisor.com/media/photo-t/0e/9b/e5/05/photo0jpg.jpg"}, "small": {"height": 150, "width": 150, "url": "https://media-cdn.tripadvisor.com/media/photo-l/0e/9b/e5/05/photo0jpg.jpg"}, "medium": {"height": 188, "width": 250, "url": "https://media-cdn.tripadvisor.com/media/photo-f/0e/9b/e5/05/photo0jpg.jpg"}, "large": {"height": 413, "width": 550, "url": "https://media-cdn.tripadvisor.com/media/photo-s/0e/9b/e5/05/photo0jpg.jpg"}, "original": {"height": 1536, "width": 2048, "url": "https://media-cdn.tripadvisor.com/media/photo-o/0e/9b/e5/05/photo0jpg.jpg"}}, "album": "Other", "source": {"name": "Traveler", "localized_name": "Traveler"}, "user": {"username": "kikirob"}}, {"id": 37044339, "is_blessed": false, "caption": "Awesome lettuce wraps!", "published_date": "2011-12-07T14:58:18.077Z", "images": {"thumbnail": {"height": 50, "width": 50, "url": "https://media-cdn.tripadvisor.com/media/photo-t/02/35/40/73/awesome-lettuce-wraps.jpg"}, "small": {"height": 150, "width": 150, "url": "https://media-cdn.tripadvisor.com/media/photo-l/02/35/40/73/awesome-lettuce-wraps.jpg"}, "medium": {"height": 186, "width": 250, "url": "https://media-cdn.tripadvisor.com/media/photo-f/02/35/40/73/awesome-lettuce-wraps.jpg"}, "large": {"height": 410, "width": 550, "url": "https://media-cdn.tripadvisor.com/media/photo-s/02/35/40/73/awesome-lettuce-wraps.jpg"}}, "album": "Other", "source": {"name": "Traveler", "localized_name": "Traveler"}, "user": {"username": "MeetingsToGo"}}, {"id": 209189024, "is_blessed": false, "caption": "", "published_date": "2016-08-11T00:56:16.919Z", "images": {"thumbnail": {"height": 50, "width": 50, "url": "https://media-cdn.tripadvisor.com/media/photo-t/0c/77/f8/a0/20160810-131527-largejpg.jpg"}, "small": {"height": 150, "width": 150, "url": "https://media-cdn.tripadvisor.com/media/photo-l/0c/77/f8/a0/20160810-131527-largejpg.jpg"}, "medium": {"height": 141, "width": 250, "url": "https://media-cdn.tripadvisor.com/media/photo-f/0c/77/f8/a0/20160810-131527-largejpg.jpg"}, "large": {"height": 309, "width": 550, "url": "https://media-cdn.tripadvisor.com/media/photo-s/0c/77/f8/a0/20160810-131527-largejpg.jpg"}, "original": {"height": 747, "width": 1328, "url": "https://media-cdn.tripadvisor.com/media/photo-o/0c/77/f8/a0/20160810-131527-largejpg.jpg"}}, "album": "Other", "source": {"name": "Traveler", "localized_name": "Traveler"}, "user": {"username": "andrewbmusic"}}, {"id": 138298185, "is_blessed": false, "caption": "An experience worth remembering! The photos speak for themselves. :)", "published_date": "2015-07-01T04:57:56.87Z", "images": {"thumbnail": {"height": 50, "width": 50, "url": "https://media-cdn.tripadvisor.com/media/photo-t/08/3e/43/49/an-experience-worth-rememberin.jpg"}, "small": {"height": 150, "width": 150, "url": "https://media-cdn.tripadvisor.com/media/photo-l/08/3e/43/49/an-experience-worth-rememberin.jpg"}, "medium": {"height": 188, "width": 250, "url": "https://media-cdn.tripadvisor.com/media/photo-f/08/3e/43/49/an-experience-worth-rememberin.jpg"}, "large": {"height": 413, "width": 550, "url": "https://media-cdn.tripadvisor.com/media/photo-s/08/3e/43/49/an-experience-worth-rememberin.jpg"}, "original": {"height": 1536, "width": 2048, "url": "https://media-cdn.tripadvisor.com/media/photo-o/08/3e/43/49/an-experience-worth-rememberin.jpg"}}, "album": "Other", "source": {"name": "Traveler", "localized_name": "Traveler"}, "user": {"username": "01Newyearsbaby"}}]}