{"location_id": "12590035", "name": "Starbucks", "web_url": "https://www.tripadvisor.com/Restaurant_Review-g58775-d12590035-Reviews-Starbucks-Tacoma_Washington.html?m=66827", "address_obj": {"street1": "1748 Pacific Ave", "city": "Tacoma", "state": "Washington", "country": "United States", "postalcode": "98402-3215", "address_string": "1748 Pacific Ave, Tacoma, WA 98402-3215"}, "ancestors": [{"level": "City", "name": "Tacoma", "location_id": "58775"}, {"abbrv": "WA", "level": "State", "name": "Washington", "location_id": "28968"}, {"level": "Country", "name": "United States", "location_id": "191"}], "latitude": "47.24551", "longitude": "-122.43735", "timezone": "America/Los_Angeles", "phone": "+1 253-573-1789", "website": "http://www.starbucks.com", "write_review": "https://www.tripadvisor.com/UserReview-g58775-d12590035-Starbucks-Tacoma_Washington.html?m=66827", "ranking_data": {"geo_location_id": "58775", "ranking_string": "#280 of 837 Places to Eat in Tacoma", "geo_location_name": "Tacoma", "ranking_out_of": "837", "ranking": "280"}, "rating": "4.3", "rating_image_url": "https://www.tripadvisor.com/img/cdsi/img2/ratings/traveler/4.5-66827-5.svg", "num_reviews": "4", "review_rating_count": {"1": "0", "2": "0", "3": "0", "4": "3", "5": "1"}, "subratings": {"0": {"name": "rate_food", "localized_name": "Food", "rating_image_url": "https://static.tacdn.com/img2/ratings/traveler/ss4.0.svg", "value": "4.0"}, "1": {"name": "rate_service", "localized_name": "Service", "rating_image_url": "https://static.tacdn.com/img2/ratings/traveler/ss4.0.svg", "value": "4.0"}, "2": {"name": "rate_value", "localized_name": "Value", "rating_image_url": "https://static.tacdn.com/img2/ratings/traveler/ss4.0.svg", "value": "4.0"}}, "photo_count": "0", "see_all_photos": "https://www.tripadvisor.com/Restaurant_Review-g58775-d12590035-m66827-Reviews-Starbucks-Tacoma_Washington.html#photos", "hours": {"periods": [{"open": {"day": 1, "time": "0600"}, "close": {"day": 1, "time": "1800"}}, {"open": {"day": 2, "time": "0600"}, "close": {"day": 2, "time": "1800"}}, {"open": {"day": 3, "time": "0600"}, "close": {"day": 3, "time": "1800"}}, {"open": {"day": 4, "time": "0600"}, "close": {"day": 4, "time": "1800"}}, {"open": {"day": 5, "time": "0600"}, "close": {"day": 5, "time": "1800"}}, {"open": {"day": 6, "time": "0700"}, "close": {"day": 6, "time": "1530"}}], "weekday_text": ["Monday: 06:00 - 18:00", "Tuesday: 06:00 - 18:00", "Wednesday: 06:00 - 18:00", "Thursday: 06:00 - 18:00", "Friday: 06:00 - 18:00", "Saturday: 07:00 - 15:30", "Sunday: Closed"]}, "features": [], "cuisine": [{"name": "american", "localized_name": "American"}], "category": {"name": "restaurant", "localized_name": "Restaurant"}, "subcategory": [], "neighborhood_info": [], "trip_types": [{"name": "business", "localized_name": "Business", "value": "1"}, {"name": "couples", "localized_name": "Couples", "value": "1"}, {"name": "solo", "localized_name": "Solo travel", "value": "1"}, {"name": "family", "localized_name": "Family", "value": "0"}, {"name": "friends", "localized_name": "Friends getaway", "value": "1"}], "awards": []}