{"location_id": "26991889", "name": "Juicy Cafe", "web_url": "https://www.tripadvisor.com/Restaurant_Review-g60878-d26991889-Reviews-Juicy_Cafe-Seattle_Washington.html?m=66827", "address_obj": {"street1": "701 5th Ave", "city": "Seattle", "state": "Washington", "country": "United States", "postalcode": "98104-1915", "address_string": "701 5th Ave, Seattle, WA 98104-1915"}, "ancestors": [{"level": "City", "name": "Seattle", "location_id": "60878"}, {"abbrv": "WA", "level": "State", "name": "Washington", "location_id": "28968"}, {"level": "Country", "name": "United States", "location_id": "191"}], "latitude": "47.60452", "longitude": "-122.33068", "timezone": "America/Los_Angeles", "phone": "+1 206-623-1440", "website": "http://www.thejuicycafe.com", "write_review": "https://www.tripadvisor.com/UserReview-g60878-d26991889-Juicy_Cafe-Seattle_Washington.html?m=66827", "num_reviews": "0", "subratings": {}, "photo_count": "0", "see_all_photos": "https://www.tripadvisor.com/Restaurant_Review-g60878-d26991889-m66827-Reviews-Juicy_Cafe-Seattle_Washington.html#photos", "features": [], "cuisine": [], "category": {"name": "restaurant", "localized_name": "Restaurant"}, "subcategory": [], "neighborhood_info": [], "trip_types": [{"name": "business", "localized_name": "Business", "value": "0"}, {"name": "couples", "localized_name": "Couples", "value": "0"}, {"name": "solo", "localized_name": "Solo travel", "value": "0"}, {"name": "family", "localized_name": "Family", "value": "0"}, {"name": "friends", "localized_name": "Friends getaway", "value": "0"}], "awards": []}