{"data": [{"id": 706153990, "is_blessed": false, "caption": "Step into our serene massage spa and immerse yourself in our ambient waiting area. Designed to create a soothing atmosphere, our comfortable seating, calming music, and soft lighting provide the perfect space to unwind before your rejuvenating treatment. Relaxation begins the moment you arrive as you soak in the tranquil ambiance that sets the stage for a blissful experience. Discover the ultimate oasis of tranquility in our meticulously crafted waiting area at our premier massage spa.", "published_date": "2023-08-18T21:58:13.437Z", "images": {"thumbnail": {"height": 50, "width": 50, "url": "https://media-cdn.tripadvisor.com/media/photo-t/2a/17/0e/06/step-into-our-serene.jpg"}, "small": {"height": 150, "width": 150, "url": "https://media-cdn.tripadvisor.com/media/photo-l/2a/17/0e/06/step-into-our-serene.jpg"}, "medium": {"height": 167, "width": 250, "url": "https://media-cdn.tripadvisor.com/media/photo-f/2a/17/0e/06/step-into-our-serene.jpg"}, "large": {"height": 367, "width": 550, "url": "https://media-cdn.tripadvisor.com/media/photo-s/2a/17/0e/06/step-into-our-serene.jpg"}, "original": {"height": 854, "width": 1280, "url": "https://media-cdn.tripadvisor.com/media/photo-m/1280/2a/17/0e/06/step-into-our-serene.jpg"}}, "album": "Other", "source": {"name": "Management", "localized_name": "Management"}, "user": {"username": "Management"}}, {"id": 706153987, "is_blessed": false, "caption": "Indulge in the ultimate relaxation experience in our carefully crafted sauna room. Immerse yourself in the soothing heat and detoxify your body in this serene sanctuary. Our thoughtfully designed sauna features chromotherapy lighting, customizable temperature settings, & soothing music channels. Escape the stresses of everyday life and rejuvenate your mind, body, and soul in our meticulously curated sauna room. Discover true tranquility and wellness at our esteemed spa.", "published_date": "2023-08-18T21:58:07.795Z", "images": {"thumbnail": {"height": 50, "width": 50, "url": "https://media-cdn.tripadvisor.com/media/photo-t/2a/17/0e/03/indulge-in-the-ultimate.jpg"}, "small": {"height": 150, "width": 150, "url": "https://media-cdn.tripadvisor.com/media/photo-l/2a/17/0e/03/indulge-in-the-ultimate.jpg"}, "medium": {"height": 167, "width": 250, "url": "https://media-cdn.tripadvisor.com/media/photo-f/2a/17/0e/03/indulge-in-the-ultimate.jpg"}, "large": {"height": 367, "width": 550, "url": "https://media-cdn.tripadvisor.com/media/photo-s/2a/17/0e/03/indulge-in-the-ultimate.jpg"}, "original": {"height": 854, "width": 1280, "url": "https://media-cdn.tripadvisor.com/media/photo-m/1280/2a/17/0e/03/indulge-in-the-ultimate.jpg"}}, "album": "Other", "source": {"name": "Management", "localized_name": "Management"}, "user": {"username": "Management"}}, {"id": 706153967, "is_blessed": false, "caption": "Looking for the perfect gift that will pamper your loved ones? Look no further than our spa gift cards. Treat them to a blissful escape and let them choose from a variety of luxurious spa treatments. With our spa gift cards, you'll be giving the gift of relaxation and rejuvenation. During their Massage they'll have the freedom to customize their own spa experience. It's the ultimate gift of self-care and indulgence. Purchase your spa gift card today and make their day!", "published_date": "2023-08-18T21:57:59.821Z", "images": {"thumbnail": {"height": 50, "width": 50, "url": "https://media-cdn.tripadvisor.com/media/photo-t/2a/17/0d/ef/looking-for-the-perfect.jpg"}, "small": {"height": 150, "width": 150, "url": "https://media-cdn.tripadvisor.com/media/photo-l/2a/17/0d/ef/looking-for-the-perfect.jpg"}, "medium": {"height": 196, "width": 250, "url": "https://media-cdn.tripadvisor.com/media/photo-f/2a/17/0d/ef/looking-for-the-perfect.jpg"}, "large": {"height": 432, "width": 550, "url": "https://media-cdn.tripadvisor.com/media/photo-s/2a/17/0d/ef/looking-for-the-perfect.jpg"}, "original": {"height": 1006, "width": 1280, "url": "https://media-cdn.tripadvisor.com/media/photo-m/1280/2a/17/0d/ef/looking-for-the-perfect.jpg"}}, "album": "Other", "source": {"name": "Management", "localized_name": "Management"}, "user": {"username": "Management"}}, {"id": 706153955, "is_blessed": false, "caption": "Welcome to Ballaura Wellness Spa, where our front desk team offer a warm and inviting experience. Our friendly and knowledgeable staff is dedicated to providing exceptional customer service, ensuring a seamless and personalized journey from check-in to departure. Discover tranquility from the moment you arrive, as our reception team assists with scheduling appointments, answering queries, and creating an atmosphere of relaxation and well-being. Experience the epitome of hospitality.", "published_date": "2023-08-18T21:57:54.579Z", "images": {"thumbnail": {"height": 50, "width": 50, "url": "https://media-cdn.tripadvisor.com/media/photo-t/2a/17/0d/e3/welcome-to-ballaura-wellness.jpg"}, "small": {"height": 150, "width": 150, "url": "https://media-cdn.tripadvisor.com/media/photo-l/2a/17/0d/e3/welcome-to-ballaura-wellness.jpg"}, "medium": {"height": 167, "width": 250, "url": "https://media-cdn.tripadvisor.com/media/photo-f/2a/17/0d/e3/welcome-to-ballaura-wellness.jpg"}, "large": {"height": 367, "width": 550, "url": "https://media-cdn.tripadvisor.com/media/photo-s/2a/17/0d/e3/welcome-to-ballaura-wellness.jpg"}, "original": {"height": 854, "width": 1280, "url": "https://media-cdn.tripadvisor.com/media/photo-m/1280/2a/17/0d/e3/welcome-to-ballaura-wellness.jpg"}}, "album": "Other", "source": {"name": "Management", "localized_name": "Management"}, "user": {"username": "Management"}}]}