{"data": [{"id": 105202926, "is_blessed": false, "caption": "Guestroom Bed", "published_date": "2014-07-28T19:34:12.477Z", "images": {"thumbnail": {"height": 50, "width": 50, "url": "https://media-cdn.tripadvisor.com/media/photo-t/06/45/44/ee/hotel-vintage-a-kimpton.jpg"}, "small": {"height": 150, "width": 150, "url": "https://media-cdn.tripadvisor.com/media/photo-l/06/45/44/ee/hotel-vintage-a-kimpton.jpg"}, "medium": {"height": 158, "width": 250, "url": "https://media-cdn.tripadvisor.com/media/photo-f/06/45/44/ee/hotel-vintage-a-kimpton.jpg"}, "large": {"height": 347, "width": 550, "url": "https://media-cdn.tripadvisor.com/media/photo-s/06/45/44/ee/hotel-vintage-a-kimpton.jpg"}, "original": {"height": 632, "width": 1000, "url": "https://media-cdn.tripadvisor.com/media/photo-o/06/45/44/ee/hotel-vintage-a-kimpton.jpg"}}, "album": "Room/Suite", "source": {"name": "Management", "localized_name": "Management"}, "user": {"username": "Management"}}, {"id": 100199483, "is_blessed": false, "caption": "King Reserve Room Desk", "published_date": "2014-06-05T00:50:32.577Z", "images": {"thumbnail": {"height": 50, "width": 50, "url": "https://media-cdn.tripadvisor.com/media/photo-t/05/f8/ec/3b/hotel-vintage-a-kimpton.jpg"}, "small": {"height": 150, "width": 150, "url": "https://media-cdn.tripadvisor.com/media/photo-l/05/f8/ec/3b/hotel-vintage-a-kimpton.jpg"}, "medium": {"height": 166, "width": 250, "url": "https://media-cdn.tripadvisor.com/media/photo-f/05/f8/ec/3b/hotel-vintage-a-kimpton.jpg"}, "large": {"height": 366, "width": 550, "url": "https://media-cdn.tripadvisor.com/media/photo-s/05/f8/ec/3b/hotel-vintage-a-kimpton.jpg"}, "original": {"height": 667, "width": 1000, "url": "https://media-cdn.tripadvisor.com/media/photo-o/05/f8/ec/3b/hotel-vintage-a-kimpton.jpg"}}, "album": "Room/Suite", "source": {"name": "Management", "localized_name": "Management"}, "user": {"username": "Management"}}, {"id": 100199485, "is_blessed": false, "caption": "King Reserve Room", "published_date": "2014-06-05T00:50:35.586Z", "images": {"thumbnail": {"height": 50, "width": 50, "url": "https://media-cdn.tripadvisor.com/media/photo-t/05/f8/ec/3d/hotel-vintage-a-kimpton.jpg"}, "small": {"height": 150, "width": 150, "url": "https://media-cdn.tripadvisor.com/media/photo-l/05/f8/ec/3d/hotel-vintage-a-kimpton.jpg"}, "medium": {"height": 166, "width": 250, "url": "https://media-cdn.tripadvisor.com/media/photo-f/05/f8/ec/3d/hotel-vintage-a-kimpton.jpg"}, "large": {"height": 366, "width": 550, "url": "https://media-cdn.tripadvisor.com/media/photo-s/05/f8/ec/3d/hotel-vintage-a-kimpton.jpg"}, "original": {"height": 667, "width": 1000, "url": "https://media-cdn.tripadvisor.com/media/photo-o/05/f8/ec/3d/hotel-vintage-a-kimpton.jpg"}}, "album": "Room/Suite", "source": {"name": "Management", "localized_name": "Management"}, "user": {"username": "Management"}}, {"id": 100199496, "is_blessed": false, "caption": "Chateau Ste. Michelle Suite Fireplace", "published_date": "2014-06-05T00:50:44.521Z", "images": {"thumbnail": {"height": 50, "width": 50, "url": "https://media-cdn.tripadvisor.com/media/photo-t/05/f8/ec/48/hotel-vintage-a-kimpton.jpg"}, "small": {"height": 150, "width": 150, "url": "https://media-cdn.tripadvisor.com/media/photo-l/05/f8/ec/48/hotel-vintage-a-kimpton.jpg"}, "medium": {"height": 166, "width": 250, "url": "https://media-cdn.tripadvisor.com/media/photo-f/05/f8/ec/48/hotel-vintage-a-kimpton.jpg"}, "large": {"height": 366, "width": 550, "url": "https://media-cdn.tripadvisor.com/media/photo-s/05/f8/ec/48/hotel-vintage-a-kimpton.jpg"}, "original": {"height": 667, "width": 1000, "url": "https://media-cdn.tripadvisor.com/media/photo-o/05/f8/ec/48/hotel-vintage-a-kimpton.jpg"}}, "album": "Room/Suite", "source": {"name": "Management", "localized_name": "Management"}, "user": {"username": "Management"}}]}