{"data": [{"id": 20150080, "is_blessed": false, "caption": "Downtown TacomaHistorical Museum", "published_date": "2009-07-29T04:43:38.41Z", "images": {"thumbnail": {"height": 50, "width": 50, "url": "https://media-cdn.tripadvisor.com/media/photo-t/01/33/77/40/downtown-tacoma-historical.jpg"}, "small": {"height": 150, "width": 150, "url": "https://media-cdn.tripadvisor.com/media/photo-l/01/33/77/40/downtown-tacoma-historical.jpg"}, "medium": {"height": 187, "width": 250, "url": "https://media-cdn.tripadvisor.com/media/photo-f/01/33/77/40/downtown-tacoma-historical.jpg"}, "large": {"height": 412, "width": 550, "url": "https://media-cdn.tripadvisor.com/media/photo-s/01/33/77/40/downtown-tacoma-historical.jpg"}, "original": {"height": 453, "width": 604, "url": "https://media-cdn.tripadvisor.com/media/photo-o/01/33/77/40/downtown-tacoma-historical.jpg"}}, "album": "Other", "source": {"name": "Traveler", "localized_name": "Traveler"}, "user": {"username": "cancan1959"}}, {"id": 205267167, "is_blessed": false, "caption": "Chihuly art at 2nd floor", "published_date": "2016-07-25T23:20:05.935Z", "images": {"thumbnail": {"height": 50, "width": 50, "url": "https://media-cdn.tripadvisor.com/media/photo-t/0c/3c/20/df/chihuly-art-at-2nd-floor.jpg"}, "small": {"height": 150, "width": 150, "url": "https://media-cdn.tripadvisor.com/media/photo-l/0c/3c/20/df/chihuly-art-at-2nd-floor.jpg"}, "medium": {"height": 167, "width": 250, "url": "https://media-cdn.tripadvisor.com/media/photo-f/0c/3c/20/df/chihuly-art-at-2nd-floor.jpg"}, "large": {"height": 367, "width": 550, "url": "https://media-cdn.tripadvisor.com/media/photo-s/0c/3c/20/df/chihuly-art-at-2nd-floor.jpg"}, "original": {"height": 1333, "width": 2000, "url": "https://media-cdn.tripadvisor.com/media/photo-o/0c/3c/20/df/chihuly-art-at-2nd-floor.jpg"}}, "album": "Other", "source": {"name": "Traveler", "localized_name": "Traveler"}, "user": {"username": "300stany"}}, {"id": 188981985, "is_blessed": false, "caption": "Inside Union Station", "published_date": "2016-05-14T16:50:10.422Z", "images": {"thumbnail": {"height": 50, "width": 50, "url": "https://media-cdn.tripadvisor.com/media/photo-t/0b/43/a2/e1/inside-union-station.jpg"}, "small": {"height": 150, "width": 150, "url": "https://media-cdn.tripadvisor.com/media/photo-l/0b/43/a2/e1/inside-union-station.jpg"}, "medium": {"height": 141, "width": 250, "url": "https://media-cdn.tripadvisor.com/media/photo-f/0b/43/a2/e1/inside-union-station.jpg"}, "large": {"height": 311, "width": 550, "url": "https://media-cdn.tripadvisor.com/media/photo-s/0b/43/a2/e1/inside-union-station.jpg"}, "original": {"height": 1131, "width": 2000, "url": "https://media-cdn.tripadvisor.com/media/photo-o/0b/43/a2/e1/inside-union-station.jpg"}}, "album": "Other", "source": {"name": "Traveler", "localized_name": "Traveler"}, "user": {"username": "rabeehag"}}, {"id": 169199253, "is_blessed": false, "caption": "looks like morning glories", "published_date": "2016-01-19T18:34:46.817Z", "images": {"thumbnail": {"height": 50, "width": 50, "url": "https://media-cdn.tripadvisor.com/media/photo-t/0a/15/c6/95/union-station.jpg"}, "small": {"height": 150, "width": 150, "url": "https://media-cdn.tripadvisor.com/media/photo-l/0a/15/c6/95/union-station.jpg"}, "medium": {"height": 166, "width": 250, "url": "https://media-cdn.tripadvisor.com/media/photo-f/0a/15/c6/95/union-station.jpg"}, "large": {"height": 365, "width": 550, "url": "https://media-cdn.tripadvisor.com/media/photo-s/0a/15/c6/95/union-station.jpg"}, "original": {"height": 1328, "width": 2000, "url": "https://media-cdn.tripadvisor.com/media/photo-o/0a/15/c6/95/union-station.jpg"}}, "album": "Other", "source": {"name": "Traveler", "localized_name": "Traveler"}, "user": {"username": "JuneL"}}]}