{"location_id": "28182720", "name": "Studio 103", "web_url": "https://www.tripadvisor.com/Attraction_Review-g60878-d28182720-Reviews-Studio_103-Seattle_Washington.html?m=66827", "address_obj": {"street1": "306 S Washington St", "city": "Seattle", "state": "Washington", "country": "United States", "postalcode": "98104-2616", "address_string": "306 S Washington St, Seattle, WA 98104-2616"}, "ancestors": [{"level": "City", "name": "Seattle", "location_id": "60878"}, {"abbrv": "WA", "level": "State", "name": "Washington", "location_id": "28968"}, {"level": "Country", "name": "United States", "location_id": "191"}], "latitude": "47.600975", "longitude": "-122.33006", "timezone": "America/Los_Angeles", "phone": "+1 425-821-0841", "website": "http://www.studio103gallerytk.com/", "write_review": "https://www.tripadvisor.com/UserReview-g60878-d28182720-Studio_103-Seattle_Washington.html?m=66827", "num_reviews": "0", "photo_count": "0", "see_all_photos": "https://www.tripadvisor.com/Attraction_Review-g60878-d28182720-m66827-Reviews-Studio_103-Seattle_Washington.html#photos", "category": {"name": "attraction", "localized_name": "Attraction"}, "subcategory": [{"name": "shopping", "localized_name": "Shopping"}, {"name": "museums", "localized_name": "Museums"}, {"name": "attractions", "localized_name": "Attractions"}], "groups": [{"name": "Shopping", "localized_name": "Shopping", "categories": [{"name": "Art Galleries", "localized_name": "Art Galleries"}]}, {"name": "Museums", "localized_name": "Museums", "categories": [{"name": "Art Galleries", "localized_name": "Art Galleries"}]}], "neighborhood_info": [], "trip_types": [{"name": "business", "localized_name": "Business", "value": "0"}, {"name": "couples", "localized_name": "Couples", "value": "0"}, {"name": "solo", "localized_name": "Solo travel", "value": "0"}, {"name": "family", "localized_name": "Family", "value": "0"}, {"name": "friends", "localized_name": "Friends getaway", "value": "0"}], "awards": []}