{"location_id": "13455719", "name": "Sushi Kudasai", "web_url": "https://www.tripadvisor.com/Restaurant_Review-g60878-d13455719-Reviews-Sushi_Kudasai-Seattle_Washington.html?m=66827", "address_obj": {"street1": "701 5th Ave", "street2": "Ste 113", "city": "Seattle", "state": "Washington", "country": "United States", "postalcode": "98104-7097", "address_string": "701 5th Ave Ste 113, Seattle, WA 98104-7097"}, "ancestors": [{"level": "City", "name": "Seattle", "location_id": "60878"}, {"abbrv": "WA", "level": "State", "name": "Washington", "location_id": "28968"}, {"level": "Country", "name": "United States", "location_id": "191"}], "latitude": "47.60453", "longitude": "-122.33061", "timezone": "America/Los_Angeles", "phone": "+1 206-257-0930", "website": "http://www.sushikudasaiseattle.com/contact/", "write_review": "https://www.tripadvisor.com/UserReview-g60878-d13455719-Sushi_Kudasai-Seattle_Washington.html?m=66827", "num_reviews": "0", "subratings": {}, "photo_count": "0", "see_all_photos": "https://www.tripadvisor.com/Restaurant_Review-g60878-d13455719-m66827-Reviews-Sushi_Kudasai-Seattle_Washington.html#photos", "hours": {"periods": [{"open": {"day": 1, "time": "1000"}, "close": {"day": 1, "time": "1600"}}, {"open": {"day": 2, "time": "1000"}, "close": {"day": 2, "time": "1600"}}, {"open": {"day": 3, "time": "1000"}, "close": {"day": 3, "time": "1600"}}, {"open": {"day": 4, "time": "1000"}, "close": {"day": 4, "time": "1600"}}, {"open": {"day": 5, "time": "1000"}, "close": {"day": 5, "time": "1600"}}], "weekday_text": ["Monday: 10:00 - 16:00", "Tuesday: 10:00 - 16:00", "Wednesday: 10:00 - 16:00", "Thursday: 10:00 - 16:00", "Friday: 10:00 - 16:00", "Saturday: Closed", "Sunday: Closed"]}, "features": [], "cuisine": [], "category": {"name": "restaurant", "localized_name": "Restaurant"}, "subcategory": [], "neighborhood_info": [], "trip_types": [{"name": "business", "localized_name": "Business", "value": "0"}, {"name": "couples", "localized_name": "Couples", "value": "0"}, {"name": "solo", "localized_name": "Solo travel", "value": "0"}, {"name": "family", "localized_name": "Family", "value": "0"}, {"name": "friends", "localized_name": "Friends getaway", "value": "0"}], "awards": []}